************************************* NUIT decay library **************************************
3820
10010    H1      0       0.000000000E+00   0.000000000E+00   0.000000000E+00   0.000000000E+00   0.000000000E+00 
10020    H2      0       0.000000000E+00   0.000000000E+00   0.000000000E+00   0.000000000E+00   0.000000000E+00 
10030    H3      1       1.782833647E-09   5.690000000E-03   5.690000000E-03   0.000000000E+00   0.000000000E+00 
                 100000  1.000000000E+00 
10040    H4      1       6.996878627E+21   2.880390000E+00   0.000000000E+00   0.000000000E+00   2.880390000E+00 
                 500000  1.000000000E+00 
10050    H5      1       8.670051153E+21   2.000000000E-01   0.000000000E+00   0.000000000E+00   2.000000000E-01 
                 500000  1.000000000E+00 
10060    H6      1       2.433700759E+21   9.000000000E-01   0.000000000E+00   0.000000000E+00   9.000000000E-01 
                 500000  1.000000000E+00 
10070    H7      1       3.013683394E+22   1.074000000E-01   0.000000000E+00   0.000000000E+00   1.074000000E-01 
                 550000  1.000000000E+00 
20030    He3     0       0.000000000E+00   0.000000000E+00   0.000000000E+00   0.000000000E+00   0.000000000E+00 
20040    He4     0       0.000000000E+00   0.000000000E+00   0.000000000E+00   0.000000000E+00   0.000000000E+00 
20050    He5     1       9.126361824E+20   8.900000000E-01   0.000000000E+00   0.000000000E+00   8.900000000E-01 
                 400000  1.000000000E+00 
20060    He6     1       8.592378586E-01   1.567620000E+00   1.567620000E+00   0.000000000E+00   0.000000000E+00 
                 100000  1.000000000E+00 
20070    He7     1       2.281590456E+20   4.030000000E-01   0.000000000E+00   0.000000000E+00   4.030000000E-01 
                 500000  1.000000000E+00 
20080    He8     2       5.819875571E+00   5.185336000E+00   4.362136000E+00   8.232000000E-01   0.000000000E+00 
                 100000  8.400000000E-01 
                 150000  1.600000000E-01 
20090    He9     1       9.902102579E+19   1.000000000E-01   0.000000000E+00   0.000000000E+00   1.000000000E-01 
                 500000  1.000000000E+00 
20100    He10    1       4.563180912E+20   9.576800000E-01   0.000000000E+00   0.000000000E+00   9.576800000E-01 
                 500000  1.000000000E+00 
30040    Li4     1       9.171998404E+21   3.103000000E+00   0.000000000E+00   0.000000000E+00   3.103000000E+00 
                 700000  1.000000000E+00 
30050    Li5     1       2.258779607E+21   1.965000000E+00   0.000000000E+00   0.000000000E+00   1.965000000E+00 
                 400000  1.000000000E+00 
30060    Li6     0       0.000000000E+00   0.000000000E+00   0.000000000E+00   0.000000000E+00   0.000000000E+00 
30070    Li7     0       0.000000000E+00   0.000000000E+00   0.000000000E+00   0.000000000E+00   0.000000000E+00 
30080    Li8     1       8.271446069E-01   9.362853100E+00   6.204620000E+00   3.298310000E-02   3.125250000E+00 
                 140000  1.000000000E+00 
30090    Li9     2       3.887533262E+00   5.726145700E+00   5.696250000E+00   2.989570000E-02   0.000000000E+00 
                 100000  5.050000000E-01 
                 150000  4.950000000E-01 
30100    Li10    1       3.465735903E+20   2.640000000E-02   0.000000000E+00   0.000000000E+00   2.640000000E-02 
                 500000  1.000000000E+00 
30110    Li11    1       8.069233767E+01   1.370066600E+01   6.850333000E+00   6.850333000E+00   0.000000000E+00 
                 100000  1.000000000E+00 
30120    Li12    1       6.931471806E+07   1.200000000E-01   0.000000000E+00   0.000000000E+00   1.200000000E-01 
                 500000  1.000000000E+00 
40050    Be5     1       6.931471806E+08   4.527000000E+00   0.000000000E+00   0.000000000E+00   4.527000000E+00 
                 700000  1.000000000E+00 
40060    Be6     1       1.399375725E+20   1.372000000E+00   0.000000000E+00   0.000000000E+00   1.372000000E+00 
                 770000  1.000000000E+00 
40070    Be7     1       1.507428939E-07   4.986181000E-02   0.000000000E+00   4.986181000E-02   0.000000000E+00 
                 200000  1.000000000E+00 
40080    Be8     1       8.472314743E+15   9.184000000E-02   0.000000000E+00   0.000000000E+00   9.184000000E-02 
                 400000  1.000000000E+00 
40090    Be9     0       0.000000000E+00   0.000000000E+00   0.000000000E+00   0.000000000E+00   0.000000000E+00 
40100    Be10    1       1.454602494E-14   2.025600000E-01   2.025600000E-01   0.000000000E+00   0.000000000E+00 
                 100000  1.000000000E+00 
40110    Be11    2       5.019168578E-02   7.501115930E+00   3.739533000E+00   3.739533000E+00   2.204993000E-02 
                 100000  9.690000000E-01 
                 140000  3.100000000E-02 
40120    Be12    1       3.254212115E+01   5.614900000E+00   5.614900000E+00   0.000000000E+00   0.000000000E+00 
                 100000  1.000000000E+00 
40130    Be13    1       2.567211780E+20   1.000000000E-01   0.000000000E+00   0.000000000E+00   1.000000000E-01 
                 500000  1.000000000E+00 
40140    Be14    3       1.593441794E+02   1.129793000E+01   3.993282000E+00   3.993282000E+00   3.311366000E+00 
                 100000  1.400000000E-01 
                 150000  8.100000000E-01 
                 155000  5.000000000E-02 
40150    Be15    1       3.465735903E+06   1.772000000E+00   0.000000000E+00   0.000000000E+00   1.772000000E+00 
                 500000  1.000000000E+00 
40160    Be16    1       3.465735903E+06   1.581000000E+00   0.000000000E+00   0.000000000E+00   1.581000000E+00 
                 550000  1.000000000E+00 
50060    B6      1       6.931471806E+08   7.419000000E+00   0.000000000E+00   0.000000000E+00   7.419000000E+00 
                 770000  1.000000000E+00 
50070    B7      1       2.129484426E+21   2.206640000E+00   0.000000000E+00   0.000000000E+00   2.206640000E+00 
                 700000  1.000000000E+00 
50080    B8      1       9.001911436E-01   1.355380800E+01   4.517936000E+00   4.517936000E+00   4.517936000E+00 
                 240000  1.000000000E+00 
50090    B9      1       8.213734294E+17   1.858300000E-01   0.000000000E+00   0.000000000E+00   1.858300000E-01 
                 700000  1.000000000E+00 
50100    B10     0       0.000000000E+00   0.000000000E+00   0.000000000E+00   0.000000000E+00   0.000000000E+00 
50110    B11     0       0.000000000E+00   0.000000000E+00   0.000000000E+00   0.000000000E+00   0.000000000E+00 
50120    B12     1       3.431421686E+01   6.406833760E+00   6.352246000E+00   5.458776000E-02   0.000000000E+00 
                 100000  1.000000000E+00 
50130    B13     1       3.992783298E+01   6.678216800E+00   6.352861000E+00   3.253558000E-01   0.000000000E+00 
                 100000  1.000000000E+00 
50140    B14     1       5.545177444E+01   1.302102000E+01   7.084735000E+00   5.936285000E+00   0.000000000E+00 
                 100000  1.000000000E+00 
50150    B15     3       6.980334145E+01   1.334523500E+01   4.575684000E+00   4.575684000E+00   4.193867000E+00 
                 100000  6.000000000E-02 
                 150000  9.360000000E-01 
                 155000  4.000000000E-03 
50160    B16     1       3.648143056E+09   8.500000000E-02   0.000000000E+00   0.000000000E+00   8.500000000E-02 
                 500000  1.000000000E+00 
50170    B17     5       1.364462954E+02   1.582107600E+01   5.632788000E+00   5.632788000E+00   4.555500000E+00 
                 100000  2.210000000E-01 
                 150000  6.300000000E-01 
                 155000  1.100000000E-01 
                 155500  3.500000000E-02 
                 155550  4.000000000E-03 
50180    B18     1       2.665950694E+07   4.800000000E-01   0.000000000E+00   0.000000000E+00   4.800000000E-01 
                 500000  1.000000000E+00 
50190    B19     3       2.373791714E+02   1.911229200E+01   6.491848000E+00   6.491848000E+00   6.128596000E+00 
                 150000  7.200000000E-01 
                 100000  1.200000000E-01 
                 155000  1.600000000E-01 
60080    C8      1       3.498446376E+20   2.141000000E+00   0.000000000E+00   0.000000000E+00   2.141000000E+00 
                 770000  1.000000000E+00 
60090    C9      2       5.479424352E+00   1.197041700E+01   3.990139000E+00   3.990139000E+00   3.990139000E+00 
                 270000  6.160000000E-01 
                 240000  3.840000000E-01 
60100    C10     1       3.593297981E-02   2.562080900E+00   8.072069000E-01   1.754874000E+00   0.000000000E+00 
                 200000  1.000000000E+00 
60110    C11     1       5.667134172E-04   1.404206100E+00   3.846711000E-01   1.019535000E+00   0.000000000E+00 
                 200000  1.000000000E+00 
60120    C12     0       0.000000000E+00   0.000000000E+00   0.000000000E+00   0.000000000E+00   0.000000000E+00 
60130    C13     0       0.000000000E+00   0.000000000E+00   0.000000000E+00   0.000000000E+00   0.000000000E+00 
60140    C14     1       3.853429439E-12   4.947000000E-02   4.947000000E-02   0.000000000E+00   0.000000000E+00 
                 100000  1.000000000E+00 
60150    C15     1       2.830327401E-01   6.352186000E+00   2.996291000E+00   3.355895000E+00   0.000000000E+00 
                 100000  1.000000000E+00 
60160    C16     2       9.279078722E-01   4.153021000E+00   1.393241000E+00   1.393241000E+00   1.366539000E+00 
                 100000  1.000000000E-02 
                 150000  9.900000000E-01 
60170    C17     2       3.591436169E+00   7.714972800E+00   3.566132000E+00   3.566132000E+00   5.827088000E-01 
                 100000  6.800000000E-01 
                 150000  3.200000000E-01 
60180    C18     2       7.534208484E+00   7.516363900E+00   3.404457000E+00   3.404457000E+00   7.074499000E-01 
                 100000  6.850000000E-01 
                 150000  3.150000000E-01 
60190    C19     2       1.414586083E+01   9.444803000E+00   3.865742000E+00   3.865742000E+00   1.713319000E+00 
                 100000  3.900000000E-01 
                 150000  6.100000000E-01 
60200    C20     2       4.780325383E+01   1.030497900E+01   3.926315000E+00   3.926315000E+00   2.452349000E+00 
                 100000  2.800000000E-01 
                 150000  7.200000000E-01 
60210    C21     1       2.310490602E+07   3.310000000E-01   0.000000000E+00   0.000000000E+00   3.310000000E-01 
                 500000  1.000000000E+00 
60220    C22     3       1.117979323E+02   1.361076800E+01   4.230619000E+00   4.230619000E+00   5.149530000E+00 
                 100000  2.000000000E-02 
                 150000  6.100000000E-01 
                 155000  3.700000000E-01 
70100    N10     1       3.465735903E+21   2.601730000E+00   0.000000000E+00   0.000000000E+00   2.601730000E+00 
                 700000  1.000000000E+00 
70110    N11     1       2.216354633E+21   1.635920000E+00   0.000000000E+00   0.000000000E+00   1.635920000E+00 
                 700000  1.000000000E+00 
70120    N12     1       6.301338005E+01   8.919143000E+00   7.728527000E+00   1.190616000E+00   0.000000000E+00 
                 200000  1.000000000E+00 
70130    N13     1       1.159302861E-03   1.510845600E+00   4.908546000E-01   1.019991000E+00   0.000000000E+00 
                 200000  1.000000000E+00 
70140    N14     0       0.000000000E+00   0.000000000E+00   0.000000000E+00   0.000000000E+00   0.000000000E+00 
70150    N15     0       0.000000000E+00   0.000000000E+00   0.000000000E+00   0.000000000E+00   0.000000000E+00 
70160    N16     2       9.721559335E-02   7.258573276E+00   2.765302000E+00   4.493244000E+00   2.727580000E-05 
                 100000  9.999880000E-01 
                 140000  1.200000000E-05 
70170    N17     2       1.661824935E-01   2.684407040E+00   1.718668000E+00   3.629514000E-02   9.294439000E-01 
                 100000  4.900000000E-02 
                 150000  9.510000000E-01 
70180    N18     3       1.110812789E+00   8.138430100E+00   3.847649000E+00   3.847649000E+00   4.431321000E-01 
                 100000  7.350000000E-01 
                 140000  1.220000000E-01 
                 150000  1.430000000E-01 
70190    N19     2       2.557738674E+00   7.300785000E+00   3.065331000E+00   3.065331000E+00   1.170123000E+00 
                 100000  4.540000000E-01 
                 150000  5.460000000E-01 
70200    N20     2       5.331901389E+00   9.579534000E+00   4.051694000E+00   4.051694000E+00   1.476146000E+00 
                 100000  4.300000000E-01 
                 150000  5.700000000E-01 
70210    N21     2       8.154672712E+00   1.030710000E+01   3.798583000E+00   3.798583000E+00   2.709934000E+00 
                 100000  1.900000000E-01 
                 150000  8.100000000E-01 
70220    N22     3       2.888113252E+01   1.328999200E+01   5.614699000E+00   5.614699000E+00   2.060594000E+00 
                 100000  5.100000000E-01 
                 150000  3.600000000E-01 
                 155000  1.300000000E-01 
70230    N23     1       4.780325383E+01   1.588133400E+01   7.940667000E+00   7.940667000E+00   0.000000000E+00 
                 100000  1.000000000E+00 
70240    N24     1       1.332975347E+07   1.029000000E+00   0.000000000E+00   0.000000000E+00   1.029000000E+00 
                 500000  1.000000000E+00 
70250    N25     1       2.665950694E+06   8.900000000E-01   0.000000000E+00   0.000000000E+00   8.900000000E-01 
                 500000  1.000000000E+00 
80120    O12     1       6.084241216E+20   4.554100000E-01   0.000000000E+00   0.000000000E+00   4.554100000E-01 
                 700000  1.000000000E+00 
80130    O13     1       8.078638468E+01   1.186759500E+01   3.955865000E+00   3.955865000E+00   3.955865000E+00 
                 270000  1.000000000E+00 
80140    O14     1       9.817114417E-03   4.096344100E+00   7.762191000E-01   3.320125000E+00   0.000000000E+00 
                 200000  1.000000000E+00 
80150    O15     1       5.670379422E-03   1.755626200E+00   7.346472000E-01   1.020979000E+00   0.000000000E+00 
                 200000  1.000000000E+00 
80160    O16     0       0.000000000E+00   0.000000000E+00   0.000000000E+00   0.000000000E+00   0.000000000E+00 
80170    O17     0       0.000000000E+00   0.000000000E+00   0.000000000E+00   0.000000000E+00   0.000000000E+00 
80180    O18     0       0.000000000E+00   0.000000000E+00   0.000000000E+00   0.000000000E+00   0.000000000E+00 
80190    O19     1       2.578672547E-02   2.724997900E+00   1.785276000E+00   9.397219000E-01   0.000000000E+00 
                 100000  1.000000000E+00 
80200    O20     1       5.130623098E-02   2.254842000E+00   1.197406000E+00   1.057436000E+00   0.000000000E+00 
                 100000  1.000000000E+00 
80210    O21     1       2.026746142E-01   5.333701000E+00   2.384028000E+00   2.949673000E+00   0.000000000E+00 
                 100000  1.000000000E+00 
80220    O22     2       3.080654136E-01   3.581841450E+00   1.756260000E+00   1.756260000E+00   6.932145000E-02 
                 100000  7.800000000E-01 
                 150000  2.200000000E-01 
80230    O23     2       7.659084868E+00   6.074558900E+00   2.892034000E+00   2.892034000E+00   2.904909000E-01 
                 100000  6.900000000E-01 
                 150000  3.100000000E-01 
80240    O24     2       1.066380278E+01   6.399608000E+00   2.643777000E+00   2.643777000E+00   1.112054000E+00 
                 100000  4.200000000E-01 
                 150000  5.800000000E-01 
80250    O25     1       1.386294361E+07   7.760000000E-01   0.000000000E+00   0.000000000E+00   7.760000000E-01 
                 500000  1.000000000E+00 
80260    O26     1       1.732867951E+07   2.800000000E-01   0.000000000E+00   0.000000000E+00   2.800000000E-01 
                 500000  1.000000000E+00 
80270    O27     1       2.665950694E+06   8.830000000E-01   0.000000000E+00   0.000000000E+00   8.830000000E-01 
                 500000  1.000000000E+00 
80280    O28     1       6.931471806E+06   7.310000000E-01   0.000000000E+00   0.000000000E+00   7.310000000E-01 
                 500000  1.000000000E+00 
90140    F14     1       1.386100307E+21   1.560000000E+00   0.000000000E+00   0.000000000E+00   1.560000000E+00 
                 700000  1.000000000E+00 
90150    F15     1       1.521060304E+21   1.516490000E+00   0.000000000E+00   0.000000000E+00   1.516490000E+00 
                 700000  1.000000000E+00 
90160    F16     1       6.084241216E+19   5.356800000E-01   0.000000000E+00   0.000000000E+00   5.356800000E-01 
                 700000  1.000000000E+00 
90170    F17     1       1.074813429E-02   1.759269200E+00   7.385902000E-01   1.020679000E+00   0.000000000E+00 
                 200000  1.000000000E+00 
90180    F18     1       1.052423523E-04   1.230197100E+00   2.416185000E-01   9.885786000E-01   0.000000000E+00 
                 200000  1.000000000E+00 
90190    F19     0       0.000000000E+00   0.000000000E+00   0.000000000E+00   0.000000000E+00   0.000000000E+00 
90200    F20     1       6.209327068E-02   4.115248000E+00   2.481378000E+00   1.633870000E+00   0.000000000E+00 
                 100000  1.000000000E+00 
90210    F21     1       1.667020636E-01   2.900338300E+00   2.353230000E+00   5.471083000E-01   0.000000000E+00 
                 100000  1.000000000E+00 
90220    F22     1       1.638645817E-01   7.536090000E+00   2.142868000E+00   5.393222000E+00   0.000000000E+00 
                 100000  1.000000000E+00 
90230    F23     1       3.108283321E-01   5.655862000E+00   2.827931000E+00   2.827931000E+00   0.000000000E+00 
                 100000  1.000000000E+00 
90240    F24     2       1.777300463E+00   8.681425190E+00   4.306476000E+00   4.306476000E+00   6.847319000E-02 
                 100000  9.410000000E-01 
                 150000  5.900000000E-02 
90250    F25     2       1.386294361E+01   8.657085900E+00   4.168367000E+00   4.168367000E+00   3.203519000E-01 
                 100000  8.600000000E-01 
                 150000  1.400000000E-01 
90260    F26     2       7.220283131E+01   1.180558460E+01   5.733550000E+00   5.733550000E+00   3.384846000E-01 
                 100000  8.900000000E-01 
                 150000  1.100000000E-01 
90270    F27     2       1.386294361E+02   1.218369100E+01   4.510850000E+00   4.510850000E+00   3.161991000E+00 
                 100000  2.300000000E-01 
                 150000  7.700000000E-01 
90280    F28     1       1.732867951E+07   1.453333400E+01   7.266667000E+00   7.266667000E+00   0.000000000E+00 
                 100000  1.000000000E+00 
90290    F29     1       2.772588722E+02   1.573575000E+01   5.245250000E+00   5.245250000E+00   5.245250000E+00 
                 150000  1.000000000E+00 
90300    F30     1       2.665950694E+06   3.770000000E-01   0.000000000E+00   0.000000000E+00   3.770000000E-01 
                 500000  1.000000000E+00 
90310    F31     2       2.772588722E+06   1.779316600E+01   7.326833000E+00   7.326833000E+00   3.139500000E+00 
                 100000  5.000000000E-01 
                 150000  5.000000000E-01 
100160   Ne16    1       1.855696503E+20   1.411000000E+00   0.000000000E+00   0.000000000E+00   1.411000000E+00 
                 770000  1.000000000E+00 
100170   Ne17    1       6.347501653E+00   1.043169600E+01   3.477232000E+00   3.477232000E+00   3.477232000E+00 
                 270000  1.000000000E+00 
100180   Ne18    1       4.145617109E-01   2.604134000E+00   1.499164000E+00   1.104970000E+00   0.000000000E+00 
                 200000  1.000000000E+00 
100190   Ne19    1       4.025244951E-02   1.983181900E+00   9.621369000E-01   1.021045000E+00   0.000000000E+00 
                 200000  1.000000000E+00 
100200   Ne20    0       0.000000000E+00   0.000000000E+00   0.000000000E+00   0.000000000E+00   0.000000000E+00 
100210   Ne21    0       0.000000000E+00   0.000000000E+00   0.000000000E+00   0.000000000E+00   0.000000000E+00 
100220   Ne22    0       0.000000000E+00   0.000000000E+00   0.000000000E+00   0.000000000E+00   0.000000000E+00 
100230   Ne23    1       1.861297477E-02   2.066016100E+00   1.900545000E+00   1.654711000E-01   0.000000000E+00 
                 100000  1.000000000E+00 
100240   Ne24    1       3.417885506E-03   8.725573900E-01   8.034790000E-01   6.907839000E-02   0.000000000E+00 
                 100001  1.000000000E+00 
100250   Ne25    1       1.151407277E+00   3.588564900E+00   3.198554000E+00   3.900109000E-01   0.000000000E+00 
                 100000  1.000000000E+00 
100260   Ne26    2       3.518513607E+00   3.484880540E+00   3.400950000E+00   8.393054000E-02   0.000000000E+00 
                 100000  9.987000000E-01 
                 150000  1.300000000E-03 
100270   Ne27    2       2.166084939E+01   8.289504750E+00   4.130100000E+00   4.130100000E+00   2.930475000E-02 
                 100000  9.800000000E-01 
                 150000  2.000000000E-02 
100280   Ne28    3       3.667445400E+01   7.724240000E+00   3.718700000E+00   3.718700000E+00   2.868400000E-01 
                 100000  8.450000000E-01 
                 150000  1.190000000E-01 
                 155000  3.600000000E-02 
100290   Ne29    3       4.683426896E+01   9.715809000E+00   4.411553000E+00   4.411553000E+00   8.927030000E-01 
                 100000  6.800000000E-01 
                 150000  2.800000000E-01 
                 155000  4.000000000E-02 
100300   Ne30    3       9.495166857E+01   9.473072200E+00   4.395236000E+00   4.395236000E+00   6.826002000E-01 
                 100000  7.810000000E-01 
                 150000  1.300000000E-01 
                 155000  8.900000000E-02 
100310   Ne31    1       2.038668178E+02   1.218717400E+01   6.093587000E+00   6.093587000E+00   0.000000000E+00 
                 100000  1.000000000E+00 
100320   Ne32    1       1.980420516E+02   1.212600000E+01   6.063000000E+00   6.063000000E+00   0.000000000E+00 
                 100000  1.000000000E+00 
100330   Ne33    1       3.850817670E+06   9.270000000E-01   0.000000000E+00   0.000000000E+00   9.270000000E-01 
                 500000  1.000000000E+00 
100340   Ne34    2       1.155245301E+07   1.474433400E+01   6.112167000E+00   6.112167000E+00   2.520000000E+00 
                 100000  5.000000000E-01 
                 150000  5.000000000E-01 
110180   Na18    1       5.331901389E+20   1.251000000E+00   0.000000000E+00   0.000000000E+00   1.251000000E+00 
                 700000  1.000000000E+00 
110190   Na19    1       1.732867951E+07   3.212500000E-01   0.000000000E+00   0.000000000E+00   3.212500000E-01 
                 700000  1.000000000E+00 
110200   Na20    2       1.547548963E+00   8.782298600E+00   4.161519000E+00   4.161519000E+00   4.592606000E-01 
                 200000  7.995000000E-01 
                 240000  2.005000000E-01 
110210   Na21    1       3.082023924E-02   2.139475000E+00   1.100706000E+00   1.038769000E+00   0.000000000E+00 
                 200000  1.000000000E+00 
110220   Na22    1       8.439123805E-09   2.387654500E+00   1.946325000E-01   2.193022000E+00   0.000000000E+00 
                 200000  1.000000000E+00 
110230   Na23    0       0.000000000E+00   0.000000000E+00   0.000000000E+00   0.000000000E+00   0.000000000E+00 
110240   Na24    1       1.283862662E-05   4.676923100E+00   5.554461000E-01   4.121477000E+00   0.000000000E+00 
                 100000  1.000000000E+00 
110241   Na24m1  2       3.434822500E+01   4.733504500E-01   1.384150000E-03   4.719663000E-01   0.000000000E+00 
                 100000  5.000000000E-04 
                 300000  9.995000000E-01 
110250   Na25    1       1.172837869E-02   1.942344500E+00   1.506383000E+00   4.359615000E-01   0.000000000E+00 
                 100000  1.000000000E+00 
110260   Na26    1       6.435906969E-01   5.528135000E+00   3.368951000E+00   2.159184000E+00   0.000000000E+00 
                 100000  1.000000000E+00 
110270   Na27    2       2.302814553E+00   4.858385000E+00   3.726574000E+00   1.131811000E+00   0.000000000E+00 
                 100000  9.987000000E-01 
                 150000  1.300000000E-03 
110280   Na28    1       2.272613707E+01   7.341820000E+00   6.203017000E+00   1.138803000E+00   0.000000000E+00 
                 100000  1.000000000E+00 
110290   Na29    2       1.543757640E+01   8.495924700E+00   3.989631000E+00   3.989631000E+00   5.166627000E-01 
                 100000  7.850000000E-01 
                 150000  2.150000000E-01 
110300   Na30    4       1.444056626E+01   1.044540000E+01   4.797000000E+00   4.797000000E+00   8.514000000E-01 
                 100000  6.884995000E-01 
                 150000  3.000000000E-01 
                 155000  1.150000000E-02 
                 140000  5.500000000E-07 
110310   Na31    2       4.077336356E+01   1.041020000E+01   4.581000000E+00   4.581000000E+00   1.248200000E+00 
                 100000  6.300000000E-01 
                 150000  3.700000000E-01 
110320   Na32    3       5.251115004E+01   1.225500000E+01   5.512000000E+00   5.512000000E+00   1.231000000E+00 
                 100000  6.800000000E-01 
                 150000  2.400000000E-01 
                 155000  8.000000000E-02 
110330   Na33    3       8.664339757E+01   1.248300000E+01   4.911000000E+00   4.911000000E+00   2.661000000E+00 
                 100000  4.000000000E-01 
                 150000  4.700000000E-01 
                 155000  1.300000000E-01 
110340   Na34    2       1.260267601E+02   1.510613650E+01   7.181912000E+00   7.181912000E+00   7.423125000E-01 
                 100000  8.500000000E-01 
                 150000  1.500000000E-01 
110350   Na35    1       4.620981204E+02   1.480000000E+01   7.400000000E+00   7.400000000E+00   0.000000000E+00 
                 100000  1.000000000E+00 
110360   Na36    1       3.850817670E+06   1.700000000E-02   8.500000000E-03   8.500000000E-03   0.000000000E+00 
                 100000  1.000000000E+00 
110370   Na37    2       1.155245301E+07   1.795145900E+01   7.364542000E+00   7.364542000E+00   3.222375000E+00 
                 150000  5.000000000E-01 
                 100000  5.000000000E-01 
120190   Mg19    1       1.732867951E+11   7.500000000E-01   0.000000000E+00   0.000000000E+00   7.500000000E-01 
                 770000  1.000000000E+00 
120200   Mg20    2       7.633779522E+00   6.938791000E+00   3.181510000E+00   3.181510000E+00   5.757710000E-01 
                 200000  7.300000000E-01 
                 270000  2.700000000E-01 
120210   Mg21    3       5.681534267E+00   8.473187000E+00   3.797972000E+00   3.797972000E+00   8.772430000E-01 
                 200000  6.690000000E-01 
                 270000  3.260000000E-01 
                 240000  5.000000000E-03 
120220   Mg22    1       1.788536139E-01   3.083365000E+00   1.367451000E+00   1.715914000E+00   0.000000000E+00 
                 200000  1.000000000E+00 
120230   Mg23    1       6.124831497E-02   2.394868000E+00   1.335394000E+00   1.059474000E+00   0.000000000E+00 
                 200000  1.000000000E+00 
120240   Mg24    0       0.000000000E+00   0.000000000E+00   0.000000000E+00   0.000000000E+00   0.000000000E+00 
120250   Mg25    0       0.000000000E+00   0.000000000E+00   0.000000000E+00   0.000000000E+00   0.000000000E+00 
120260   Mg26    0       0.000000000E+00   0.000000000E+00   0.000000000E+00   0.000000000E+00   0.000000000E+00 
120270   Mg27    1       1.221447770E-03   1.593053400E+00   7.018250000E-01   8.912284000E-01   0.000000000E+00 
                 100000  1.000000000E+00 
120280   Mg28    1       9.205875376E-06   1.531039700E+00   1.610847000E-01   1.369955000E+00   0.000000000E+00 
                 100000  1.000000000E+00 
120290   Mg29    1       5.331901389E-01   4.527162000E+00   2.665803000E+00   1.861359000E+00   0.000000000E+00 
                 100000  1.000000000E+00 
120300   Mg30    1       2.069096061E+00   4.653606000E+00   2.326803000E+00   2.326803000E+00   0.000000000E+00 
                 100000  1.000000000E+00 
120310   Mg31    2       2.987703364E+00   7.768182810E+00   3.874351000E+00   3.874351000E+00   1.948081000E-02 
                 100000  9.830000000E-01 
                 150000  1.700000000E-02 
120320   Mg32    2       8.059850937E+00   6.639189530E+00   3.278843000E+00   3.278843000E+00   8.150353000E-02 
                 100000  9.450000000E-01 
                 150000  5.500000000E-02 
120330   Mg33    2       7.659084868E+00   8.411326600E+00   4.038113000E+00   4.038113000E+00   3.351006000E-01 
                 100000  8.300000000E-01 
                 150000  1.700000000E-01 
120340   Mg34    1       3.465735903E+01   7.738372000E+00   3.869186000E+00   3.869186000E+00   0.000000000E+00 
                 100000  1.000000000E+00 
120350   Mg35    2       9.902102579E+00   9.370148000E+00   3.969229000E+00   3.969229000E+00   1.431690000E+00 
                 100000  4.800000000E-01 
                 150000  5.200000000E-01 
120360   Mg36    1       1.777300463E+02   9.619850000E+00   4.809925000E+00   4.809925000E+00   0.000000000E+00 
                 100000  1.000000000E+00 
120370   Mg37    1       2.665950694E+06   1.232000000E+01   6.160000000E+00   6.160000000E+00   0.000000000E+00 
                 100000  1.000000000E+00 
120380   Mg38    2       2.665950694E+06   1.232179100E+01   5.099708000E+00   5.099708000E+00   2.122375000E+00 
                 100000  5.000000000E-01 
                 150000  5.000000000E-01 
120390   Mg39    1       3.850817670E+06   1.300000000E-01   0.000000000E+00   0.000000000E+00   1.300000000E-01 
                 500000  1.000000000E+00 
120400   Mg40    2       4.077336356E+06   1.466566600E+01   6.034833000E+00   6.034833000E+00   2.596000000E+00 
                 150000  5.000000000E-01 
                 100000  5.000000000E-01 
130210   Al21    1       1.980420516E+07   2.287000000E+00   0.000000000E+00   0.000000000E+00   2.287000000E+00 
                 700000  1.000000000E+00 
130220   Al22    3       1.174825730E+01   1.083979100E+01   4.433568000E+00   4.433568000E+00   1.972655000E+00 
                 200000  3.969000000E-01 
                 270000  6.000000000E-01 
                 240000  3.100000000E-03 
130230   Al23    2       1.474781235E+00   8.135024270E+00   4.060401000E+00   4.060401000E+00   1.422227000E-02 
                 200000  9.878000000E-01 
                 270000  1.220000000E-02 
130240   Al24    1       3.376264883E-01   1.150343400E+01   2.011412000E+00   9.492022000E+00   0.000000000E+00 
                 200000  1.000000000E+00 
130241   Al24m1  3       5.331901389E+00   2.019101344E+00   8.337208000E-01   1.185006000E+00   3.745436000E-04 
                 200000  1.747000000E-01 
                 240000  3.000000000E-04 
                 300000  8.250000000E-01 
130250   Al25    1       9.649828492E-02   2.486168000E+00   1.452443000E+00   1.033725000E+00   0.000000000E+00 
                 200000  1.000000000E+00 
130260   Al26    1       3.063390230E-14   3.119363600E+00   4.443746000E-01   2.674989000E+00   0.000000000E+00 
                 200000  1.000000000E+00 
130261   Al26m1  1       1.092396111E-01   2.459531000E+00   1.438375000E+00   1.021156000E+00   0.000000000E+00 
                 200000  1.000000000E+00 
130270   Al27    0       0.000000000E+00   0.000000000E+00   0.000000000E+00   0.000000000E+00   0.000000000E+00 
130280   Al28    1       5.154123766E-03   3.020144000E+00   1.241682000E+00   1.778462000E+00   0.000000000E+00 
                 100000  1.000000000E+00 
130290   Al29    1       1.761044666E-03   2.356072100E+00   9.766571000E-01   1.379415000E+00   0.000000000E+00 
                 100000  1.000000000E+00 
130300   Al30    1       1.914771217E-01   5.656012000E+00   2.305208000E+00   3.350804000E+00   0.000000000E+00 
                 100000  1.000000000E+00 
130310   Al31    1       1.076315498E+00   4.100267300E+00   3.387211000E+00   7.130563000E-01   0.000000000E+00 
                 100000  1.000000000E+00 
130320   Al32    1       2.100446002E+01   6.422175600E+00   5.891917000E+00   5.302586000E-01   0.000000000E+00 
                 100000  1.000000000E+00 
130330   Al33    2       1.662223455E+01   7.843900500E+00   3.842473000E+00   3.842473000E+00   1.589545000E-01 
                 100000  9.150000000E-01 
                 150000  8.500000000E-02 
130340   Al34    2       1.650350430E+01   1.015084330E+01   4.755173000E+00   4.755173000E+00   6.404973000E-01 
                 100000  7.300000000E-01 
                 150000  2.700000000E-01 
130350   Al35    2       1.795718084E+01   9.176700000E+00   3.985893000E+00   3.985893000E+00   1.204914000E+00 
                 100000  5.900000000E-01 
                 150000  4.100000000E-01 
130360   Al36    2       7.701635340E+00   1.125579340E+01   5.160147000E+00   5.160147000E+00   9.354994000E-01 
                 100000  6.900000000E-01 
                 150000  3.100000000E-01 
130370   Al37    1       6.478011033E+01   1.093590200E+01   5.467951000E+00   5.467951000E+00   0.000000000E+00 
                 100000  1.000000000E+00 
130380   Al38    2       9.120357639E+01   1.225311100E+01   5.216601000E+00   5.216601000E+00   1.819909000E+00 
                 100000  5.000000000E-01 
                 150000  5.000000000E-01 
130390   Al39    2       9.120357639E+04   1.263595900E+01   5.249542000E+00   5.249542000E+00   2.136875000E+00 
                 100000  5.000000000E-01 
                 150000  5.000000000E-01 
130400   Al40    2       2.665950694E+06   1.475033400E+01   6.169167000E+00   6.169167000E+00   2.412000000E+00 
                 100000  5.000000000E-01 
                 150000  5.000000000E-01 
130410   Al41    1       2.665950694E+06   1.451200000E+01   7.256000000E+00   7.256000000E+00   0.000000000E+00 
                 100000  1.000000000E+00 
130420   Al42    2       4.077336356E+06   1.656316600E+01   6.903833000E+00   6.903833000E+00   2.755500000E+00 
                 100000  5.000000000E-01 
                 150000  5.000000000E-01 
140220   Si22    2       2.390162692E+01   1.006138600E+01   4.472093000E+00   4.472093000E+00   1.117200000E+00 
                 200000  6.800000000E-01 
                 270000  3.200000000E-01 
140230   Si23    3       1.638645817E+01   1.225829600E+01   4.497848000E+00   4.497848000E+00   3.262600000E+00 
                 200000  2.300000000E-01 
                 270000  7.300000000E-01 
                 277000  4.000000000E-02 
140240   Si24    2       4.951051290E+00   7.013225600E+00   3.081988000E+00   3.081988000E+00   8.492496000E-01 
                 200000  6.200000000E-01 
                 270000  3.800000000E-01 
140250   Si25    2       3.150669003E+00   8.270516500E+00   3.677152000E+00   3.677152000E+00   9.162125000E-01 
                 200000  6.500000000E-01 
                 270000  3.500000000E-01 
140260   Si26    2       3.102717908E-01   2.874989000E+00   1.620014000E+00   1.254975000E+00   0.000000000E+00 
                 200000  3.944000000E-04 
                 200001  9.996056000E-01 
140270   Si27    1       1.666219184E-01   2.743135000E+00   1.716631000E+00   1.026504000E+00   0.000000000E+00 
                 200000  1.000000000E+00 
140280   Si28    0       0.000000000E+00   0.000000000E+00   0.000000000E+00   0.000000000E+00   0.000000000E+00 
140290   Si29    0       0.000000000E+00   0.000000000E+00   0.000000000E+00   0.000000000E+00   0.000000000E+00 
140300   Si30    0       0.000000000E+00   0.000000000E+00   0.000000000E+00   0.000000000E+00   0.000000000E+00 
140310   Si31    1       7.344216789E-05   5.964474050E-01   5.955611000E-01   8.863050000E-04   0.000000000E+00 
                 100000  1.000000000E+00 
140320   Si32    1       1.435589638E-10   6.843000000E-02   6.843000000E-02   0.000000000E+00   0.000000000E+00 
                 100000  1.000000000E+00 
140330   Si33    1       1.134447104E-01   2.757379400E+00   2.631585000E+00   1.257944000E-01   0.000000000E+00 
                 100000  1.000000000E+00 
140340   Si34    1       2.502336392E-01   3.061296000E+00   1.530648000E+00   1.530648000E+00   0.000000000E+00 
                 100000  1.000000000E+00 
140350   Si35    1       8.886502315E-01   7.208243000E+00   2.736506000E+00   4.471737000E+00   0.000000000E+00 
                 100000  1.000000000E+00 
140360   Si36    2       1.540327068E+00   5.027694800E+00   2.459237000E+00   2.459237000E+00   1.092208000E-01 
                 100000  9.000000000E-01 
                 150000  1.000000000E-01 
140370   Si37    2       7.701635340E+00   7.576179600E+00   3.669097000E+00   3.669097000E+00   2.379856000E-01 
                 100000  8.300000000E-01 
                 150000  1.700000000E-01 
140380   Si38    2       6.931471806E+05   6.061651700E+00   2.602354000E+00   2.602354000E+00   8.569437000E-01 
                 100000  5.000000000E-01 
                 150000  5.000000000E-01 
140390   Si39    2       1.459257222E+01   8.269017000E+00   3.596089000E+00   3.596089000E+00   1.076839000E+00 
                 100000  5.000000000E-01 
                 150000  5.000000000E-01 
140400   Si40    2       2.100446002E+01   8.352418000E+00   3.534367000E+00   3.534367000E+00   1.283684000E+00 
                 100000  5.000000000E-01 
                 150000  5.000000000E-01 
140410   Si41    1       3.465735903E+01   1.139962400E+01   5.699812000E+00   5.699812000E+00   0.000000000E+00 
                 100000  1.000000000E+00 
140420   Si42    1       5.545177444E+01   1.036800000E+01   5.184000000E+00   5.184000000E+00   0.000000000E+00 
                 100000  1.000000000E+00 
140430   Si43    2       1.155245301E+07   1.277258400E+01   5.280917000E+00   5.280917000E+00   2.210750000E+00 
                 100000  5.000000000E-01 
                 150000  5.000000000E-01 
140440   Si44    2       1.925408835E+06   1.315129100E+01   5.387708000E+00   5.387708000E+00   2.375875000E+00 
                 150000  5.000000000E-01 
                 100000  5.000000000E-01 
150240   P24     2       9.366853791E+01   8.589000000E+00   3.678500000E+00   3.678500000E+00   1.232000000E+00 
                 200000  5.000000000E-01 
                 700000  5.000000000E-01 
150250   P25     1       2.310490602E+07   1.695000000E+00   0.000000000E+00   0.000000000E+00   1.695000000E+00 
                 700000  1.000000000E+00 
150260   P26     1       1.586149155E+01   1.207600000E+01   6.038000000E+00   6.038000000E+00   0.000000000E+00 
                 200000  1.000000000E+00 
150270   P27     2       2.665950694E+00   7.775773754E+00   3.887519000E+00   3.887519000E+00   7.357543000E-04 
                 200000  9.993000000E-01 
                 270000  7.000000000E-04 
150280   P28     3       2.564362488E+00   9.321019528E+00   4.592454000E+00   4.728548000E+00   1.752801000E-05 
                 200000  9.999784000E-01 
                 240000  8.600000000E-06 
                 270000  1.300000000E-05 
150290   P29     1       1.673460117E-01   2.815758000E+00   1.770875000E+00   1.044883000E+00   0.000000000E+00 
                 200000  1.000000000E+00 
150300   P30     1       4.624680948E-03   2.460431000E+00   1.438502000E+00   1.021929000E+00   0.000000000E+00 
                 200000  1.000000000E+00 
150310   P31     0       0.000000000E+00   0.000000000E+00   0.000000000E+00   0.000000000E+00   0.000000000E+00 
150320   P32     1       5.624719985E-07   6.949000000E-01   6.949000000E-01   0.000000000E+00   0.000000000E+00 
                 100000  1.000000000E+00 
150330   P33     1       3.165957700E-07   7.643000000E-02   7.643000000E-02   0.000000000E+00   0.000000000E+00 
                 100000  1.000000000E+00 
150340   P34     1       5.576405314E-02   2.639205300E+00   2.305648000E+00   3.335573000E-01   0.000000000E+00 
                 100000  1.000000000E+00 
150350   P35     1       1.465427443E-02   2.601371000E+00   1.022496000E+00   1.578875000E+00   0.000000000E+00 
                 100000  1.000000000E+00 
150360   P36     1       1.237762822E-01   8.026552000E+00   2.142304000E+00   5.884248000E+00   0.000000000E+00 
                 100000  1.000000000E+00 
150370   P37     1       3.000637145E-01   5.267014000E+00   2.633507000E+00   2.633507000E+00   0.000000000E+00 
                 100000  1.000000000E+00 
150380   P38     2       1.083042470E+00   7.544568200E+00   3.709549000E+00   3.709549000E+00   1.254702000E-01 
                 100000  8.800000000E-01 
                 150000  1.200000000E-01 
150390   P39     2       2.475525645E+00   6.268125100E+00   2.941788000E+00   2.941788000E+00   3.845491000E-01 
                 100000  7.400000000E-01 
                 150000  2.600000000E-01 
150400   P40     2       5.545177444E+00   9.166735500E+00   4.445432000E+00   4.445432000E+00   2.758715000E-01 
                 100000  8.420000000E-01 
                 150000  1.580000000E-01 
150410   P41     2       6.931471806E+00   8.725907500E+00   4.006001000E+00   4.006001000E+00   7.139055000E-01 
                 100000  7.000000000E-01 
                 150000  3.000000000E-01 
150420   P42     2       1.429169444E+01   1.068657500E+01   4.600372000E+00   4.600372000E+00   1.485831000E+00 
                 100000  5.000000000E-01 
                 150000  5.000000000E-01 
150430   P43     1       1.899033371E+01   1.152909600E+01   3.843032000E+00   3.843032000E+00   3.843032000E+00 
                 150000  1.000000000E+00 
150440   P44     2       3.746741517E+01   1.251175000E+01   5.256250000E+00   5.256250000E+00   1.999250000E+00 
                 100000  5.000000000E-01 
                 150000  5.000000000E-01 
150450   P45     1       3.465735903E+06   1.287533400E+01   6.437667000E+00   6.437667000E+00   0.000000000E+00 
                 100000  1.000000000E+00 
150460   P46     1       3.465735903E+06   1.516466600E+01   7.582333000E+00   7.582333000E+00   0.000000000E+00 
                 100000  1.000000000E+00 
160260   S26     1       6.931471806E+01   6.370000000E-01   0.000000000E+00   0.000000000E+00   6.370000000E-01 
                 770000  1.000000000E+00 
160270   S27     3       4.471917294E+01   1.217715800E+01   6.012429000E+00   6.012429000E+00   1.523000000E-01 
                 200000  9.660000000E-01 
                 270000  2.300000000E-02 
                 277000  1.100000000E-02 
160280   S28     2       5.545177444E+00   7.356247400E+00   3.440888000E+00   3.440888000E+00   4.744714000E-01 
                 200000  7.930000000E-01 
                 270000  2.070000000E-01 
160290   S29     2       3.706669415E+00   8.767506000E+00   3.734904000E+00   3.734904000E+00   1.297698000E+00 
                 200000  5.300000000E-01 
                 270000  4.700000000E-01 
160300   S30     1       5.884101703E-01   3.688451000E+00   2.080629000E+00   1.607822000E+00   0.000000000E+00 
                 200000  1.000000000E+00 
160310   S31     1       2.694973486E-01   3.034467000E+00   1.996366000E+00   1.038101000E+00   0.000000000E+00 
                 200000  1.000000000E+00 
160320   S32     0       0.000000000E+00   0.000000000E+00   0.000000000E+00   0.000000000E+00   0.000000000E+00 
160330   S33     0       0.000000000E+00   0.000000000E+00   0.000000000E+00   0.000000000E+00   0.000000000E+00 
160340   S34     0       0.000000000E+00   0.000000000E+00   0.000000000E+00   0.000000000E+00   0.000000000E+00 
160350   S35     1       9.167565778E-08   4.875800000E-02   4.875800000E-02   0.000000000E+00   0.000000000E+00 
                 100000  1.000000000E+00 
160360   S36     0       0.000000000E+00   0.000000000E+00   0.000000000E+00   0.000000000E+00   0.000000000E+00 
160370   S37     1       2.287614457E-03   3.731492600E+00   8.004336000E-01   2.931059000E+00   0.000000000E+00 
                 100000  1.000000000E+00 
160380   S38     1       6.783589553E-05   2.185476600E+00   4.899616000E-01   1.695515000E+00   0.000000000E+00 
                 100000  1.000000000E+00 
160390   S39     1       6.027366787E-02   3.972966000E+00   2.189824000E+00   1.783142000E+00   0.000000000E+00 
                 100000  1.000000000E+00 
160400   S40     1       7.876672506E-02   2.906122000E+00   1.435260000E+00   1.470862000E+00   0.000000000E+00 
                 100000  1.000000000E+00 
160410   S41     1       3.483151661E-01   5.478962000E+00   2.739481000E+00   2.739481000E+00   0.000000000E+00 
                 100000  1.000000000E+00 
160420   S42     1       6.842519058E-01   4.823658000E+00   2.411829000E+00   2.411829000E+00   0.000000000E+00 
                 100000  1.000000000E+00 
160430   S43     2       2.475525645E+00   6.398072000E+00   2.955214000E+00   2.955214000E+00   4.876440000E-01 
                 100000  6.000000000E-01 
                 150000  4.000000000E-01 
160440   S44     2       6.931471806E+00   7.232018600E+00   3.458944000E+00   3.458944000E+00   3.141306000E-01 
                 100000  8.200000000E-01 
                 150000  1.800000000E-01 
160450   S45     2       1.019334089E+01   8.014207000E+00   3.405877000E+00   3.405877000E+00   1.202453000E+00 
                 100000  4.600000000E-01 
                 150000  5.400000000E-01 
160460   S46     1       1.386294361E+01   9.232000000E+00   4.616000000E+00   4.616000000E+00   0.000000000E+00 
                 100000  1.000000000E+00 
160480   S48     1       3.465735903E+06   1.121533400E+01   5.607667000E+00   5.607667000E+00   0.000000000E+00 
                 100000  1.000000000E+00 
160490   S49     1       3.465735903E+06   3.700000000E-01   0.000000000E+00   0.000000000E+00   3.700000000E-01 
                 500000  1.000000000E+00 
170280   Cl28    1       4.077336356E+02   3.193000000E+00   0.000000000E+00   0.000000000E+00   3.193000000E+00 
                 700000  1.000000000E+00 
170290   Cl29    1       3.465735903E+07   2.405000000E+00   0.000000000E+00   0.000000000E+00   2.405000000E+00 
                 700000  1.000000000E+00 
170300   Cl30    1       2.310490602E+07   3.110000000E-01   0.000000000E+00   0.000000000E+00   3.110000000E-01 
                 700000  1.000000000E+00 
170310   Cl31    2       4.620981204E+00   7.959389770E+00   3.974581000E+00   3.974581000E+00   1.022777000E-02 
                 200000  9.930000000E-01 
                 270000  7.000000000E-03 
170320   Cl32    3       2.325997250E+00   8.449859256E+00   4.224428000E+00   4.224428000E+00   1.003256000E-03 
                 200000  9.992000000E-01 
                 240000  5.000000000E-04 
                 270000  3.000000000E-04 
170330   Cl33    1       2.760442774E-01   3.130149000E+00   2.082122000E+00   1.048027000E+00   0.000000000E+00 
                 200000  1.000000000E+00 
170340   Cl34    1       4.541058573E-01   3.071575000E+00   2.050386000E+00   1.021189000E+00   0.000000000E+00 
                 200000  1.000000000E+00 
170341   Cl34m1  2       3.610141565E-04   2.574114800E+00   4.639678000E-01   2.110147000E+00   0.000000000E+00 
                 200000  5.540000000E-01 
                 300000  4.460000000E-01 
170350   Cl35    0       0.000000000E+00   0.000000000E+00   0.000000000E+00   0.000000000E+00   0.000000000E+00 
170360   Cl36    2       7.297177135E-14   2.976134844E-01   2.974674000E-01   1.460844000E-04   0.000000000E+00 
                 200000  1.900000000E-02 
                 100000  9.810000000E-01 
170370   Cl37    0       0.000000000E+00   0.000000000E+00   0.000000000E+00   0.000000000E+00   0.000000000E+00 
170380   Cl38    1       3.102995705E-04   3.030769000E+00   1.520130000E+00   1.510639000E+00   0.000000000E+00 
                 100000  1.000000000E+00 
170381   Cl38m1  1       9.694366162E-01   6.714258973E-01   4.013973000E-04   6.710245000E-01   0.000000000E+00 
                 300000  1.000000000E+00 
170390   Cl39    1       2.077779318E-04   2.276766500E+00   8.262095000E-01   1.450557000E+00   0.000000000E+00 
                 100000  1.000000000E+00 
170400   Cl40    1       8.557372600E-03   5.598703000E+00   1.518128000E+00   4.080575000E+00   0.000000000E+00 
                 100000  1.000000000E+00 
170410   Cl41    1       1.805070783E-02   3.840210000E+00   1.920105000E+00   1.920105000E+00   0.000000000E+00 
                 100000  1.000000000E+00 
170420   Cl42    1       1.019334089E-01   6.339790000E+00   3.169895000E+00   3.169895000E+00   0.000000000E+00 
                 100000  1.000000000E+00 
170430   Cl43    1       2.214527733E-01   5.067770000E+00   2.533885000E+00   2.533885000E+00   0.000000000E+00 
                 100000  1.000000000E+00 
170440   Cl44    2       1.237762822E+00   7.624190800E+00   3.775021000E+00   3.775021000E+00   7.414880000E-02 
                 100000  9.200000000E-01 
                 150000  8.000000000E-02 
170450   Cl45    2       1.678322471E+00   6.904627400E+00   3.265141000E+00   3.265141000E+00   3.743454000E-01 
                 100000  7.600000000E-01 
                 150000  2.400000000E-01 
170460   Cl46    2       2.987703364E+00   7.391067000E+00   3.171207000E+00   3.171207000E+00   1.048653000E+00 
                 100000  4.000000000E-01 
                 150000  6.000000000E-01 
170470   Cl47    1       6.862843372E+00   1.007466600E+01   5.037333000E+00   5.037333000E+00   0.000000000E+00 
                 100000  1.000000000E+00 
170480   Cl48    1       3.465735903E+06   1.238866600E+01   6.194333000E+00   6.194333000E+00   0.000000000E+00 
                 100000  1.000000000E+00 
170490   Cl49    1       4.077336356E+06   1.195400000E+01   5.977000000E+00   5.977000000E+00   0.000000000E+00 
                 100000  1.000000000E+00 
170500   Cl50    1       3.465735903E+01   1.412133400E+01   7.060667000E+00   7.060667000E+00   0.000000000E+00 
                 100000  1.000000000E+00 
170510   Cl51    1       3.465735903E+06   1.356266600E+01   6.781333000E+00   6.781333000E+00   0.000000000E+00 
                 100000  1.000000000E+00 
180300   Ar30    1       3.465735903E+07   4.330000000E-01   0.000000000E+00   0.000000000E+00   4.330000000E-01 
                 700000  1.000000000E+00 
180310   Ar31    3       4.590378679E+01   1.303234500E+01   4.725682000E+00   4.725682000E+00   3.580981000E+00 
                 200000  2.250000000E-01 
                 270000  6.900000000E-01 
                 277000  8.500000000E-02 
180320   Ar32    2       7.072930414E+00   7.312843000E+00   3.142815000E+00   3.142815000E+00   1.027213000E+00 
                 200000  5.700000000E-01 
                 270000  4.300000000E-01 
180330   Ar33    2       4.006631102E+00   7.459969600E+00   3.278037000E+00   3.278037000E+00   9.038956000E-01 
                 200000  6.130000000E-01 
                 270000  3.870000000E-01 
180340   Ar34    1       8.207781889E-01   3.394565000E+00   2.289588000E+00   1.104977000E+00   0.000000000E+00 
                 200000  1.000000000E+00 
180350   Ar35    1       3.905054538E-01   3.315349000E+00   2.265830000E+00   1.049519000E+00   0.000000000E+00 
                 200000  1.000000000E+00 
180360   Ar36    0       0.000000000E+00   0.000000000E+00   0.000000000E+00   0.000000000E+00   0.000000000E+00 
180370   Ar37    1       2.289536761E-07   2.164886300E-03   1.935089000E-03   2.297973000E-04   0.000000000E+00 
                 200000  1.000000000E+00 
180380   Ar38    0       0.000000000E+00   0.000000000E+00   0.000000000E+00   0.000000000E+00   0.000000000E+00 
180390   Ar39    1       8.165249112E-11   2.188000000E-01   2.188000000E-01   0.000000000E+00   0.000000000E+00 
                 100000  1.000000000E+00 
180400   Ar40    0       0.000000000E+00   0.000000000E+00   0.000000000E+00   0.000000000E+00   0.000000000E+00 
180410   Ar41    1       1.053959767E-04   1.747650100E+00   4.640121000E-01   1.283638000E+00   0.000000000E+00 
                 100000  1.000000000E+00 
180420   Ar42    1       6.676110576E-10   2.326000000E-01   2.326000000E-01   0.000000000E+00   0.000000000E+00 
                 100000  1.000000000E+00 
180430   Ar43    1       2.151294788E-03   2.843943000E+00   1.353795000E+00   1.490148000E+00   0.000000000E+00 
                 100000  1.000000000E+00 
180440   Ar44    1       9.732479368E-04   2.370215900E+00   4.614799000E-01   1.908736000E+00   0.000000000E+00 
                 100000  1.000000000E+00 
180450   Ar45    1       3.226942181E-02   4.735599000E+00   1.872155000E+00   2.863444000E+00   0.000000000E+00 
                 100000  1.000000000E+00 
180460   Ar46    1       8.251752150E-02   3.664650000E+00   1.720350000E+00   1.944300000E+00   0.000000000E+00 
                 100000  1.000000000E+00 
180470   Ar47    1       5.635342931E-01   5.990942000E+00   3.880505000E+00   2.110437000E+00   0.000000000E+00 
                 100000  1.000000000E+00 
180480   Ar48    1       1.459257222E+00   6.427334000E+00   3.213667000E+00   3.213667000E+00   0.000000000E+00 
                 100000  1.000000000E+00 
180490   Ar49    2       4.077336356E+00   5.872395500E+00   2.456254000E+00   2.456254000E+00   9.598875000E-01 
                 100000  3.500000000E-01 
                 150000  6.500000000E-01 
180500   Ar50    2       8.154672712E+00   7.659463500E+00   3.490888000E+00   3.490888000E+00   6.776875000E-01 
                 100000  6.500000000E-01 
                 150000  3.500000000E-01 
180510   Ar51    1       3.465735903E+06   1.046400000E+01   5.232000000E+00   5.232000000E+00   0.000000000E+00 
                 100000  1.000000000E+00 
180520   Ar52    1       6.931471806E+01   1.003533400E+01   5.017667000E+00   5.017667000E+00   0.000000000E+00 
                 100000  1.000000000E+00 
180530   Ar53    2       2.310490602E+02   1.082804100E+01   4.618458000E+00   4.618458000E+00   1.591125000E+00 
                 100000  5.000000000E-01 
                 150000  5.000000000E-01 
190320   K32     1       2.100446002E+02   2.515000000E+00   0.000000000E+00   0.000000000E+00   2.515000000E+00 
                 700000  1.000000000E+00 
190330   K33     1       2.772588722E+07   1.953000000E+00   0.000000000E+00   0.000000000E+00   1.953000000E+00 
                 700000  1.000000000E+00 
190340   K34     1       2.772588722E+07   8.750000000E-01   0.000000000E+00   0.000000000E+00   8.750000000E-01 
                 700000  1.000000000E+00 
190350   K35     2       3.894085284E+00   7.858148721E+00   3.585985000E+00   4.267836000E+00   4.327721000E-03 
                 200000  9.963000000E-01 
                 270000  3.700000000E-03 
190360   K36     3       2.026746142E+00   8.953348083E+00   3.474236000E+00   5.478613000E+00   4.990830000E-04 
                 200000  9.994890000E-01 
                 240000  3.100000000E-05 
                 270000  4.800000000E-04 
190370   K37     1       5.653729042E-01   3.419805000E+00   2.347633000E+00   1.072172000E+00   0.000000000E+00 
                 200000  1.000000000E+00 
190380   K38     1       1.512893270E-03   4.393160000E+00   1.205755000E+00   3.187405000E+00   0.000000000E+00 
                 200000  1.000000000E+00 
190381   K38m1   1       7.501592863E-01   3.342240000E+00   2.321097000E+00   1.021143000E+00   0.000000000E+00 
                 200000  1.000000000E+00 
190390   K39     0       0.000000000E+00   0.000000000E+00   0.000000000E+00   0.000000000E+00   0.000000000E+00 
190400   K40     2       1.759975981E-17   6.553226000E-01   4.995277000E-01   1.557949000E-01   0.000000000E+00 
                 200000  1.086000000E-01 
                 100000  8.914000000E-01 
190410   K41     0       0.000000000E+00   0.000000000E+00   0.000000000E+00   0.000000000E+00   0.000000000E+00 
190420   K42     1       1.557774138E-05   1.709247800E+00   1.430555000E+00   2.786928000E-01   0.000000000E+00 
                 100000  1.000000000E+00 
190430   K43     1       8.634120336E-06   1.281704400E+00   3.175562000E-01   9.641482000E-01   0.000000000E+00 
                 100000  1.000000000E+00 
190440   K44     1       5.220267966E-04   3.825279000E+00   1.463776000E+00   2.361503000E+00   0.000000000E+00 
                 100000  1.000000000E+00 
190450   K45     1       6.486498040E-04   2.817803400E+00   9.835544000E-01   1.834249000E+00   0.000000000E+00 
                 100000  1.000000000E+00 
190460   K46     1       6.601401720E-03   4.973981000E+00   2.323341000E+00   2.650640000E+00   0.000000000E+00 
                 100000  1.000000000E+00 
190470   K47     1       3.960841032E-02   4.433122000E+00   1.809363000E+00   2.623759000E+00   0.000000000E+00 
                 100000  1.000000000E+00 
190480   K48     2       1.019334089E-01   9.110117000E+00   2.659300000E+00   6.450817000E+00   0.000000000E+00 
                 100000  9.886000000E-01 
                 150000  1.140000000E-02 
190490   K49     2       5.501168100E-01   4.846947000E+00   1.797442000E+00   1.797442000E+00   1.252063000E+00 
                 100000  1.400000000E-01 
                 150000  8.600000000E-01 
190500   K50     2       1.468532162E+00   8.267247200E+00   3.848488000E+00   3.848488000E+00   5.702712000E-01 
                 100000  7.100000000E-01 
                 150000  2.900000000E-01 
190510   K51     2       1.899033371E+00   8.403891000E+00   3.643938000E+00   3.643938000E+00   1.116015000E+00 
                 100000  5.300000000E-01 
                 150000  4.700000000E-01 
190520   K52     2       6.601401720E+00   9.314829000E+00   3.599553000E+00   3.599553000E+00   2.115723000E+00 
                 100000  2.700000000E-01 
                 150000  7.300000000E-01 
190530   K53     3       2.310490602E+01   9.176000000E+00   3.252000000E+00   3.252000000E+00   2.672000000E+00 
                 100000  1.600000000E-01 
                 150000  6.700000000E-01 
                 155000  1.700000000E-01 
190540   K54     1       6.931471806E+01   1.245733400E+01   6.228667000E+00   6.228667000E+00   0.000000000E+00 
                 100000  1.000000000E+00 
190550   K55     2       2.310490602E+02   1.199195900E+01   5.024042000E+00   5.024042000E+00   1.943875000E+00 
                 100000  5.000000000E-01 
                 150000  5.000000000E-01 
200340   Ca34    1       1.980420516E+07   5.000000000E-01   0.000000000E+00   0.000000000E+00   5.000000000E-01 
                 700000  1.000000000E+00 
200350   Ca35    3       2.697070741E+01   1.168784000E+01   3.874420000E+00   3.874420000E+00   3.939000000E+00 
                 200000  1.000000000E-03 
                 270000  9.570000000E-01 
                 277000  4.200000000E-02 
200360   Ca36    2       6.795560594E+00   7.136247000E+00   2.935591000E+00   2.935591000E+00   1.265065000E+00 
                 200000  4.570000000E-01 
                 270000  5.430000000E-01 
200370   Ca37    2       3.827427833E+00   7.414493000E+00   2.703491000E+00   2.703491000E+00   2.007511000E+00 
                 200000  1.790000000E-01 
                 270000  8.210000000E-01 
200380   Ca38    2       1.575334501E+00   3.797364000E+00   2.429496000E+00   1.367868000E+00   0.000000000E+00 
                 200000  4.017000000E-04 
                 200001  9.995983000E-01 
200390   Ca39    1       8.063601449E-01   3.581586000E+00   2.560274000E+00   1.021312000E+00   0.000000000E+00 
                 200000  1.000000000E+00 
200400   Ca40    0       0.000000000E+00   0.000000000E+00   0.000000000E+00   0.000000000E+00   0.000000000E+00 
200410   Ca41    1       2.153379997E-13   3.111750900E-03   2.708000000E-03   4.037509000E-04   0.000000000E+00 
                 200000  1.000000000E+00 
200420   Ca42    0       0.000000000E+00   0.000000000E+00   0.000000000E+00   0.000000000E+00   0.000000000E+00 
200430   Ca43    0       0.000000000E+00   0.000000000E+00   0.000000000E+00   0.000000000E+00   0.000000000E+00 
200440   Ca44    0       0.000000000E+00   0.000000000E+00   0.000000000E+00   0.000000000E+00   0.000000000E+00 
200450   Ca45    2       4.933607463E-08   7.686028000E-02   7.686028000E-02   0.000000000E+00   0.000000000E+00 
                 100000  9.999810000E-01 
                 100001  1.900000000E-05 
200460   Ca46    1       0.000000000E+00   4.941750000E-01   4.941750000E-01   0.000000000E+00   0.000000000E+00 
                 110000  1.000000000E+00 
200470   Ca47    1       1.768636863E-06   1.346828400E+00   3.987696000E-01   9.480588000E-01   0.000000000E+00 
                 100000  1.000000000E+00 
200480   Ca48    2       9.549796928E-28   1.649595660E+00   1.626098000E+00   2.349766000E-02   0.000000000E+00 
                 110000  7.500000000E-01 
                 100000  2.500000000E-01 
200490   Ca49    1       1.325126521E-03   4.042192300E+00   8.636353000E-01   3.178557000E+00   0.000000000E+00 
                 100000  1.000000000E+00 
200500   Ca50    2       4.986670364E-02   2.916307000E+00   1.347314000E+00   1.568993000E+00   0.000000000E+00 
                 100000  3.500000000E-03 
                 100001  9.965000000E-01 
200510   Ca51    1       6.931471806E-02   4.874199000E+00   2.183322000E+00   2.690877000E+00   0.000000000E+00 
                 100000  1.000000000E+00 
200520   Ca52    2       1.506841697E-01   5.166534650E+00   2.576673000E+00   2.576673000E+00   1.318865000E-02 
                 100000  9.800000000E-01 
                 150000  2.000000000E-02 
200530   Ca53    2       7.701635340E+00   5.690609000E+00   2.680792000E+00   2.680792000E+00   3.290250000E-01 
                 100000  7.000000000E-01 
                 150000  3.000000000E-01 
200540   Ca54    1       8.059850937E+00   7.092000000E+00   3.546000000E+00   3.546000000E+00   0.000000000E+00 
                 100000  1.000000000E+00 
200550   Ca55    1       3.150669003E+01   8.406000000E+00   4.203000000E+00   4.203000000E+00   0.000000000E+00 
                 100000  1.000000000E+00 
200560   Ca56    1       6.931471806E+01   8.054000000E+00   4.027000000E+00   4.027000000E+00   0.000000000E+00 
                 100000  1.000000000E+00 
200570   Ca57    2       1.386294361E+02   8.738666000E+00   3.739333000E+00   3.739333000E+00   1.260000000E+00 
                 100000  5.000000000E-01 
                 150000  5.000000000E-01 
210360   Sc36    1       7.876672506E+01   3.470000000E+00   0.000000000E+00   0.000000000E+00   3.470000000E+00 
                 700000  1.000000000E+00 
210370   Sc37    1       1.237762822E+01   2.795000000E+00   0.000000000E+00   0.000000000E+00   2.795000000E+00 
                 700000  1.000000000E+00 
210380   Sc38    1       1.638645817E+01   1.413000000E+00   0.000000000E+00   0.000000000E+00   1.413000000E+00 
                 700000  1.000000000E+00 
210390   Sc39    1       2.310490602E+06   5.968100000E-01   0.000000000E+00   0.000000000E+00   5.968100000E-01 
                 700000  1.000000000E+00 
210400   Sc40    1       3.802233574E+00   1.044176300E+01   3.341819000E+00   7.099944000E+00   0.000000000E+00 
                 200000  1.000000000E+00 
210410   Sc41    1       1.162413518E+00   3.563362000E+00   2.541323000E+00   1.022039000E+00   0.000000000E+00 
                 200000  1.000000000E+00 
210420   Sc42    1       1.018136282E+00   3.528856000E+00   2.507714000E+00   1.021142000E+00   0.000000000E+00 
                 200000  1.000000000E+00 
210421   Sc42m1  1       1.117979323E-02   5.460057000E+00   1.255834000E+00   4.204223000E+00   0.000000000E+00 
                 200000  1.000000000E+00 
210430   Sc43    1       4.948365034E-05   1.404714300E+00   4.199058000E-01   9.848085000E-01   0.000000000E+00 
                 200000  1.000000000E+00 
210440   Sc44    1       4.849896310E-05   2.732089200E+00   5.960362000E-01   2.136053000E+00   0.000000000E+00 
                 200000  1.000000000E+00 
210441   Sc44m1  2       3.285120005E-06   3.072979500E-01   3.279365000E-02   2.745043000E-01   0.000000000E+00 
                 200000  1.200000000E-02 
                 300000  9.880000000E-01 
210450   Sc45    0       0.000000000E+00   0.000000000E+00   0.000000000E+00   0.000000000E+00   0.000000000E+00 
210451   Sc45m1  1       2.179708115E+00   1.231963940E-02   1.162734000E-02   6.922994000E-04   0.000000000E+00 
                 300000  1.000000000E+00 
210460   Sc46    1       9.574575501E-08   2.121429600E+00   1.118946000E-01   2.009535000E+00   0.000000000E+00 
                 100000  1.000000000E+00 
210461   Sc46m1  1       3.696784963E-02   1.425556300E-01   5.293940000E-02   8.961623000E-02   0.000000000E+00 
                 300000  1.000000000E+00 
210470   Sc47    1       2.395358969E-06   2.713199000E-01   1.624600000E-01   1.088599000E-01   0.000000000E+00 
                 100000  1.000000000E+00 
210480   Sc48    1       4.408996645E-06   3.573721400E+00   2.208404000E-01   3.352881000E+00   0.000000000E+00 
                 100000  1.000000000E+00 
210490   Sc49    1       2.020366039E-04   8.246972100E-01   8.236540000E-01   1.043210000E-03   0.000000000E+00 
                 100000  1.000000000E+00 
210500   Sc50    1       6.762411518E-03   4.829944000E+00   1.637953000E+00   3.191991000E+00   0.000000000E+00 
                 100000  1.000000000E+00 
210501   Sc50m1  1       1.980420516E+00   2.512423000E-01   0.000000000E+00   2.512423000E-01   0.000000000E+00 
                 300000  1.000000000E+00 
210510   Sc51    1       5.589896617E-02   4.191933000E+00   1.841892000E+00   2.350041000E+00   0.000000000E+00 
                 100000  1.000000000E+00 
210520   Sc52    1       8.453014397E-02   5.756979000E+00   2.864157000E+00   2.892822000E+00   0.000000000E+00 
                 100000  1.000000000E+00 
210530   Sc53    1       2.310490602E-01   6.194000000E+00   3.097000000E+00   3.097000000E+00   0.000000000E+00 
                 100000  1.000000000E+00 
210540   Sc54    1       1.925408835E+00   7.947334000E+00   3.973667000E+00   3.973667000E+00   0.000000000E+00 
                 100000  1.000000000E+00 
210550   Sc55    1       6.601401720E+00   8.059840000E+00   4.029920000E+00   4.029920000E+00   0.000000000E+00 
                 100000  1.000000000E+00 
210560   Sc56    2       1.155245301E+01   7.942000000E+00   3.450500000E+00   3.450500000E+00   1.041000000E+00 
                 100000  5.000000000E-01 
                 150000  5.000000000E-01 
210570   Sc57    1       5.331901389E+01   8.968000000E+00   4.484000000E+00   4.484000000E+00   0.000000000E+00 
                 100000  1.000000000E+00 
210580   Sc58    1       5.776226505E+01   1.086133400E+01   5.430667000E+00   5.430667000E+00   0.000000000E+00 
                 100000  1.000000000E+00 
210590   Sc59    2       6.931471806E+01   9.871584000E+00   4.144917000E+00   4.144917000E+00   1.581750000E+00 
                 100000  5.000000000E-01 
                 150000  5.000000000E-01 
210600   Sc60    1       2.310490602E+02   1.207200000E+01   6.036000000E+00   6.036000000E+00   0.000000000E+00 
                 100000  1.000000000E+00 
220380   Ti38    1       5.776226505E+06   9.620000000E-01   0.000000000E+00   0.000000000E+00   9.620000000E-01 
                 770000  1.000000000E+00 
220390   Ti39    1       2.166084939E+01   1.220250000E+01   4.067500000E+00   4.067500000E+00   4.067500000E+00 
                 270000  1.000000000E+00 
220400   Ti40    1       1.300463753E+01   8.351364000E+00   2.783788000E+00   2.783788000E+00   2.783788000E+00 
                 270000  1.000000000E+00 
220410   Ti41    1       8.621233589E+00   8.892750000E+00   2.964250000E+00   2.964250000E+00   2.964250000E+00 
                 270000  1.000000000E+00 
220420   Ti42    1       3.483151661E+00   4.021850000E+00   2.637339000E+00   1.384511000E+00   0.000000000E+00 
                 200000  1.000000000E+00 
220430   Ti43    1       1.361782280E+00   3.838923000E+00   2.636848000E+00   1.202075000E+00   0.000000000E+00 
                 200000  1.000000000E+00 
220440   Ti44    1       3.660743721E-10   1.504392300E-01   1.085743000E-02   1.395818000E-01   0.000000000E+00 
                 200000  1.000000000E+00 
220450   Ti45    1       6.251327386E-05   1.243170300E+00   3.727513000E-01   8.704190000E-01   0.000000000E+00 
                 200000  1.000000000E+00 
220460   Ti46    0       0.000000000E+00   0.000000000E+00   0.000000000E+00   0.000000000E+00   0.000000000E+00 
220470   Ti47    0       0.000000000E+00   0.000000000E+00   0.000000000E+00   0.000000000E+00   0.000000000E+00 
220480   Ti48    0       0.000000000E+00   0.000000000E+00   0.000000000E+00   0.000000000E+00   0.000000000E+00 
220490   Ti49    0       0.000000000E+00   0.000000000E+00   0.000000000E+00   0.000000000E+00   0.000000000E+00 
220500   Ti50    0       0.000000000E+00   0.000000000E+00   0.000000000E+00   0.000000000E+00   0.000000000E+00 
220510   Ti51    1       2.005634203E-03   1.238637900E+00   8.694729000E-01   3.691650000E-01   0.000000000E+00 
                 100000  1.000000000E+00 
220520   Ti52    1       6.795560594E-03   8.845436000E-01   7.565689000E-01   1.279747000E-01   0.000000000E+00 
                 100000  1.000000000E+00 
220530   Ti53    1       2.119716149E-02   3.312156000E+00   1.349770000E+00   1.962386000E+00   0.000000000E+00 
                 100000  1.000000000E+00 
220540   Ti54    1       4.620981204E-01   2.865126000E+00   1.432563000E+00   1.432563000E+00   0.000000000E+00 
                 100000  1.000000000E+00 
220550   Ti55    1       5.331901389E-01   3.898351000E+00   3.071990000E+00   8.263610000E-01   0.000000000E+00 
                 100000  1.000000000E+00 
220560   Ti56    1       3.465735903E+00   4.762216000E+00   2.381108000E+00   2.381108000E+00   0.000000000E+00 
                 100000  1.000000000E+00 
220570   Ti57    1       1.155245301E+01   7.096558000E+00   3.548279000E+00   3.548279000E+00   0.000000000E+00 
                 100000  1.000000000E+00 
220580   Ti58    1       1.174825730E+01   6.368666000E+00   3.184333000E+00   3.184333000E+00   0.000000000E+00 
                 100000  1.000000000E+00 
220590   Ti59    1       2.310490602E+01   8.056000000E+00   4.028000000E+00   4.028000000E+00   0.000000000E+00 
                 100000  1.000000000E+00 
220600   Ti60    1       3.150669003E+01   7.354666000E+00   3.677333000E+00   3.677333000E+00   0.000000000E+00 
                 100000  1.000000000E+00 
220610   Ti61    1       2.310490602E+06   9.321334000E+00   4.660667000E+00   4.660667000E+00   0.000000000E+00 
                 100000  1.000000000E+00 
220620   Ti62    1       6.931471806E+01   8.594666000E+00   4.297333000E+00   4.297333000E+00   0.000000000E+00 
                 100000  1.000000000E+00 
220630   Ti63    2       2.310490602E+02   9.505125000E+00   4.055375000E+00   4.055375000E+00   1.394375000E+00 
                 100000  5.000000000E-01 
                 150000  5.000000000E-01 
230400   V40     1       9.001911436E+01   2.110000000E+00   0.000000000E+00   0.000000000E+00   2.110000000E+00 
                 700000  1.000000000E+00 
230410   V41     1       2.840767133E+01   1.533000000E+00   0.000000000E+00   0.000000000E+00   1.533000000E+00 
                 700000  1.000000000E+00 
230420   V42     1       1.260267601E+07   2.190000000E-01   0.000000000E+00   0.000000000E+00   2.190000000E-01 
                 700000  1.000000000E+00 
230430   V43     1       8.664339757E-01   7.531334000E+00   3.765667000E+00   3.765667000E+00   0.000000000E+00 
                 200000  1.000000000E+00 
230440   V44     1       6.244569194E+00   8.741485000E+00   4.215330000E+00   4.526155000E+00   0.000000000E+00 
                 200000  1.000000000E+00 
230441   V44m1   1       4.620981204E+00   9.392630000E+00   3.501882000E+00   5.890748000E+00   0.000000000E+00 
                 200000  1.000000000E+00 
230450   V45     1       1.267179489E+00   3.873003000E+00   2.850610000E+00   1.022393000E+00   0.000000000E+00 
                 200000  1.000000000E+00 
230460   V46     1       1.640585043E+00   3.836285000E+00   2.814712000E+00   1.021573000E+00   0.000000000E+00 
                 200000  1.000000000E+00 
230461   V46m1   1       6.795560594E+02   8.011010896E-01   7.479896000E-04   8.003531000E-01   0.000000000E+00 
                 300000  1.000000000E+00 
230470   V47     1       3.543697242E-04   1.798201500E+00   8.031550000E-01   9.950465000E-01   0.000000000E+00 
                 200000  1.000000000E+00 
230480   V48     1       5.022405320E-07   3.066099300E+00   1.470253000E-01   2.919074000E+00   0.000000000E+00 
                 200000  1.000000000E+00 
230490   V49     1       2.431071761E-08   4.451444000E-03   3.564239000E-03   8.872050000E-04   0.000000000E+00 
                 200000  1.000000000E+00 
230500   V50     2       1.568894901E-25   1.439353970E+00   1.588097000E-02   1.423473000E+00   0.000000000E+00 
                 200000  8.300000000E-01 
                 100000  1.700000000E-01 
230510   V51     0       0.000000000E+00   0.000000000E+00   0.000000000E+00   0.000000000E+00   0.000000000E+00 
230520   V52     1       3.086415445E-03   2.513663000E+00   1.068827000E+00   1.444836000E+00   0.000000000E+00 
                 100000  1.000000000E+00 
230530   V53     1       7.487007783E-03   2.047200000E+00   1.009036000E+00   1.038164000E+00   0.000000000E+00 
                 100000  1.000000000E+00 
230540   V54     1       1.391861808E-02   5.576653000E+00   1.469191000E+00   4.107462000E+00   0.000000000E+00 
                 100000  1.000000000E+00 
230550   V55     1       1.059858074E-01   3.071614100E+00   2.382426000E+00   6.891881000E-01   0.000000000E+00 
                 100000  1.000000000E+00 
230560   V56     1       3.209014725E+00   6.134092000E+00   3.067046000E+00   3.067046000E+00   0.000000000E+00 
                 100000  1.000000000E+00 
230570   V57     2       1.980420516E+00   5.555616119E+00   2.777657000E+00   2.777657000E+00   3.021190000E-04 
                 100000  9.996000000E-01 
                 150000  4.000000000E-04 
230580   V58     1       3.746741517E+00   7.750656000E+00   3.875328000E+00   3.875328000E+00   0.000000000E+00 
                 100000  1.000000000E+00 
230590   V59     1       9.241962407E+00   7.216620000E+00   3.608310000E+00   3.608310000E+00   0.000000000E+00 
                 100000  1.000000000E+00 
230600   V60     1       1.019334089E+01   9.284406000E+00   4.642203000E+00   4.642203000E+00   0.000000000E+00 
                 100000  1.000000000E+00 
230610   V61     1       1.474781235E+01   8.434666000E+00   4.217333000E+00   4.217333000E+00   0.000000000E+00 
                 100000  1.000000000E+00 
230620   V62     1       4.620981204E+06   1.051133400E+01   5.255667000E+00   5.255667000E+00   0.000000000E+00 
                 100000  1.000000000E+00 
230630   V63     2       4.077336356E+01   9.225420500E+00   4.122579000E+00   4.122579000E+00   9.802625000E-01 
                 100000  6.500000000E-01 
                 150000  3.500000000E-01 
230640   V64     1       3.648143056E+01   1.175533400E+01   5.877667000E+00   5.877667000E+00   0.000000000E+00 
                 100000  1.000000000E+00 
230650   V65     2       6.931471806E+01   1.069383400E+01   4.482667000E+00   4.482667000E+00   1.728500000E+00 
                 100000  5.000000000E-01 
                 150000  5.000000000E-01 
240420   Cr42    1       4.951051290E+01   9.383334000E+00   4.691667000E+00   4.691667000E+00   0.000000000E+00 
                 200000  1.000000000E+00 
240430   Cr43    2       3.209014725E+01   1.099694900E+01   5.041982000E+00   5.041982000E+00   9.129850000E-01 
                 200000  7.700000000E-01 
                 270000  2.300000000E-01 
240440   Cr44    2       1.295602207E+01   7.253236500E+00   3.551622000E+00   3.551622000E+00   1.499925000E-01 
                 200000  9.300000000E-01 
                 270000  7.000000000E-02 
240450   Cr45    2       1.138172710E+01   8.370529200E+00   3.699611000E+00   3.699611000E+00   9.713072000E-01 
                 200000  6.560000000E-01 
                 270000  3.440000000E-01 
240460   Cr46    1       2.665950694E+00   4.104325000E+00   3.083241000E+00   1.021084000E+00   0.000000000E+00 
                 200000  1.000000000E+00 
240470   Cr47    1       1.386294361E+00   4.033996000E+00   3.008758000E+00   1.025238000E+00   0.000000000E+00 
                 200000  1.000000000E+00 
240480   Cr48    1       8.930467694E-06   4.423751910E-01   8.593791000E-03   4.337814000E-01   0.000000000E+00 
                 200000  1.000000000E+00 
240490   Cr49    1       2.731076362E-04   1.658203700E+00   6.034127000E-01   1.054791000E+00   0.000000000E+00 
                 200000  1.000000000E+00 
240500   Cr50    0       0.000000000E+00   0.000000000E+00   0.000000000E+00   0.000000000E+00   0.000000000E+00 
240510   Cr51    1       2.896118607E-07   3.667962200E-02   3.853352000E-03   3.282627000E-02   0.000000000E+00 
                 200000  1.000000000E+00 
240520   Cr52    0       0.000000000E+00   0.000000000E+00   0.000000000E+00   0.000000000E+00   0.000000000E+00 
240530   Cr53    0       0.000000000E+00   0.000000000E+00   0.000000000E+00   0.000000000E+00   0.000000000E+00 
240540   Cr54    0       0.000000000E+00   0.000000000E+00   0.000000000E+00   0.000000000E+00   0.000000000E+00 
240550   Cr55    1       3.303532459E-03   1.101666000E+00   1.100993000E+00   6.729996000E-04   0.000000000E+00 
                 100000  1.000000000E+00 
240560   Cr56    1       1.944857409E-03   7.046444600E-01   6.132093000E-01   9.143516000E-02   0.000000000E+00 
                 100000  1.000000000E+00 
240570   Cr57    1       3.285057728E-02   2.492456900E+00   2.030244000E+00   4.622129000E-01   0.000000000E+00 
                 100000  1.000000000E+00 
240580   Cr58    1       9.902102579E-02   2.661856000E+00   1.330928000E+00   1.330928000E+00   0.000000000E+00 
                 100000  1.000000000E+00 
240590   Cr59    1       1.506841697E+00   5.089186000E+00   2.544593000E+00   2.544593000E+00   0.000000000E+00 
                 100000  1.000000000E+00 
240600   Cr60    1       1.414586083E+00   4.309338000E+00   2.154669000E+00   2.154669000E+00   0.000000000E+00 
                 100000  1.000000000E+00 
240610   Cr61    1       2.567211780E+00   6.374276000E+00   3.187138000E+00   3.187138000E+00   0.000000000E+00 
                 100000  1.000000000E+00 
240620   Cr62    1       3.648143056E+00   5.177564000E+00   2.588782000E+00   2.588782000E+00   0.000000000E+00 
                 100000  1.000000000E+00 
240630   Cr63    1       5.373233958E+00   7.504666000E+00   3.752333000E+00   3.752333000E+00   0.000000000E+00 
                 100000  1.000000000E+00 
240640   Cr64    1       1.611970187E+01   6.483334000E+00   3.241667000E+00   3.241667000E+00   0.000000000E+00 
                 100000  1.000000000E+00 
240650   Cr65    1       2.567211780E+01   8.793334000E+00   4.396667000E+00   4.396667000E+00   0.000000000E+00 
                 100000  1.000000000E+00 
240660   Cr66    1       6.931471806E+01   8.273334000E+00   4.136667000E+00   4.136667000E+00   0.000000000E+00 
                 100000  1.000000000E+00 
240670   Cr67    1       1.386294361E+01   9.576000000E+00   4.788000000E+00   4.788000000E+00   0.000000000E+00 
                 100000  1.000000000E+00 
250440   Mn44    2       6.601401720E+06   7.279166000E+00   3.305333000E+00   3.305333000E+00   6.685000000E-01 
                 200000  5.000000000E-01 
                 700000  5.000000000E-01 
250450   Mn45    1       9.902102579E+06   1.058000000E+00   0.000000000E+00   0.000000000E+00   1.058000000E+00 
                 700000  1.000000000E+00 
250460   Mn46    2       2.009122262E+01   1.112306000E+01   5.225480000E+00   5.225480000E+00   6.721000000E-01 
                 200000  7.800000000E-01 
                 270000  2.200000000E-01 
250470   Mn47    2       6.931471806E+00   8.110408500E+00   4.023240000E+00   4.023240000E+00   6.392850000E-02 
                 200000  9.660000000E-01 
                 270000  3.400000000E-02 
250480   Mn48    3       4.384232641E+00   8.984887455E+00   4.490553000E+00   4.490553000E+00   3.781455000E-03 
                 200000  9.971940000E-01 
                 240000  6.000000000E-06 
                 270000  2.800000000E-03 
250490   Mn49    1       1.814521415E+00   4.199288000E+00   3.104913000E+00   1.094375000E+00   0.000000000E+00 
                 200000  1.000000000E+00 
250500   Mn50    1       2.447640032E+00   4.122652000E+00   3.099764000E+00   1.022888000E+00   0.000000000E+00 
                 200000  1.000000000E+00 
250501   Mn50m1  1       6.601401720E-03   5.242318000E+00   2.621159000E+00   2.621159000E+00   0.000000000E+00 
                 200000  1.000000000E+00 
250510   Mn51    1       2.500530954E-04   1.932522400E+00   9.348426000E-01   9.976798000E-01   0.000000000E+00 
                 200000  1.000000000E+00 
250520   Mn52    1       1.434901952E-06   3.532712410E+00   7.502241000E-02   3.457690000E+00   0.000000000E+00 
                 200000  1.000000000E+00 
250521   Mn52m1  2       5.475096213E-04   3.507310000E+00   1.114325000E+00   2.392985000E+00   0.000000000E+00 
                 200000  9.825000000E-01 
                 300000  1.750000000E-02 
250530   Mn53    1       5.936359811E-15   5.387326000E-03   4.030158000E-03   1.357168000E-03   0.000000000E+00 
                 200000  1.000000000E+00 
250540   Mn54    1       2.570913896E-08   8.401729830E-01   4.190683000E-03   8.359823000E-01   0.000000000E+00 
                 200000  1.000000000E+00 
250550   Mn55    0       0.000000000E+00   0.000000000E+00   0.000000000E+00   0.000000000E+00   0.000000000E+00 
250560   Mn56    1       7.466008123E-05   2.522640300E+00   8.310603000E-01   1.691580000E+00   0.000000000E+00 
                 100000  1.000000000E+00 
250570   Mn57    1       8.116477524E-03   1.204822750E+00   1.105295000E+00   9.952775000E-02   0.000000000E+00 
                 100000  1.000000000E+00 
250580   Mn58    1       2.310490602E-01   2.868949200E+00   2.812066000E+00   5.688320000E-02   0.000000000E+00 
                 100000  1.000000000E+00 
250581   Mn58m1  1       1.059858074E-02   4.134465000E+00   1.748135000E+00   2.386330000E+00   0.000000000E+00 
                 100000  1.000000000E+00 
250590   Mn59    1       1.510124576E-01   2.597703900E+00   2.059819000E+00   5.378849000E-01   0.000000000E+00 
                 100000  1.000000000E+00 
250600   Mn60    1       1.359112119E-02   3.834000000E+00   3.834000000E+00   0.000000000E+00   0.000000000E+00 
                 100000  1.000000000E+00 
250601   Mn60m1  2       3.916085766E-01   5.174221000E+00   2.571476000E+00   2.602745000E+00   0.000000000E+00 
                 100000  8.850000000E-01 
                 300000  1.150000000E-01 
250610   Mn61    1       1.034548031E+00   3.475948600E+00   3.345660000E+00   1.302886000E-01   0.000000000E+00 
                 100000  1.000000000E+00 
250620   Mn62    1       1.033006230E+00   6.863031000E+00   3.660608000E+00   3.202423000E+00   0.000000000E+00 
                 100000  1.000000000E+00 
250621   Mn62m1  1       7.534208484E+00   7.241296000E+00   3.620648000E+00   3.620648000E+00   0.000000000E+00 
                 100000  1.000000000E+00 
250630   Mn63    1       2.390162692E+00   5.832420000E+00   2.916210000E+00   2.916210000E+00   0.000000000E+00 
                 100000  1.000000000E+00 
250640   Mn64    2       7.701635340E+00   6.553590100E+00   3.076410000E+00   3.076410000E+00   4.007701000E-01 
                 100000  6.700000000E-01 
                 150000  3.300000000E-01 
250650   Mn65    2       7.534208484E+00   6.675807200E+00   3.285773000E+00   3.285773000E+00   1.042612000E-01 
                 100000  9.308000000E-01 
                 150000  6.920000000E-02 
250660   Mn66    2       1.083042470E+01   8.447067600E+00   4.134413000E+00   4.134413000E+00   1.782416000E-01 
                 100000  8.912000000E-01 
                 150000  1.088000000E-01 
250670   Mn67    1       1.474781235E+01   8.565334000E+00   4.282667000E+00   4.282667000E+00   0.000000000E+00 
                 100000  1.000000000E+00 
250680   Mn68    3       2.475525645E+01   8.349794700E+00   4.849999000E+00   3.209153000E+00   2.906427000E-01 
                 100000  7.469200000E-01 
                 150000  2.428020000E-01 
                 155000  1.027800000E-02 
250690   Mn69    1       4.951051290E+01   9.346000000E+00   4.673000000E+00   4.673000000E+00   0.000000000E+00 
                 100000  1.000000000E+00 
260450   Fe45    1       3.414518131E+02   1.481325000E+01   4.937750000E+00   4.937750000E+00   4.937750000E+00 
                 270000  1.000000000E+00 
260460   Fe46    2       5.331901389E+01   9.142927000E+00   3.348564000E+00   3.348564000E+00   2.445799000E+00 
                 200000  2.130000000E-01 
                 270000  7.870000000E-01 
260470   Fe47    2       3.165055619E+01   1.158547700E+01   4.063524000E+00   4.063524000E+00   3.458429000E+00 
                 200000  1.160000000E-01 
                 270000  8.840000000E-01 
260480   Fe48    2       1.575334501E+01   7.420031000E+00   3.669025000E+00   3.669025000E+00   8.198100000E-02 
                 200000  9.640000000E-01 
                 270000  3.600000000E-02 
260490   Fe49    2       1.071324854E+01   8.347683000E+00   3.397902000E+00   3.397902000E+00   1.551879000E+00 
                 200000  4.330000000E-01 
                 270000  5.670000000E-01 
260500   Fe50    1       4.471917294E+00   5.425954000E+00   2.712977000E+00   2.712977000E+00   0.000000000E+00 
                 200000  1.000000000E+00 
260510   Fe51    1       2.272613707E+00   4.331509000E+00   3.269251000E+00   1.062258000E+00   0.000000000E+00 
                 200000  1.000000000E+00 
260520   Fe52    1       2.326778048E-05   9.279242000E-01   1.918066000E-01   7.361176000E-01   0.000000000E+00 
                 200001  1.000000000E+00 
260521   Fe52m1  1       1.510124576E-02   6.867769000E+00   1.981854000E+00   4.885915000E+00   0.000000000E+00 
                 200000  1.000000000E+00 
260530   Fe53    1       1.357515042E-03   2.273447000E+00   1.098445000E+00   1.175002000E+00   0.000000000E+00 
                 200000  1.000000000E+00 
260531   Fe53m1  1       4.548209846E-03   3.054686000E+00   0.000000000E+00   3.054686000E+00   0.000000000E+00 
                 300000  1.000000000E+00 
260540   Fe54    0       0.000000000E+00   0.000000000E+00   0.000000000E+00   0.000000000E+00   0.000000000E+00 
260550   Fe55    1       8.004558980E-09   5.842102000E-03   4.200553000E-03   1.641549000E-03   0.000000000E+00 
                 200000  1.000000000E+00 
260560   Fe56    0       0.000000000E+00   0.000000000E+00   0.000000000E+00   0.000000000E+00   0.000000000E+00 
260570   Fe57    0       0.000000000E+00   0.000000000E+00   0.000000000E+00   0.000000000E+00   0.000000000E+00 
260580   Fe58    0       0.000000000E+00   0.000000000E+00   0.000000000E+00   0.000000000E+00   0.000000000E+00 
260590   Fe59    1       1.803019848E-07   1.306009300E+00   1.177393000E-01   1.188270000E+00   0.000000000E+00 
                 100000  1.000000000E+00 
260600   Fe60    1       1.464300582E-14   5.018000000E-02   5.018000000E-02   0.000000000E+00   0.000000000E+00 
                 100001  1.000000000E+00 
260610   Fe61    1       1.931848329E-03   2.515414000E+00   1.124416000E+00   1.390998000E+00   0.000000000E+00 
                 100000  1.000000000E+00 
260620   Fe62    1       1.019334089E-02   1.332100400E+00   8.263769000E-01   5.057235000E-01   0.000000000E+00 
                 100000  1.000000000E+00 
260630   Fe63    1       1.136306853E-01   3.019611700E+00   2.760146000E+00   2.594657000E-01   0.000000000E+00 
                 100000  1.000000000E+00 
260640   Fe64    1       3.465735903E-01   2.284256000E+00   2.237500000E+00   4.675600000E-02   0.000000000E+00 
                 100000  1.000000000E+00 
260650   Fe65    1       8.557372600E-01   4.742364000E+00   3.041700000E+00   1.700664000E+00   0.000000000E+00 
                 100000  1.000000000E+00 
260651   Fe65m1  1       6.188814112E-01   5.165200000E+00   2.916934000E+00   2.248266000E+00   0.000000000E+00 
                 100000  1.000000000E+00 
260660   Fe66    1       1.575334501E+00   4.227130000E+00   2.113565000E+00   2.113565000E+00   0.000000000E+00 
                 100000  1.000000000E+00 
260670   Fe67    1       1.666219184E+00   6.419696000E+00   3.209848000E+00   3.209848000E+00   0.000000000E+00 
                 100000  1.000000000E+00 
260680   Fe68    1       3.706669415E+00   5.855992000E+00   2.927996000E+00   2.927996000E+00   0.000000000E+00 
                 100000  1.000000000E+00 
260690   Fe69    1       6.359148446E+00   7.737334000E+00   3.868667000E+00   3.868667000E+00   0.000000000E+00 
                 100000  1.000000000E+00 
260700   Fe70    1       7.373906176E+00   6.222666000E+00   3.111333000E+00   3.111333000E+00   0.000000000E+00 
                 100000  1.000000000E+00 
260710   Fe71    1       2.475525645E+01   8.582000000E+00   4.291000000E+00   4.291000000E+00   0.000000000E+00 
                 100000  1.000000000E+00 
260720   Fe72    2       4.620981204E+06   5.658132000E+00   2.803191000E+00   2.803191000E+00   5.175000000E-02 
                 100000  7.240000000E-01 
                 150000  2.760000000E-01 
270490   Co49    2       1.980420516E+07   5.650000000E+00   2.501000000E+00   2.501000000E+00   6.480000000E-01 
                 200000  5.000000000E-01 
                 700000  5.000000000E-01 
270500   Co50    2       1.575334501E+01   1.062124100E+01   4.424278000E+00   4.424278000E+00   1.772685000E+00 
                 200000  4.600000000E-01 
                 270000  5.400000000E-01 
270510   Co51    1       3.465735903E+06   8.631334000E+00   4.315667000E+00   4.315667000E+00   0.000000000E+00 
                 200000  1.000000000E+00 
270520   Co52    1       6.027366787E+00   9.611334000E+00   4.805667000E+00   4.805667000E+00   0.000000000E+00 
                 200000  1.000000000E+00 
270530   Co53    1       2.888113252E+00   4.491622000E+00   3.395254000E+00   1.096368000E+00   0.000000000E+00 
                 200000  1.000000000E+00 
270531   Co53m1  2       2.806263889E+00   7.560921450E+00   3.768645000E+00   3.768645000E+00   2.363145000E-02 
                 200000  9.850000000E-01 
                 700000  1.500000000E-02 
270540   Co54    1       3.586233343E+00   4.420947000E+00   3.399877000E+00   1.021070000E+00   0.000000000E+00 
                 200000  1.000000000E+00 
270541   Co54m1  1       7.805711493E-03   6.012803000E+00   2.048659000E+00   3.964144000E+00   0.000000000E+00 
                 200000  1.000000000E+00 
270550   Co55    1       1.098350733E-05   2.430322400E+00   4.325064000E-01   1.997816000E+00   0.000000000E+00 
                 200000  1.000000000E+00 
270560   Co56    1       1.038744714E-07   3.761065200E+00   1.206862000E-01   3.640379000E+00   0.000000000E+00 
                 200000  1.000000000E+00 
270570   Co57    1       2.952283597E-08   1.438040500E-01   1.866155000E-02   1.251425000E-01   0.000000000E+00 
                 200000  1.000000000E+00 
270580   Co58    1       1.132167205E-07   1.008776540E+00   3.394554000E-02   9.748310000E-01   0.000000000E+00 
                 200000  1.000000000E+00 
270581   Co58m1  1       2.115833884E-05   2.474399300E-02   2.282142000E-02   1.922573000E-03   0.000000000E+00 
                 300000  1.000000000E+00 
270590   Co59    0       0.000000000E+00   0.000000000E+00   0.000000000E+00   0.000000000E+00   0.000000000E+00 
270600   Co60    1       4.166945289E-09   2.600613100E+00   9.676910000E-02   2.503844000E+00   0.000000000E+00 
                 100000  1.000000000E+00 
270601   Co60m1  2       1.103702399E-03   6.304494400E-02   5.643024000E-02   6.614704000E-03   0.000000000E+00 
                 100000  2.400000000E-03 
                 300000  9.976000000E-01 
270610   Co61    1       1.166914445E-04   5.639113400E-01   4.669555000E-01   9.695584000E-02   0.000000000E+00 
                 100000  1.000000000E+00 
270620   Co62    1       7.701635340E-03   3.236869000E+00   1.636608000E+00   1.600261000E+00   0.000000000E+00 
                 100000  1.000000000E+00 
270621   Co62m1  2       8.305142350E-04   3.522370000E+00   1.761075000E+00   1.761295000E+00   0.000000000E+00 
                 100000  9.900000000E-01 
                 300000  1.000000000E-02 
270630   Co63    1       2.529734236E-02   1.711306700E+00   1.567277000E+00   1.440297000E-01   0.000000000E+00 
                 100000  1.000000000E+00 
270640   Co64    1       2.310490602E+00   3.469635000E+00   3.288470000E+00   1.811650000E-01   0.000000000E+00 
                 100000  1.000000000E+00 
270650   Co65    1       5.975406729E-01   2.772313090E+00   2.680256000E+00   9.205709000E-02   0.000000000E+00 
                 100000  1.000000000E+00 
270660   Co66    1       3.465735903E+00   5.890412000E+00   3.442280000E+00   2.448132000E+00   0.000000000E+00 
                 100000  1.000000000E+00 
270670   Co67    1       1.630934542E+00   4.459956000E+00   3.676111000E+00   7.838450000E-01   0.000000000E+00 
                 100000  1.000000000E+00 
270680   Co68    1       3.483151661E+00   7.497184000E+00   4.052766000E+00   3.444418000E+00   0.000000000E+00 
                 100000  1.000000000E+00 
270681   Co68m1  1       4.332169878E-01   7.701102000E+00   3.850551000E+00   3.850551000E+00   0.000000000E+00 
                 100000  1.000000000E+00 
270690   Co69    1       3.150669003E+00   6.650700000E+00   3.325350000E+00   3.325350000E+00   0.000000000E+00 
                 100000  1.000000000E+00 
270700   Co70    1       5.824766223E+00   9.046946000E+00   4.523473000E+00   4.523473000E+00   0.000000000E+00 
                 100000  1.000000000E+00 
270701   Co70m1  1       1.386294361E+00   9.046946000E+00   4.523473000E+00   4.523473000E+00   0.000000000E+00 
                 100000  1.000000000E+00 
270710   Co71    2       8.774014944E+00   7.628787800E+00   3.790887000E+00   3.790887000E+00   4.701380000E-02 
                 100000  9.739000000E-01 
                 150000  2.610000000E-02 
270720   Co72    3       1.157173924E+01   8.691576230E+00   4.883132000E+00   3.749620000E+00   5.882423000E-02 
                 100000  9.419860000E-01 
                 150000  5.781681000E-02 
                 155000  1.971900000E-04 
270730   Co73    3       1.690602879E+01   7.017949130E+00   5.112960000E+00   1.828692000E+00   7.629713000E-02 
                 100000  9.467920000E-01 
                 150000  5.320698000E-02 
                 155000  1.012100000E-06 
270740   Co74    3       2.310490602E+01   9.384993700E+00   5.417735000E+00   3.860558000E+00   1.067007000E-01 
                 100000  9.072620000E-01 
                 150000  8.872820000E-02 
                 155000  4.009800000E-03 
270750   Co75    3       2.038668178E+01   8.078543100E+00   5.765305000E+00   2.186751000E+00   1.264871000E-01 
                 100000  9.284120000E-01 
                 150000  7.066385000E-02 
                 155000  9.241500000E-04 
280480   Ni48    2       3.300700860E+02   5.108800000E+00   1.609400000E+00   1.609400000E+00   1.890000000E+00 
                 200000  3.000000000E-01 
                 770000  7.000000000E-01 
280490   Ni49    2       9.241962407E+01   1.444250900E+01   5.159742000E+00   5.159742000E+00   4.123025000E+00 
                 270000  8.300000000E-01 
                 200000  1.700000000E-01 
280500   Ni50    2       5.776226505E+01   9.808550000E+00   3.722850000E+00   3.722850000E+00   2.362850000E+00 
                 200000  3.000000000E-01 
                 270000  7.000000000E-01 
280510   Ni51    1       3.465735903E+06   1.050133400E+01   5.250667000E+00   5.250667000E+00   0.000000000E+00 
                 200000  1.000000000E+00 
280520   Ni52    2       1.824071528E+01   7.464633500E+00   3.328866000E+00   3.328866000E+00   8.069015000E-01 
                 200000  6.860000000E-01 
                 270000  3.140000000E-01 
280530   Ni53    2       1.540327068E+01   8.672978500E+00   3.995054000E+00   3.995054000E+00   6.828705000E-01 
                 200000  7.660000000E-01 
                 270000  2.340000000E-01 
280540   Ni54    1       6.664876736E+00   5.857650000E+00   2.928825000E+00   2.928825000E+00   0.000000000E+00 
                 200000  1.000000000E+00 
280550   Ni55    1       3.386161117E+00   4.641520000E+00   3.620572000E+00   1.020948000E+00   0.000000000E+00 
                 200000  1.000000000E+00 
280560   Ni56    1       1.320582191E-06   1.728111293E+00   7.444293000E-03   1.720667000E+00   0.000000000E+00 
                 200000  1.000000000E+00 
280570   Ni57    1       5.408451783E-06   2.092651300E+00   1.563383000E-01   1.936313000E+00   0.000000000E+00 
                 200000  1.000000000E+00 
280580   Ni58    0       0.000000000E+00   0.000000000E+00   0.000000000E+00   0.000000000E+00   0.000000000E+00 
280590   Ni59    1       2.890064046E-13   6.915569000E-03   4.575105000E-03   2.340464000E-03   0.000000000E+00 
                 200000  1.000000000E+00 
280600   Ni60    0       0.000000000E+00   0.000000000E+00   0.000000000E+00   0.000000000E+00   0.000000000E+00 
280610   Ni61    0       0.000000000E+00   0.000000000E+00   0.000000000E+00   0.000000000E+00   0.000000000E+00 
280620   Ni62    0       0.000000000E+00   0.000000000E+00   0.000000000E+00   0.000000000E+00   0.000000000E+00 
280630   Ni63    1       2.170405403E-10   1.742500000E-02   1.742500000E-02   0.000000000E+00   0.000000000E+00 
                 100000  1.000000000E+00 
280640   Ni64    0       0.000000000E+00   0.000000000E+00   0.000000000E+00   0.000000000E+00   0.000000000E+00 
280650   Ni65    1       7.649040537E-05   1.186322800E+00   6.280291000E-01   5.582937000E-01   0.000000000E+00 
                 100000  1.000000000E+00 
280660   Ni66    1       3.526389807E-06   7.333000000E-02   7.333000000E-02   0.000000000E+00   0.000000000E+00 
                 100000  1.000000000E+00 
280670   Ni67    1       3.300700860E-02   1.583810090E+00   1.539578000E+00   4.423209000E-02   0.000000000E+00 
                 100000  1.000000000E+00 
280680   Ni68    1       2.390162692E-02   1.402146600E+00   7.010733000E-01   7.010733000E-01   0.000000000E+00 
                 100000  1.000000000E+00 
280690   Ni69    1       6.080238426E-02   4.000032000E+00   1.364646000E+00   2.635386000E+00   0.000000000E+00 
                 100000  1.000000000E+00 
280691   Ni69m1  1       1.980420516E-01   4.052376000E+00   2.026188000E+00   2.026188000E+00   0.000000000E+00 
                 100000  1.000000000E+00 
280700   Ni70    1       1.155245301E-01   2.508498000E+00   1.254249000E+00   1.254249000E+00   0.000000000E+00 
                 100000  1.000000000E+00 
280710   Ni71    1       2.707606174E-01   4.870092000E+00   2.435046000E+00   2.435046000E+00   0.000000000E+00 
                 100000  1.000000000E+00 
280720   Ni72    2       4.414950195E-01   3.423349004E+00   1.681800000E+00   1.741549000E+00   3.620667000E-09 
                 100000  9.999998000E-01 
                 150000  1.345900000E-07 
280730   Ni73    2       8.251752150E-01   6.409818524E+00   1.959188000E+00   4.449858000E+00   7.725244000E-04 
                 100000  9.943227000E-01 
                 150000  5.677300000E-03 
280740   Ni74    2       1.019334089E+00   4.630107919E+00   2.141069000E+00   2.484567000E+00   4.471919000E-03 
                 100000  9.859370000E-01 
                 150000  1.406300000E-02 
280750   Ni75    2       1.155245301E+00   6.715816330E+00   2.401443000E+00   4.246260000E+00   6.811333000E-02 
                 100000  8.814100000E-01 
                 150000  1.185900000E-01 
280760   Ni76    2       2.912383112E+00   5.093143800E+00   2.671839000E+00   2.255053000E+00   1.662518000E-01 
                 100000  7.584100000E-01 
                 150000  2.415900000E-01 
280770   Ni77    3       1.136306853E+01   5.543102200E+00   2.531630000E+00   2.522768000E+00   4.887042000E-01 
                 100000  4.464500000E-01 
                 150000  5.535460000E-01 
                 155000  3.996700000E-06 
280780   Ni78    2       6.301338005E+00   5.438295700E+00   2.991870000E+00   2.101767000E+00   3.446587000E-01 
                 100000  6.650200000E-01 
                 150000  3.349800000E-01 
290520   Cu52    1       1.004561131E+02   2.315000000E+00   0.000000000E+00   0.000000000E+00   2.315000000E+00 
                 700000  1.000000000E+00 
290530   Cu53    2       2.310490602E+06   6.478000000E+00   2.704500000E+00   2.704500000E+00   1.069000000E+00 
                 200000  5.000000000E-01 
                 700000  5.000000000E-01 
290540   Cu54    1       9.241962407E+06   1.020000000E+00   0.000000000E+00   0.000000000E+00   1.020000000E+00 
                 700000  1.000000000E+00 
290550   Cu55    2       1.732867951E+01   4.772000000E+00   2.294500000E+00   2.294500000E+00   1.830000000E-01 
                 200000  5.000000000E-01 
                 700000  5.000000000E-01 
290560   Cu56    1       7.373906176E+00   1.044600000E+01   5.223000000E+00   5.223000000E+00   0.000000000E+00 
                 200000  1.000000000E+00 
290570   Cu57    1       3.531060522E+00   4.739917000E+00   3.600100000E+00   1.139817000E+00   0.000000000E+00 
                 200000  1.000000000E+00 
290580   Cu58    1       2.163380713E-01   4.864576000E+00   3.292372000E+00   1.572204000E+00   0.000000000E+00 
                 200000  1.000000000E+00 
290590   Cu59    1       8.504873381E-03   2.931917000E+00   1.488332000E+00   1.443585000E+00   0.000000000E+00 
                 200000  1.000000000E+00 
290600   Cu60    1       4.874452747E-04   4.814024900E+00   9.016639000E-01   3.912361000E+00   0.000000000E+00 
                 200000  1.000000000E+00 
290610   Cu61    1       5.776804185E-05   1.132515000E+00   3.090207000E-01   8.234943000E-01   0.000000000E+00 
                 200000  1.000000000E+00 
290620   Cu62    1       1.194298874E-03   2.297607000E+00   1.290475000E+00   1.007132000E+00   0.000000000E+00 
                 200000  1.000000000E+00 
290630   Cu63    0       0.000000000E+00   0.000000000E+00   0.000000000E+00   0.000000000E+00   0.000000000E+00 
290640   Cu64    2       1.515950583E-05   3.118787000E-01   1.244287000E-01   1.874500000E-01   0.000000000E+00 
                 200000  6.150000000E-01 
                 100000  3.850000000E-01 
290650   Cu65    0       0.000000000E+00   0.000000000E+00   0.000000000E+00   0.000000000E+00   0.000000000E+00 
290660   Cu66    1       2.256338478E-03   1.164461650E+00   1.066660000E+00   9.780165000E-02   0.000000000E+00 
                 100000  1.000000000E+00 
290670   Cu67    1       3.114036608E-06   2.709477000E-01   1.556058000E-01   1.153419000E-01   0.000000000E+00 
                 100000  1.000000000E+00 
290680   Cu68    1       2.228769069E-02   2.491750000E+00   1.470809000E+00   1.020941000E+00   0.000000000E+00 
                 100000  1.000000000E+00 
290681   Cu68m1  2       3.080654136E-03   1.156690200E+00   2.752731000E-01   8.814171000E-01   0.000000000E+00 
                 100000  1.600000000E-01 
                 300000  8.400000000E-01 
290690   Cu69    1       4.053492284E-03   1.414126100E+00   8.891296000E-01   5.249965000E-01   0.000000000E+00 
                 100000  1.000000000E+00 
290700   Cu70    1       1.557634114E-02   4.819781000E+00   1.327425000E+00   3.492356000E+00   0.000000000E+00 
                 100000  1.000000000E+00 
290701   Cu70m1  2       2.100446002E-02   2.367500000E+00   1.159486000E+00   1.208014000E+00   0.000000000E+00 
                 100000  5.200000000E-01 
                 300000  4.800000000E-01 
290702   Cu70m2  2       1.050223001E-01   4.260725000E+00   2.122114000E+00   2.138611000E+00   0.000000000E+00 
                 100000  9.320000000E-01 
                 300000  6.800000000E-02 
290710   Cu71    1       3.554600926E-02   3.078524000E+00   1.539262000E+00   1.539262000E+00   0.000000000E+00 
                 100000  1.000000000E+00 
290720   Cu72    1       1.045470861E-01   5.311722000E+00   2.494305000E+00   2.817417000E+00   0.000000000E+00 
                 100000  1.000000000E+00 
290730   Cu73    2       1.650350430E-01   3.192496609E+00   2.886858000E+00   3.056090000E-01   2.960871000E-05 
                 100000  9.997100000E-01 
                 150000  2.900000000E-04 
290740   Cu74    2       3.960841032E-01   5.639852873E+00   3.552032000E+00   2.087548000E+00   2.728733000E-04 
                 100000  9.992500000E-01 
                 150000  7.500000000E-04 
290750   Cu75    2       5.662967161E-01   4.717540710E+00   2.696957000E+00   2.002834000E+00   1.774971000E-02 
                 100000  9.650000000E-01 
                 150000  3.500000000E-02 
290760   Cu76    2       1.061481134E+00   6.076035640E+00   4.397577000E+00   1.666403000E+00   1.205564000E-02 
                 100000  9.700000000E-01 
                 150000  3.000000000E-02 
290761   Cu76m1  1       5.457851815E-01   7.442660000E+00   3.721330000E+00   3.721330000E+00   0.000000000E+00 
                 100000  1.000000000E+00 
290770   Cu77    2       1.477925758E+00   5.865808700E+00   3.304022000E+00   2.429447000E+00   1.323397000E-01 
                 100000  8.250000000E-01 
                 150000  1.750000000E-01 
290780   Cu78    3       2.069096061E+00   6.863045700E+00   3.101352000E+00   3.479045000E+00   2.826487000E-01 
                 100000  6.294100000E-01 
                 150000  3.703734000E-01 
                 155000  2.166000000E-04 
290790   Cu79    2       3.686953088E+00   5.513995900E+00   3.287492000E+00   1.614341000E+00   6.121629000E-01 
                 100000  4.500000000E-01 
                 150000  5.500000000E-01 
290800   Cu80    3       4.077336356E+00   7.273173700E+00   3.529040000E+00   3.006157000E+00   7.379767000E-01 
                 100000  4.212400000E-01 
                 150000  5.163920000E-01 
                 155000  6.236800000E-02 
290810   Cu81    3       2.475525645E+01   7.147472000E+00   3.449554000E+00   1.978435000E+00   1.719483000E+00 
                 150000  9.496160000E-01 
                 155000  5.038380000E-02 
                 155500  1.923400000E-07 
300540   Zn54    1       1.873370758E+02   2.330000000E+00   0.000000000E+00   0.000000000E+00   2.330000000E+00 
                 770000  1.000000000E+00 
300550   Zn55    1       3.465735903E+01   1.144466600E+01   5.722333000E+00   5.722333000E+00   0.000000000E+00 
                 200000  1.000000000E+00 
300560   Zn56    1       1.386294361E+06   8.706000000E+00   4.353000000E+00   4.353000000E+00   0.000000000E+00 
                 200000  1.000000000E+00 
300570   Zn57    2       1.824071528E+01   1.017928000E+01   3.967171000E+00   3.967171000E+00   2.244938000E+00 
                 200000  3.500000000E-01 
                 270000  6.500000000E-01 
300580   Zn58    1       8.251752150E+00   6.245988000E+00   3.122994000E+00   3.122994000E+00   0.000000000E+00 
                 200000  1.000000000E+00 
300590   Zn59    1       3.808500992E+00   4.855945000E+00   3.800933000E+00   1.055012000E+00   0.000000000E+00 
                 200000  1.000000000E+00 
300600   Zn60    1       4.853971853E-03   2.643755000E+00   1.121546000E+00   1.522209000E+00   0.000000000E+00 
                 200000  1.000000000E+00 
300610   Zn61    1       7.779429636E-03   3.384221000E+00   1.855907000E+00   1.528314000E+00   0.000000000E+00 
                 200000  1.000000000E+00 
300611   Zn61m1  1       1.611970187E+00   8.840000000E-02   0.000000000E+00   8.840000000E-02   0.000000000E+00 
                 300000  1.000000000E+00 
300612   Zn61m2  1       4.951051290E+00   4.181000000E-01   0.000000000E+00   4.181000000E-01   0.000000000E+00 
                 300000  1.000000000E+00 
300620   Zn62    1       2.079275200E-05   4.731034100E-01   3.197051000E-02   4.411329000E-01   0.000000000E+00 
                 200000  1.000000000E+00 
300630   Zn63    1       3.002977127E-04   2.016083900E+00   9.199129000E-01   1.096171000E+00   0.000000000E+00 
                 200000  1.000000000E+00 
300640   Zn64    0       0.000000000E+00   0.000000000E+00   0.000000000E+00   0.000000000E+00   0.000000000E+00 
300650   Zn65    1       3.288868763E-08   5.828413470E-01   6.938747000E-03   5.759026000E-01   0.000000000E+00 
                 200000  1.000000000E+00 
300660   Zn66    0       0.000000000E+00   0.000000000E+00   0.000000000E+00   0.000000000E+00   0.000000000E+00 
300670   Zn67    0       0.000000000E+00   0.000000000E+00   0.000000000E+00   0.000000000E+00   0.000000000E+00 
300680   Zn68    0       0.000000000E+00   0.000000000E+00   0.000000000E+00   0.000000000E+00   0.000000000E+00 
300690   Zn69    1       2.048307271E-04   3.216039002E-01   3.215979000E-01   6.000241000E-06   0.000000000E+00 
                 100000  1.000000000E+00 
300691   Zn69m1  2       1.399279677E-05   4.384435900E-01   2.238289000E-02   4.160607000E-01   0.000000000E+00 
                 100000  3.300000000E-04 
                 300000  9.996700000E-01 
300700   Zn70    1       0.000000000E+00   4.992300000E-01   4.992300000E-01   0.000000000E+00   0.000000000E+00 
                 110000  1.000000000E+00 
300710   Zn71    1       4.715286943E-03   1.359128800E+00   1.044194000E+00   3.149348000E-01   0.000000000E+00 
                 100000  1.000000000E+00 
300711   Zn71m1  1       4.862143522E-05   2.069624800E+00   5.316038000E-01   1.538021000E+00   0.000000000E+00 
                 100000  1.000000000E+00 
300720   Zn72    2       4.140664161E-06   2.451976800E-01   9.578138000E-02   1.494163000E-01   0.000000000E+00 
                 100000  9.647395000E-01 
                 100001  3.526050000E-02 
300730   Zn73    1       2.949562470E-02   1.874712000E+00   1.755969000E+00   1.187430000E-01   0.000000000E+00 
                 100000  1.000000000E+00 
300731   Zn73m1  2       1.195081346E-01   1.368644000E+00   6.843220000E-01   6.843220000E-01   0.000000000E+00 
                 100000  5.000000000E-01 
                 300000  5.000000000E-01 
300732   Zn73m2  1       5.331901389E+01   1.955000000E-01   0.000000000E+00   1.955000000E-01   0.000000000E+00 
                 300000  1.000000000E+00 
300740   Zn74    1       7.250493521E-03   1.391584300E+00   5.631870000E-01   8.283973000E-01   0.000000000E+00 
                 100000  1.000000000E+00 
300750   Zn75    1       6.795560594E-02   3.722899000E+00   1.902204000E+00   1.820695000E+00   0.000000000E+00 
                 100000  1.000000000E+00 
300760   Zn76    1       1.216047685E-01   2.032275300E+00   1.509136000E+00   5.231393000E-01   0.000000000E+00 
                 100000  1.000000000E+00 
300770   Zn77    1       3.332438368E-01   4.388494000E+00   2.448834000E+00   1.939660000E+00   0.000000000E+00 
                 100000  1.000000000E+00 
300771   Zn77m1  2       6.601401720E-01   3.044716000E+00   1.329258000E+00   1.715458000E+00   0.000000000E+00 
                 100000  5.000000000E-01 
                 300000  5.000000000E-01 
300780   Zn78    1       4.715286943E-01   3.738305000E+00   2.209149000E+00   1.529156000E+00   0.000000000E+00 
                 100000  1.000000000E+00 
300790   Zn79    2       6.966303322E-01   6.551708110E+00   1.994416000E+00   4.553374000E+00   3.918110000E-03 
                 100000  9.870000000E-01 
                 150000  1.300000000E-02 
300800   Zn80    2       1.283605890E+00   5.273060848E+00   1.789432000E+00   3.479329000E+00   4.299848000E-03 
                 100000  9.900000000E-01 
                 150000  1.000000000E-02 
300810   Zn81    2       2.166084939E+00   7.092509420E+00   3.324105000E+00   3.712813000E+00   5.559142000E-02 
                 100000  9.250000000E-01 
                 150000  7.500000000E-02 
300820   Zn82    3       1.332975347E+01   5.326115500E+00   3.315433000E+00   1.641622000E+00   3.690605000E-01 
                 100000  6.588300000E-01 
                 150000  3.411699000E-01 
                 155000  6.410200000E-09 
300830   Zn83    3       1.611970187E+01   6.736981400E+00   4.834216000E+00   1.822824000E+00   7.994140000E-02 
                 100000  9.185950000E-01 
                 150000  7.597250000E-02 
                 155000  5.432500000E-03 
310560   Ga56    1       1.174825730E+02   2.920000000E+00   0.000000000E+00   0.000000000E+00   2.920000000E+00 
                 700000  1.000000000E+00 
310570   Ga57    1       5.635342931E+01   2.296000000E+00   0.000000000E+00   0.000000000E+00   2.296000000E+00 
                 700000  1.000000000E+00 
310580   Ga58    1       4.560178819E+01   1.448000000E+00   0.000000000E+00   0.000000000E+00   1.448000000E+00 
                 700000  1.000000000E+00 
310590   Ga59    1       1.658246843E+01   1.038000000E+00   0.000000000E+00   0.000000000E+00   1.038000000E+00 
                 700000  1.000000000E+00 
310600   Ga60    1       9.902102579E+00   9.133727000E+00   4.599973000E+00   4.533754000E+00   0.000000000E+00 
                 200000  1.000000000E+00 
310610   Ga61    1       4.125876075E+00   6.170000000E+00   3.085000000E+00   3.085000000E+00   0.000000000E+00 
                 200000  1.000000000E+00 
310620   Ga62    1       5.969231662E+00   4.880150000E+00   3.859463000E+00   1.020687000E+00   0.000000000E+00 
                 200000  1.000000000E+00 
310630   Ga63    1       2.139343150E-02   3.335477000E+00   1.961571000E+00   1.373906000E+00   0.000000000E+00 
                 200000  1.000000000E+00 
310640   Ga64    1       4.397583940E-03   5.062476000E+00   1.700999000E+00   3.361477000E+00   0.000000000E+00 
                 200000  1.000000000E+00 
310650   Ga65    1       7.600298032E-04   1.997741300E+00   8.240873000E-01   1.173654000E+00   0.000000000E+00 
                 200000  1.000000000E+00 
310660   Ga66    1       2.028881807E-05   3.467396600E+00   9.954656000E-01   2.471931000E+00   0.000000000E+00 
                 200000  1.000000000E+00 
310670   Ga67    1       2.459618065E-06   1.945574400E-01   3.591364000E-02   1.586438000E-01   0.000000000E+00 
                 200000  1.000000000E+00 
310680   Ga68    1       1.706166447E-04   1.691002700E+00   7.399866000E-01   9.510161000E-01   0.000000000E+00 
                 200000  1.000000000E+00 
310690   Ga69    0       0.000000000E+00   0.000000000E+00   0.000000000E+00   0.000000000E+00   0.000000000E+00 
310700   Ga70    2       5.464736523E-04   6.513365240E-01   6.440483000E-01   7.288224000E-03   0.000000000E+00 
                 100000  9.959000000E-01 
                 200000  4.100000000E-03 
310710   Ga71    0       0.000000000E+00   0.000000000E+00   0.000000000E+00   0.000000000E+00   0.000000000E+00 
310720   Ga72    1       1.365538181E-05   3.245998700E+00   4.758717000E-01   2.770127000E+00   0.000000000E+00 
                 100000  1.000000000E+00 
310721   Ga72m1  1       1.746842693E+01   1.196600000E-01   0.000000000E+00   1.196600000E-01   0.000000000E+00 
                 300000  1.000000000E+00 
310730   Ga73    2       3.961746574E-05   7.917171000E-01   4.507385000E-01   3.409786000E-01   0.000000000E+00 
                 100000  1.476900000E-02 
                 100001  9.852310000E-01 
310740   Ga74    1       1.422715888E-03   4.023584500E+00   9.907845000E-01   3.032800000E+00   0.000000000E+00 
                 100000  1.000000000E+00 
310741   Ga74m1  2       7.296286111E-02   6.467786300E-01   6.150000000E-01   3.177863000E-02   0.000000000E+00 
                 100000  2.500000000E-01 
                 300000  7.500000000E-01 
310750   Ga75    2       5.501168100E-03   1.690372600E+00   1.359269000E+00   3.311036000E-01   0.000000000E+00 
                 100000  9.632386000E-01 
                 100001  3.676137000E-02 
310760   Ga76    1       2.126218345E-02   4.672785000E+00   1.872300000E+00   2.800485000E+00   0.000000000E+00 
                 100000  1.000000000E+00 
310770   Ga77    1       5.251115004E-02   2.764081600E+00   1.974744000E+00   7.893376000E-01   0.000000000E+00 
                 100000  1.000000000E+00 
310780   Ga78    1       1.361782280E-01   5.121560000E+00   2.583018000E+00   2.538542000E+00   0.000000000E+00 
                 100000  1.000000000E+00 
310790   Ga79    3       2.434658168E-01   4.487422742E+00   2.405906000E+00   2.081253000E+00   2.637422000E-04 
                 100000  9.494471000E-01 
                 100001  4.966281000E-02 
                 150000  8.900000000E-04 
310800   Ga80    2       4.135723034E-01   6.182861376E+00   3.604748000E+00   2.575357000E+00   2.756376000E-03 
                 100000  9.914000000E-01 
                 150000  8.600000000E-03 
310810   Ga81    3       5.695539692E-01   4.624721070E+00   2.362769000E+00   2.217830000E+00   4.412207000E-02 
                 100000  4.662292000E-01 
                 100001  4.147707000E-01 
                 150000  1.190000000E-01 
310820   Ga82    3       1.157173924E+00   8.024927200E+00   3.139513000E+00   4.803302000E+00   8.211220000E-02 
                 100000  8.906500000E-01 
                 150000  1.093500000E-01 
                 155000  1.396800000E-09 
310830   Ga83    3       2.249747421E+00   5.216622600E+00   3.271167000E+00   1.337639000E+00   6.078166000E-01 
                 100000  2.567300000E-01 
                 150000  7.432698000E-01 
                 155000  2.047900000E-07 
310840   Ga84    3       8.154672712E+00   8.038441900E+00   4.393912000E+00   3.480883000E+00   1.636469000E-01 
                 100000  8.402000000E-01 
                 150000  1.513300000E-01 
                 155000  8.470000000E-03 
310850   Ga85    3       1.444056626E+01   5.495196600E+00   3.764120000E+00   6.925616000E-01   1.038515000E+00 
                 150000  9.922928000E-01 
                 155000  7.707193000E-03 
                 155500  6.445500000E-09 
310860   Ga86    4       2.390162692E+01   6.602757500E+00   4.383345000E+00   1.453503000E+00   7.659095000E-01 
                 100000  2.375283000E-01 
                 150000  7.089526000E-01 
                 155000  5.348734000E-02 
                 155500  3.165600000E-05 
320580   Ge58    1       4.560178819E+01   2.906000000E+00   0.000000000E+00   0.000000000E+00   2.906000000E+00 
                 770000  1.000000000E+00 
320590   Ge59    1       1.658246843E+01   1.518000000E+00   0.000000000E+00   0.000000000E+00   1.518000000E+00 
                 770000  1.000000000E+00 
320600   Ge60    2       2.310490602E+01   4.113834000E+00   2.029167000E+00   2.029167000E+00   5.550000000E-02 
                 200000  5.000000000E-01 
                 770000  5.000000000E-01 
320610   Ge61    2       1.777300463E+01   9.682600000E+00   3.524400000E+00   3.524400000E+00   2.633800000E+00 
                 200000  2.000000000E-01 
                 270000  8.000000000E-01 
320620   Ge62    1       4.620981204E+06   6.495334000E+00   3.247667000E+00   3.247667000E+00   0.000000000E+00 
                 200000  1.000000000E+00 
320630   Ge63    1       4.881318173E+00   6.417252000E+00   3.208626000E+00   3.208626000E+00   0.000000000E+00 
                 200000  1.000000000E+00 
320640   Ge64    1       1.088143141E-02   3.012000000E+00   1.506000000E+00   1.506000000E+00   0.000000000E+00 
                 200000  1.000000000E+00 
320650   Ge65    1       2.243194759E-02   4.117748000E+00   2.058874000E+00   2.058874000E+00   0.000000000E+00 
                 200000  1.000000000E+00 
320660   Ge66    1       8.519508119E-05   7.807450300E-01   9.768093000E-02   6.830641000E-01   0.000000000E+00 
                 200000  1.000000000E+00 
320670   Ge67    1       6.112409000E-04   2.813992000E+00   1.406996000E+00   1.406996000E+00   0.000000000E+00 
                 200000  1.000000000E+00 
320680   Ge68    1       2.960891977E-08   9.121507000E-03   5.005851000E-03   4.115656000E-03   0.000000000E+00 
                 200000  1.000000000E+00 
320690   Ge69    1       4.930624417E-06   1.071117100E+00   1.204451000E-01   9.506720000E-01   0.000000000E+00 
                 200000  1.000000000E+00 
320700   Ge70    0       0.000000000E+00   0.000000000E+00   0.000000000E+00   0.000000000E+00   0.000000000E+00 
320710   Ge71    1       7.018842355E-07   9.091559000E-03   4.973068000E-03   4.118491000E-03   0.000000000E+00 
                 200000  1.000000000E+00 
320711   Ge71m1  1       3.396115534E+01   1.975133800E-01   3.309608000E-02   1.644173000E-01   0.000000000E+00 
                 300000  1.000000000E+00 
320720   Ge72    0       0.000000000E+00   0.000000000E+00   0.000000000E+00   0.000000000E+00   0.000000000E+00 
320730   Ge73    0       0.000000000E+00   0.000000000E+00   0.000000000E+00   0.000000000E+00   0.000000000E+00 
320731   Ge73m1  1       1.389072506E+00   6.616157000E-02   5.482683000E-02   1.133474000E-02   0.000000000E+00 
                 300000  1.000000000E+00 
320740   Ge74    0       0.000000000E+00   0.000000000E+00   0.000000000E+00   0.000000000E+00   0.000000000E+00 
320750   Ge75    1       1.395560885E-04   4.555586800E-01   4.203166000E-01   3.524208000E-02   0.000000000E+00 
                 100000  1.000000000E+00 
320751   Ge75m1  2       1.453138743E-02   1.396263900E-01   8.163705000E-02   5.798934000E-02   0.000000000E+00 
                 100000  3.000000000E-04 
                 300000  9.997000000E-01 
320760   Ge76    0       0.000000000E+00   0.000000000E+00   0.000000000E+00   0.000000000E+00   0.000000000E+00 
320770   Ge77    1       1.703901624E-05   1.728796600E+00   6.501386000E-01   1.078658000E+00   0.000000000E+00 
                 100000  1.000000000E+00 
320771   Ge77m1  2       1.310297128E-02   1.040835820E+00   9.668164000E-01   7.401942000E-02   0.000000000E+00 
                 100000  8.100000000E-01 
                 300000  1.900000000E-01 
320780   Ge78    1       1.312778751E-04   5.062101000E-01   2.281326000E-01   2.780775000E-01   0.000000000E+00 
                 100000  1.000000000E+00 
320790   Ge79    1       3.651987253E-02   2.022616500E+00   1.713962000E+00   3.086545000E-01   0.000000000E+00 
                 100000  1.000000000E+00 
320791   Ge79m1  2       1.777300463E-02   2.485982000E+00   1.289886000E+00   1.196096000E+00   0.000000000E+00 
                 100000  9.600000000E-01 
                 300000  4.000000000E-02 
320800   Ge80    1       2.349651460E-02   1.193020600E+00   1.046443000E+00   1.465776000E-01   0.000000000E+00 
                 100000  1.000000000E+00 
320810   Ge81    1       9.120357639E-02   4.257039000E+00   1.617203000E+00   2.639836000E+00   0.000000000E+00 
                 100000  1.000000000E+00 
320811   Ge81m1  1       9.120357639E-02   3.982106000E+00   2.533311000E+00   1.448795000E+00   0.000000000E+00 
                 100000  1.000000000E+00 
320820   Ge82    1       1.523400397E-01   2.644911000E+00   1.565011000E+00   1.079900000E+00   0.000000000E+00 
                 100000  1.000000000E+00 
320830   Ge83    1       3.746741517E-01   5.354010000E+00   2.848033000E+00   2.505977000E+00   0.000000000E+00 
                 100000  1.000000000E+00 
320840   Ge84    2       7.265693717E-01   4.122492830E+00   2.632833000E+00   1.432388000E+00   5.727183000E-02 
                 100000  8.980000000E-01 
                 150000  1.020000000E-01 
320850   Ge85    3       1.295602207E+00   5.386779240E+00   4.041697000E+00   1.333269000E+00   1.181324000E-02 
                 100000  9.858960000E-01 
                 150000  1.410358000E-02 
                 155000  4.203800000E-07 
320860   Ge86    2       7.296286111E+00   5.023358020E+00   3.430729000E+00   1.546630000E+00   4.599902000E-02 
                 100000  9.480350000E-01 
                 150000  5.196500000E-02 
320870   Ge87    3       4.951051290E+00   6.565423530E+00   4.051868000E+00   2.470324000E+00   4.323153000E-02 
                 100000  9.587610000E-01 
                 150000  4.049054000E-02 
                 155000  7.484600000E-04 
320880   Ge88    3       1.050223001E+01   5.797305540E+00   4.122607000E+00   1.622613000E+00   5.208554000E-02 
                 100000  9.516240000E-01 
                 150000  4.820297000E-02 
                 155000  1.730300000E-04 
320890   Ge89    4       1.777300463E+01   6.733360300E+00   4.779328000E+00   1.816697000E+00   1.373353000E-01 
                 100000  7.658500000E-01 
                 150000  2.259392000E-01 
                 155000  8.210797000E-03 
                 155500  2.477600000E-09 
330600   As60    1       8.351170850E+01   3.088000000E+00   0.000000000E+00   0.000000000E+00   3.088000000E+00 
                 700000  1.000000000E+00 
330610   As61    1       4.175585425E+01   2.501000000E+00   0.000000000E+00   0.000000000E+00   2.501000000E+00 
                 700000  1.000000000E+00 
330620   As62    1       2.676243940E+01   1.672000000E+00   0.000000000E+00   0.000000000E+00   1.672000000E+00 
                 700000  1.000000000E+00 
330630   As63    1       7.526028019E+00   1.430000000E+00   0.000000000E+00   0.000000000E+00   1.430000000E+00 
                 700000  1.000000000E+00 
330640   As64    1       1.925408835E+01   9.975334000E+00   4.987667000E+00   4.987667000E+00   0.000000000E+00 
                 200000  1.000000000E+00 
330650   As65    1       5.415212348E+00   6.362372000E+00   3.181186000E+00   3.181186000E+00   0.000000000E+00 
                 200000  1.000000000E+00 
330660   As66    1       7.236112126E+00   6.385584000E+00   3.192792000E+00   3.192792000E+00   0.000000000E+00 
                 200000  1.000000000E+00 
330670   As67    1       1.630934542E-02   3.565662000E+00   2.095698000E+00   1.469964000E+00   0.000000000E+00 
                 200000  1.000000000E+00 
330680   As68    1       4.572210954E-03   5.730339000E+00   2.011323000E+00   3.719016000E+00   0.000000000E+00 
                 200000  1.000000000E+00 
330690   As69    1       7.585326992E-04   2.362773000E+00   1.219356000E+00   1.143417000E+00   0.000000000E+00 
                 200000  1.000000000E+00 
330700   As70    1       2.196283842E-04   4.888809400E+00   8.899154000E-01   3.998894000E+00   0.000000000E+00 
                 200000  1.000000000E+00 
330710   As71    1       2.948558706E-06   6.935229000E-01   1.163874000E-01   5.771355000E-01   0.000000000E+00 
                 200000  1.000000000E+00 
330720   As72    1       7.405418596E-06   2.836853000E+00   1.037555000E+00   1.799298000E+00   0.000000000E+00 
                 200000  1.000000000E+00 
330730   As73    1       9.990705868E-08   9.752801000E-03   5.082794000E-03   4.670007000E-03   0.000000000E+00 
                 200001  1.000000000E+00 
330740   As74    2       4.514652117E-07   1.024117300E+00   2.654718000E-01   7.586455000E-01   0.000000000E+00 
                 200000  6.600000000E-01 
                 100000  3.400000000E-01 
330750   As75    0       0.000000000E+00   0.000000000E+00   0.000000000E+00   0.000000000E+00   0.000000000E+00 
330751   As75m1  1       3.933865951E+01   3.038651300E-01   2.030533000E-02   2.835598000E-01   0.000000000E+00 
                 300000  1.000000000E+00 
330760   As76    1       7.337686109E-06   1.482040400E+00   1.065460000E+00   4.165804000E-01   0.000000000E+00 
                 100000  1.000000000E+00 
330770   As77    2       4.958559966E-06   2.337229990E-01   2.256430000E-01   8.079999000E-03   0.000000000E+00 
                 100000  9.966713000E-01 
                 100001  3.328660000E-03 
330780   As78    1       1.273699340E-04   2.564591000E+00   1.258003000E+00   1.306588000E+00   0.000000000E+00 
                 100000  1.000000000E+00 
330790   As79    2       1.282181244E-03   8.730190000E-01   8.392391000E-01   3.377990000E-02   0.000000000E+00 
                 100000  2.368620000E-02 
                 100001  9.763138000E-01 
330800   As80    1       4.560178819E-02   2.729977600E+00   2.148052000E+00   5.819256000E-01   0.000000000E+00 
                 100000  1.000000000E+00 
330810   As81    2       2.081523065E-02   1.805341600E+00   1.575070000E+00   2.302716000E-01   0.000000000E+00 
                 100000  9.641103000E-01 
                 100001  3.588970000E-02 
330820   As82    1       3.629042830E-02   1.771868600E+00   1.463697000E+00   3.081716000E-01   0.000000000E+00 
                 100000  1.000000000E+00 
330821   As82m1  1       5.096670445E-02   4.935715000E+00   2.146640000E+00   2.789075000E+00   0.000000000E+00 
                 100000  1.000000000E+00 
330830   As83    1       5.172740153E-02   3.761474000E+00   1.449660000E+00   2.311814000E+00   0.000000000E+00 
                 100000  1.000000000E+00 
330840   As84    2       1.650350430E-01   6.351005918E+00   3.204474000E+00   3.146033000E+00   4.989182000E-04 
                 100000  9.982000000E-01 
                 150000  1.800000000E-03 
330850   As85    2       3.429723803E-01   3.744168700E+00   2.278171000E+00   1.048928000E+00   4.170697000E-01 
                 100000  4.060000000E-01 
                 150000  5.940000000E-01 
330860   As86    3       7.334890800E-01   7.106206450E+00   3.124038000E+00   3.926574000E+00   5.559445000E-02 
                 100000  6.449937000E-01 
                 150000  3.550000000E-01 
                 155000  6.299100000E-06 
330870   As87    3       1.237762822E+00   5.608789300E+00   3.074200000E+00   2.379600000E+00   1.549893000E-01 
                 100000  6.032800000E-01 
                 150000  3.967200000E-01 
                 155000  6.350200000E-12 
330880   As88    3       6.188814112E+00   6.445595500E+00   3.719405000E+00   2.504230000E+00   2.219605000E-01 
                 100000  5.903000000E-01 
                 150000  4.076173000E-01 
                 155000  2.082700000E-03 
330890   As89    3       1.174825730E+01   4.684045100E+00   3.622813000E+00   3.949340000E-01   6.662981000E-01 
                 100000  1.000000000E-05 
                 150000  9.992215000E-01 
                 155000  7.684200000E-04 
330900   As90    4       1.611970187E+01   7.487217600E+00   4.397855000E+00   2.679179000E+00   4.101836000E-01 
                 100000  5.834300000E-01 
                 150000  4.020640000E-01 
                 155000  1.450599000E-02 
                 155500  3.711700000E-09 
330910   As91    3       1.575334501E+01   6.325203000E+00   3.993312000E+00   1.238917000E+00   1.092974000E+00 
                 150000  9.858410000E-01 
                 155000  1.414078000E-02 
                 155500  1.821300000E-05 
330920   As92    4       2.567211780E+01   6.050681400E+00   3.907957000E+00   8.527704000E-01   1.289954000E+00 
                 150000  6.950500000E-01 
                 155000  3.037823000E-01 
                 155500  1.167700000E-03 
                 155550  4.864000000E-12 
340650   Se65    1       1.386294361E+01   9.345334000E+00   4.672667000E+00   4.672667000E+00   0.000000000E+00 
                 200000  1.000000000E+00 
340660   Se66    1       2.100446002E+01   6.871334000E+00   3.435667000E+00   3.435667000E+00   0.000000000E+00 
                 200000  1.000000000E+00 
340670   Se67    1       5.096670445E+00   6.670460000E+00   3.335230000E+00   3.335230000E+00   0.000000000E+00 
                 200000  1.000000000E+00 
340680   Se68    1       1.952527269E-02   3.136704000E+00   1.568352000E+00   1.568352000E+00   0.000000000E+00 
                 200000  1.000000000E+00 
340690   Se69    1       2.529734236E-02   4.162728000E+00   2.298354000E+00   1.864374000E+00   0.000000000E+00 
                 200000  1.000000000E+00 
340700   Se70    1       2.810815817E-04   1.104310100E+00   2.975016000E-01   8.068085000E-01   0.000000000E+00 
                 200000  1.000000000E+00 
340710   Se71    1       2.437226373E-03   2.977295000E+00   1.370519000E+00   1.606776000E+00   0.000000000E+00 
                 200000  1.000000000E+00 
340720   Se72    1       9.550639062E-07   5.637152000E-02   2.254440000E-02   3.382712000E-02   0.000000000E+00 
                 200000  1.000000000E+00 
340730   Se73    1       2.692879489E-05   1.466144700E+00   3.800617000E-01   1.086083000E+00   0.000000000E+00 
                 200000  1.000000000E+00 
340731   Se73m1  2       2.902626384E-04   4.254422000E-01   1.628508000E-01   2.625914000E-01   0.000000000E+00 
                 200000  2.740000000E-01 
                 300000  7.260000000E-01 
340740   Se74    0       0.000000000E+00   0.000000000E+00   0.000000000E+00   0.000000000E+00   0.000000000E+00 
340750   Se75    1       6.697164798E-08   4.031810100E-01   1.429871000E-02   3.888823000E-01   0.000000000E+00 
                 200000  1.000000000E+00 
340760   Se76    0       0.000000000E+00   0.000000000E+00   0.000000000E+00   0.000000000E+00   0.000000000E+00 
340770   Se77    0       0.000000000E+00   0.000000000E+00   0.000000000E+00   0.000000000E+00   0.000000000E+00 
340771   Se77m1  1       3.992783298E-02   1.619771500E-01   7.314571000E-02   8.883144000E-02   0.000000000E+00 
                 300000  1.000000000E+00 
340780   Se78    0       0.000000000E+00   0.000000000E+00   0.000000000E+00   0.000000000E+00   0.000000000E+00 
340790   Se79    1       7.445597778E-14   5.580000000E-02   5.580000000E-02   0.000000000E+00   0.000000000E+00 
                 100000  1.000000000E+00 
340791   Se79m1  2       2.947054339E-03   9.549192000E-02   8.169542000E-02   1.379650000E-02   0.000000000E+00 
                 100000  5.600000000E-04 
                 300000  9.994400000E-01 
340800   Se80    1       0.000000000E+00   6.628000000E-02   6.628000000E-02   0.000000000E+00   0.000000000E+00 
                 110000  1.000000000E+00 
340810   Se81    1       6.261492146E-04   6.188985720E-01   6.107553000E-01   8.143272000E-03   0.000000000E+00 
                 100000  1.000000000E+00 
340811   Se81m1  2       2.016838863E-04   1.029358200E-01   8.493666000E-02   1.799916000E-02   0.000000000E+00 
                 100000  5.100000000E-04 
                 300000  9.994900000E-01 
340820   Se82    0       0.000000000E+00   0.000000000E+00   0.000000000E+00   0.000000000E+00   0.000000000E+00 
340830   Se83    1       5.180472201E-04   3.006160400E+00   4.682724000E-01   2.537888000E+00   0.000000000E+00 
                 100000  1.000000000E+00 
340831   Se83m1  1       9.887976898E-03   2.253822600E+00   1.271546000E+00   9.822766000E-01   0.000000000E+00 
                 100000  1.000000000E+00 
340840   Se84    1       3.543697242E-03   9.485695000E-01   5.403695000E-01   4.082000000E-01   0.000000000E+00 
                 100000  1.000000000E+00 
340850   Se85    1       2.186584166E-02   3.922988000E+00   1.867937000E+00   2.055051000E+00   0.000000000E+00 
                 100000  1.000000000E+00 
340860   Se86    1       4.847183081E-02   3.600894000E+00   1.328343000E+00   2.272551000E+00   0.000000000E+00 
                 100000  1.000000000E+00 
340870   Se87    2       1.260267601E-01   3.769067945E+00   3.106830000E+00   6.619257000E-01   3.122447000E-04 
                 100000  9.980000000E-01 
                 150000  2.000000000E-03 
340880   Se88    2       4.530373729E-01   3.558052925E+00   2.709247000E+00   8.471815000E-01   1.624425000E-03 
                 100000  9.933000000E-01 
                 150000  6.700000000E-03 
340890   Se89    2       1.690602879E+00   4.662396480E+00   3.616026000E+00   9.999749000E-01   4.639558000E-02 
                 100000  9.220000000E-01 
                 150000  7.800000000E-02 
340900   Se90    2       4.305261991E+00   4.158541460E+00   3.324942000E+00   8.270699000E-01   6.529560000E-03 
                 100000  9.917406000E-01 
                 150000  8.259400000E-03 
340910   Se91    3       2.567211780E+00   5.848735839E+00   4.271170000E+00   1.569887000E+00   7.678839000E-03 
                 100000  9.874930000E-01 
                 150000  1.249422000E-02 
                 155000  1.277300000E-05 
340920   Se92    3       7.453195490E+00   5.127383800E+00   3.750670000E+00   1.360459000E+00   1.625480000E-02 
                 100000  9.805200000E-01 
                 150000  1.947985000E-02 
                 155000  1.464800000E-07 
340930   Se93    3       1.117979323E+01   6.360631000E+00   3.687429000E+00   2.460662000E+00   2.125400000E-01 
                 100000  6.779200000E-01 
                 150000  3.173086000E-01 
                 155000  4.771400000E-03 
340940   Se94    3       1.174825730E+01   5.388364600E+00   4.022031000E+00   1.181197000E+00   1.851366000E-01 
                 100000  7.136900000E-01 
                 150000  2.852161000E-01 
                 155000  1.093900000E-03 
350670   Br67    1       1.564666322E+01   1.635000000E+00   0.000000000E+00   0.000000000E+00   1.635000000E+00 
                 700000  1.000000000E+00 
350680   Br68    1       5.776226505E+05   5.600000000E-01   0.000000000E+00   0.000000000E+00   5.600000000E-01 
                 700000  1.000000000E+00 
350690   Br69    1       2.888113252E+07   4.500000000E-01   0.000000000E+00   0.000000000E+00   4.500000000E-01 
                 700000  1.000000000E+00 
350700   Br70    1       8.762922637E+00   7.002848000E+00   3.501424000E+00   3.501424000E+00   0.000000000E+00 
                 200000  1.000000000E+00 
350701   Br70m1  1       3.150669003E-01   8.531048000E+00   4.265524000E+00   4.265524000E+00   0.000000000E+00 
                 200000  1.000000000E+00 
350710   Br71    1       3.239005517E-02   4.429392000E+00   2.214696000E+00   2.214696000E+00   0.000000000E+00 
                 200000  1.000000000E+00 
350720   Br72    1       8.818666419E-03   5.588676000E+00   2.706695000E+00   2.881981000E+00   0.000000000E+00 
                 200000  1.000000000E+00 
350721   Br72m1  1       6.539124345E-02   1.011827400E-01   5.052802000E-02   5.065472000E-02   0.000000000E+00 
                 300000  1.000000000E+00 
350730   Br73    2       3.397780297E-03   2.727135000E+00   1.312803000E+00   1.414332000E+00   0.000000000E+00 
                 200000  1.116170000E-03 
                 200001  9.988838000E-01 
350740   Br74    1       4.548209846E-04   5.685514000E+00   1.054949000E+00   4.630565000E+00   0.000000000E+00 
                 200000  1.000000000E+00 
350741   Br74m1  1       2.511402828E-04   5.057164000E+00   1.244335000E+00   3.812829000E+00   0.000000000E+00 
                 200000  1.000000000E+00 
350750   Br75    1       1.194669391E-04   1.764126300E+00   5.491513000E-01   1.214975000E+00   0.000000000E+00 
                 200000  1.000000000E+00 
350760   Br76    1       1.188523972E-05   3.430041200E+00   6.512822000E-01   2.778759000E+00   0.000000000E+00 
                 200000  1.000000000E+00 
350761   Br76m1  2       5.291199852E-01   1.123428600E-01   6.889336000E-02   4.344950000E-02   0.000000000E+00 
                 200000  3.000000000E-03 
                 300000  9.970000000E-01 
350770   Br77    1       3.375778166E-06   3.301167110E-01   9.263211000E-03   3.208535000E-01   0.000000000E+00 
                 200000  1.000000000E+00 
350771   Br77m1  1       2.699171264E-03   1.057963900E-01   8.632593000E-02   1.947046000E-02   0.000000000E+00 
                 300000  1.000000000E+00 
350780   Br78    1       1.791077986E-03   2.057754000E+00   1.023863000E+00   1.033891000E+00   0.000000000E+00 
                 200000  1.000000000E+00 
350790   Br79    0       0.000000000E+00   0.000000000E+00   0.000000000E+00   0.000000000E+00   0.000000000E+00 
350791   Br79m1  1       1.426228767E-01   2.073343000E-01   4.802600000E-02   1.593083000E-01   0.000000000E+00 
                 300000  1.000000000E+00 
350800   Br80    2       6.534192879E-04   8.014896000E-01   7.258792000E-01   7.561040000E-02   0.000000000E+00 
                 100000  9.170000000E-01 
                 200000  8.300000000E-02 
350801   Br80m1  1       4.355635867E-05   8.543080000E-02   6.121145000E-02   2.421935000E-02   0.000000000E+00 
                 300000  1.000000000E+00 
350810   Br81    0       0.000000000E+00   0.000000000E+00   0.000000000E+00   0.000000000E+00   0.000000000E+00 
350820   Br82    1       5.457198670E-06   2.805585800E+00   1.459668000E-01   2.659619000E+00   0.000000000E+00 
                 100000  1.000000000E+00 
350821   Br82m1  2       1.884576347E-03   7.817596400E-02   7.009779000E-02   8.078174000E-03   0.000000000E+00 
                 100000  2.400000000E-02 
                 300000  9.760000000E-01 
350830   Br83    2       8.022536812E-05   3.371107510E-01   3.302363000E-01   6.874451000E-03   0.000000000E+00 
                 100000  2.403000000E-04 
                 100001  9.997597000E-01 
350840   Br84    1       3.637422232E-04   2.986727000E+00   1.229385000E+00   1.757342000E+00   0.000000000E+00 
                 100000  1.000000000E+00 
350841   Br84m1  1       1.925408835E-03   3.655445200E+00   8.870252000E-01   2.768420000E+00   0.000000000E+00 
                 100000  1.000000000E+00 
350850   Br85    2       3.983604486E-03   1.105724390E+00   1.044411000E+00   6.131339000E-02   0.000000000E+00 
                 100000  1.626200000E-03 
                 100001  9.983738000E-01 
350860   Br86    1       1.260267601E-02   5.240864000E+00   1.943696000E+00   3.297168000E+00   0.000000000E+00 
                 100000  1.000000000E+00 
350870   Br87    2       1.245547494E-02   5.006667998E+00   1.656542000E+00   3.344711000E+00   5.414998000E-03 
                 100000  9.740000000E-01 
                 150000  2.600000000E-02 
350880   Br88    2       4.255047149E-02   4.852176170E+00   1.702089000E+00   3.133758000E+00   1.632917000E-02 
                 100000  9.342000000E-01 
                 150000  6.580000000E-02 
350890   Br89    2       1.575334501E-01   3.830987370E+00   2.130996000E+00   1.629093000E+00   7.089837000E-02 
                 100000  8.620000000E-01 
                 150000  1.380000000E-01 
350900   Br90    2       3.610141565E-01   4.166897500E+00   2.514229000E+00   1.490085000E+00   1.625835000E-01 
                 100000  7.480000000E-01 
                 150000  2.520000000E-01 
350910   Br91    1       1.281233236E+00   3.803024000E+00   2.201486000E+00   1.601538000E+00   0.000000000E+00 
                 100000  1.000000000E+00 
350920   Br92    3       2.020837261E+00   6.975510300E+00   4.175647000E+00   2.648123000E+00   1.517403000E-01 
                 100000  8.644200000E-01 
                 150000  1.355442000E-01 
                 155000  3.571800000E-05 
350930   Br93    3       6.795560594E+00   5.391862600E+00   4.380166000E+00   8.511606000E-01   1.605360000E-01 
                 100000  7.337900000E-01 
                 150000  2.662067000E-01 
                 155000  3.237100000E-06 
350940   Br94    3       9.902102579E+00   5.163908400E+00   3.358548000E+00   1.239426000E+00   5.659344000E-01 
                 100000  1.308900000E-01 
                 150000  8.465930000E-01 
                 155000  2.251700000E-02 
350950   Br95    4       1.050223001E+01   5.180957900E+00   3.609401000E+00   7.964555000E-01   7.751014000E-01 
                 100000  1.670000000E-03 
                 150000  9.937367000E-01 
                 155000  4.593300000E-03 
                 155500  1.166400000E-12 
350960   Br96    4       1.650350430E+01   6.835993900E+00   4.246609000E+00   2.066966000E+00   5.224189000E-01 
                 100000  4.227185000E-01 
                 150000  5.161204000E-01 
                 155000  6.115958000E-02 
                 155500  1.417700000E-06 
350970   Br97    3       1.732867951E+01   6.142671000E+00   3.545922000E+00   1.550174000E+00   1.046575000E+00 
                 150000  9.512850000E-01 
                 155000  4.848785000E-02 
                 155500  2.271500000E-04 
360690   Kr69    1       2.166084939E+01   9.344000000E+00   4.672000000E+00   4.672000000E+00   0.000000000E+00 
                 200000  1.000000000E+00 
360700   Kr70    2       1.332975347E+01   6.563354000E+00   3.269756000E+00   3.269756000E+00   2.384200000E-02 
                 200000  9.870000000E-01 
                 270000  1.300000000E-02 
360710   Kr71    2       6.931471806E+00   6.736257000E+00   3.317208000E+00   3.317208000E+00   1.018410000E-01 
                 200000  9.480000000E-01 
                 270000  5.200000000E-02 
360720   Kr72    2       4.053492284E-02   3.095904000E+00   1.686378000E+00   1.409526000E+00   0.000000000E+00 
                 200000  9.469742000E-01 
                 200001  5.302571000E-02 
360730   Kr73    1       2.539000661E-02   4.096164000E+00   2.618678000E+00   1.477486000E+00   0.000000000E+00 
                 200000  1.000000000E+00 
360740   Kr74    1       1.004561131E-03   1.713812200E+00   6.338472000E-01   1.079965000E+00   0.000000000E+00 
                 200000  1.000000000E+00 
360750   Kr75    1       2.692879489E-03   2.805723000E+00   1.527091000E+00   1.278632000E+00   0.000000000E+00 
                 200000  1.000000000E+00 
360760   Kr76    1       1.300951915E-05   4.240251700E-01   1.541067000E-02   4.086145000E-01   0.000000000E+00 
                 200000  1.000000000E+00 
360770   Kr77    1       1.552749060E-04   1.721707900E+00   6.812639000E-01   1.040444000E+00   0.000000000E+00 
                 200000  1.000000000E+00 
360780   Kr78    0       0.000000000E+00   0.000000000E+00   0.000000000E+00   0.000000000E+00   0.000000000E+00 
360790   Kr79    1       5.494888227E-06   2.785673700E-01   2.370987000E-02   2.548575000E-01   0.000000000E+00 
                 200000  1.000000000E+00 
360791   Kr79m1  1       1.386294361E-02   1.301976800E-01   8.945725000E-02   4.074043000E-02   0.000000000E+00 
                 300000  1.000000000E+00 
360800   Kr80    0       0.000000000E+00   0.000000000E+00   0.000000000E+00   0.000000000E+00   0.000000000E+00 
360810   Kr81    1       9.591489057E-14   1.206109100E-02   4.969069000E-03   7.092022000E-03   0.000000000E+00 
                 200000  1.000000000E+00 
360811   Kr81m1  2       5.291199852E-02   1.903953300E-01   5.935893000E-02   1.310364000E-01   0.000000000E+00 
                 200000  2.500000000E-05 
                 300000  9.999750000E-01 
360820   Kr82    0       0.000000000E+00   0.000000000E+00   0.000000000E+00   0.000000000E+00   0.000000000E+00 
360830   Kr83    0       0.000000000E+00   0.000000000E+00   0.000000000E+00   0.000000000E+00   0.000000000E+00 
360831   Kr83m1  1       1.052135975E-04   4.128664300E-02   3.849552000E-02   2.791123000E-03   0.000000000E+00 
                 300000  1.000000000E+00 
360840   Kr84    0       0.000000000E+00   0.000000000E+00   0.000000000E+00   0.000000000E+00   0.000000000E+00 
360850   Kr85    1       2.042070628E-09   2.528341050E-01   2.506031000E-01   2.231005000E-03   0.000000000E+00 
                 100000  1.000000000E+00 
360851   Kr85m1  2       4.297787578E-05   4.119877000E-01   2.546044000E-01   1.573833000E-01   0.000000000E+00 
                 100000  7.860000000E-01 
                 300000  2.140000000E-01 
360860   Kr86    0       0.000000000E+00   0.000000000E+00   0.000000000E+00   0.000000000E+00   0.000000000E+00 
360870   Kr87    1       1.514082963E-04   2.123020700E+00   1.331094000E+00   7.919267000E-01   0.000000000E+00 
                 100000  1.000000000E+00 
360880   Kr88    1       6.779608574E-05   2.322902400E+00   3.688324000E-01   1.954070000E+00   0.000000000E+00 
                 100000  1.000000000E+00 
360890   Kr89    1       3.667445400E-03   3.398836000E+00   1.467738000E+00   1.931098000E+00   0.000000000E+00 
                 100000  1.000000000E+00 
360900   Kr90    2       2.144638554E-02   2.688111000E+00   1.368392000E+00   1.319719000E+00   0.000000000E+00 
                 100000  8.699402000E-01 
                 100001  1.300597000E-01 
360910   Kr91    1       8.088065117E-02   4.000654000E+00   2.255092000E+00   1.745562000E+00   0.000000000E+00 
                 100000  1.000000000E+00 
360920   Kr92    2       3.767104242E-01   3.422103221E+00   2.004895000E+00   1.417134000E+00   7.422093000E-05 
                 100000  9.996680000E-01 
                 150000  3.320000000E-04 
360930   Kr93    2       5.389946972E-01   5.101912904E+00   2.831027000E+00   2.262147000E+00   8.738904000E-03 
                 100000  9.805000000E-01 
                 150000  1.950000000E-02 
360940   Kr94    2       3.269562172E+00   3.846829299E+00   2.778226000E+00   1.063807000E+00   4.796299000E-03 
                 100000  9.889000000E-01 
                 150000  1.110000000E-02 
360950   Kr95    3       6.080238426E+00   6.198335290E+00   2.799346000E+00   3.382703000E+00   1.628629000E-02 
                 100000  9.635520000E-01 
                 150000  3.644800000E-02 
                 155000  2.428600000E-16 
360960   Kr96    2       8.664339757E+00   4.498441910E+00   3.088467000E+00   1.394404000E+00   1.557091000E-02 
                 100000  9.630000000E-01 
                 150000  3.700000000E-02 
360970   Kr97    3       1.100233620E+01   6.142375420E+00   3.972855000E+00   2.135853000E+00   3.366742000E-02 
                 100000  9.262600000E-01 
                 150000  7.365147000E-02 
                 155000  8.852700000E-05 
360980   Kr98    3       1.506841697E+01   5.204008570E+00   3.363305000E+00   1.776206000E+00   6.449757000E-02 
                 100000  8.784300000E-01 
                 150000  1.215693000E-01 
                 155000  6.550700000E-07 
360990   Kr99    2       2.567211780E+01   7.683764430E+00   3.621578000E+00   3.998925000E+00   6.326143000E-02 
                 100000  8.900000000E-01 
                 150000  1.100000000E-01 
361000   Kr100   3       9.902102579E+01   6.223651800E+00   4.094743000E+00   2.021305000E+00   1.076038000E-01 
                 100000  8.623700000E-01 
                 150000  1.373661000E-01 
                 155000  2.638700000E-04 
370710   Rb71    1       6.931471806E+08   2.000000000E+00   0.000000000E+00   0.000000000E+00   2.000000000E+00 
                 700000  1.000000000E+00 
370720   Rb72    1       5.776226505E+05   9.220000000E-01   0.000000000E+00   0.000000000E+00   9.220000000E-01 
                 700000  1.000000000E+00 
370730   Rb73    1       2.310490602E+07   5.700000000E-01   0.000000000E+00   0.000000000E+00   5.700000000E-01 
                 700000  1.000000000E+00 
370740   Rb74    1       1.070067896E+01   5.474397000E+00   4.452640000E+00   1.021757000E+00   0.000000000E+00 
                 200000  1.000000000E+00 
370750   Rb75    1       3.648143056E-02   4.736648000E+00   2.368324000E+00   2.368324000E+00   0.000000000E+00 
                 200000  1.000000000E+00 
370760   Rb76    1       1.899033371E-02   5.701970000E+00   2.371960000E+00   3.330010000E+00   0.000000000E+00 
                 200000  1.000000000E+00 
370770   Rb77    1       3.064311143E-03   3.230269000E+00   1.683868000E+00   1.546401000E+00   0.000000000E+00 
                 200000  1.000000000E+00 
370780   Rb78    1       6.541592871E-04   5.217494000E+00   1.180472000E+00   4.037022000E+00   0.000000000E+00 
                 200000  1.000000000E+00 
370781   Rb78m1  2       2.012622475E-03   4.794061000E+00   1.535942000E+00   3.258119000E+00   0.000000000E+00 
                 200000  9.100000000E-01 
                 300000  9.000000000E-02 
370790   Rb79    1       5.044739305E-04   2.255207800E+00   8.072738000E-01   1.447934000E+00   0.000000000E+00 
                 200000  1.000000000E+00 
370800   Rb80    1       2.038668178E-02   3.223969000E+00   2.038093000E+00   1.185876000E+00   0.000000000E+00 
                 200000  1.000000000E+00 
370810   Rb81    2       4.211305413E-05   6.312138000E-01   1.220513000E-01   5.091625000E-01   0.000000000E+00 
                 200000  4.327695000E-02 
                 200001  9.567230000E-01 
370811   Rb81m1  3       3.787689511E-04   1.091499700E-01   7.965616000E-02   2.949381000E-02   0.000000000E+00 
                 200000  2.379725000E-02 
                 200001  2.027525000E-04 
                 300000  9.760000000E-01 
370820   Rb82    1       9.186841359E-03   2.520421000E+00   1.412122000E+00   1.108299000E+00   0.000000000E+00 
                 200000  1.000000000E+00 
370821   Rb82m1  1       2.974982749E-05   2.997063470E+00   7.992647000E-02   2.917137000E+00   0.000000000E+00 
                 200000  1.000000000E+00 
370830   Rb83    2       9.306887253E-08   4.997668580E-01   8.342358000E-03   4.914245000E-01   0.000000000E+00 
                 200000  2.573625000E-01 
                 200001  7.426375000E-01 
370840   Rb84    2       2.444404879E-07   1.052178700E+00   1.594367000E-01   8.927420000E-01   0.000000000E+00 
                 200000  9.610000000E-01 
                 100000  3.900000000E-02 
370841   Rb84m1  1       5.702099215E-04   4.509048500E-01   7.142905000E-02   3.794758000E-01   0.000000000E+00 
                 300000  1.000000000E+00 
370850   Rb85    0       0.000000000E+00   0.000000000E+00   0.000000000E+00   0.000000000E+00   0.000000000E+00 
370860   Rb86    2       4.306016213E-07   7.619911900E-01   6.689425000E-01   9.304869000E-02   0.000000000E+00 
                 100000  9.999480000E-01 
                 200000  5.200000000E-05 
370861   Rb86m1  1       1.135934416E-02   5.560824200E-01   9.865620000E-03   5.462168000E-01   0.000000000E+00 
                 300000  1.000000000E+00 
370870   Rb87    1       4.566427615E-19   8.170000000E-02   8.170000000E-02   0.000000000E+00   0.000000000E+00 
                 100000  1.000000000E+00 
370880   Rb88    1       6.500001693E-04   2.728562300E+00   2.051223000E+00   6.773393000E-01   0.000000000E+00 
                 100000  1.000000000E+00 
370890   Rb89    1       7.625381524E-04   3.205465700E+00   9.694017000E-01   2.236064000E+00   0.000000000E+00 
                 100000  1.000000000E+00 
370900   Rb90    1       4.387007472E-03   4.176952000E+00   1.904758000E+00   2.272194000E+00   0.000000000E+00 
                 100000  1.000000000E+00 
370901   Rb90m1  2       2.686616979E-03   4.980956000E+00   1.114603000E+00   3.866353000E+00   0.000000000E+00 
                 100000  9.740000000E-01 
                 300000  2.600000000E-02 
370910   Rb91    2       1.186895857E-02   4.077811006E+00   1.370281000E+00   2.707530000E+00   5.643034000E-09 
                 100000  9.999998000E-01 
                 150000  2.031900000E-07 
370920   Rb92    2       1.543070304E-01   5.014056407E+00   2.867442000E+00   2.146594000E+00   2.040733000E-05 
                 100000  9.998930000E-01 
                 150000  1.070000000E-04 
370930   Rb93    2       1.186895857E-01   4.683846563E+00   2.154812000E+00   2.523462000E+00   5.572563000E-03 
                 100000  9.861000000E-01 
                 150000  1.390000000E-02 
370940   Rb94    2       2.565311549E-01   3.960553000E+00   2.019690000E+00   1.894934000E+00   4.592900000E-02 
                 100000  8.950000000E-01 
                 150000  1.050000000E-01 
370950   Rb95    2       1.835179191E+00   3.588051230E+00   1.380428000E+00   2.161900000E+00   4.572323000E-02 
                 100000  9.130000000E-01 
                 150000  8.700000000E-02 
370960   Rb96    2       3.414518131E+00   4.912202440E+00   2.871097000E+00   1.985822000E+00   5.528344000E-02 
                 100000  8.670000000E-01 
                 150000  1.330000000E-01 
370970   Rb97    2       4.099037141E+00   4.005052300E+00   3.215521000E+00   6.584634000E-01   1.310679000E-01 
                 100000  7.450000000E-01 
                 150000  2.550000000E-01 
370980   Rb98    3       6.080238426E+00   5.754959440E+00   4.145890000E+00   1.535836000E+00   7.323344000E-02 
                 100000  8.614900000E-01 
                 150000  1.380000000E-01 
                 155000  5.100000000E-04 
370981   Rb98m1  1       7.220283131E+00   8.450490000E+00   4.225245000E+00   4.225245000E+00   0.000000000E+00 
                 100000  1.000000000E+00 
370990   Rb99    3       1.283605890E+01   5.444079900E+00   4.110214000E+00   1.228679000E+00   1.051869000E-01 
                 100000  7.231200000E-01 
                 150000  2.768768000E-01 
                 155000  3.195300000E-06 
371000   Rb100   3       1.359112119E+01   6.922682800E+00   4.006975000E+00   2.679429000E+00   2.362788000E-01 
                 100000  6.760000000E-01 
                 150000  3.191642000E-01 
                 155000  4.835800000E-03 
371010   Rb101   3       2.166084939E+01   6.233440600E+00   4.510109000E+00   1.494510000E+00   2.288216000E-01 
                 100000  6.772600000E-01 
                 150000  3.217980000E-01 
                 155000  9.419300000E-04 
371020   Rb102   4       1.873370758E+01   8.154938400E+00   4.563492000E+00   3.387526000E+00   2.039204000E-01 
                 100000  7.692300000E-01 
                 150000  2.199110000E-01 
                 155000  1.085900000E-02 
                 155500  6.074400000E-13 
380730   Sr73    1       2.772588722E+01   9.420666000E+00   4.710333000E+00   4.710333000E+00   0.000000000E+00 
                 200000  1.000000000E+00 
380740   Sr74    1       5.776226505E+05   7.393334000E+00   3.696667000E+00   3.696667000E+00   0.000000000E+00 
                 200000  1.000000000E+00 
380750   Sr75    2       7.876672506E+00   7.027613200E+00   3.459071000E+00   3.459071000E+00   1.094712000E-01 
                 200000  9.480000000E-01 
                 270000  5.200000000E-02 
380760   Sr76    2       8.785135368E-02   4.144244237E+00   2.072122000E+00   2.072122000E+00   2.372146000E-07 
                 200000  9.999997000E-01 
                 270000  3.400000000E-07 
380770   Sr77    1       7.701635340E-02   3.823805000E+00   2.612431000E+00   1.211374000E+00   0.000000000E+00 
                 200000  1.000000000E+00 
380780   Sr78    1       4.620981204E-03   2.508202000E+00   1.254101000E+00   1.254101000E+00   0.000000000E+00 
                 200000  1.000000000E+00 
380790   Sr79    1       5.134423560E-03   3.096875000E+00   1.895100000E+00   1.201775000E+00   0.000000000E+00 
                 200000  1.000000000E+00 
380800   Sr80    1       1.086778270E-04   4.779119200E-01   4.068472000E-02   4.372272000E-01   0.000000000E+00 
                 200000  1.000000000E+00 
380810   Sr81    2       5.180472201E-04   2.368245200E+00   9.830682000E-01   1.385177000E+00   0.000000000E+00 
                 200000  9.985673000E-01 
                 200001  1.432650000E-03 
380820   Sr82    1       3.164708802E-07   1.327901900E-02   5.385972000E-03   7.893047000E-03   0.000000000E+00 
                 200000  1.000000000E+00 
380830   Sr83    1       5.940786285E-06   9.682953000E-01   1.612576000E-01   8.070377000E-01   0.000000000E+00 
                 200000  1.000000000E+00 
380831   Sr83m1  1       1.400297334E-01   2.578441700E-01   3.035677000E-02   2.274874000E-01   0.000000000E+00 
                 300000  1.000000000E+00 
380840   Sr84    0       0.000000000E+00   0.000000000E+00   0.000000000E+00   0.000000000E+00   0.000000000E+00 
380850   Sr85    1       1.237282050E-07   5.090199380E-01   8.886538000E-03   5.001334000E-01   0.000000000E+00 
                 200000  1.000000000E+00 
380851   Sr85m1  2       1.708184683E-04   2.299120900E-01   1.230779000E-02   2.176043000E-01   0.000000000E+00 
                 200000  1.340000000E-01 
                 300000  8.660000000E-01 
380860   Sr86    0       0.000000000E+00   0.000000000E+00   0.000000000E+00   0.000000000E+00   0.000000000E+00 
380870   Sr87    0       0.000000000E+00   0.000000000E+00   0.000000000E+00   0.000000000E+00   0.000000000E+00 
380871   Sr87m1  2       6.839818241E-05   3.879802400E-01   6.651664000E-02   3.214636000E-01   0.000000000E+00 
                 200000  3.000000000E-03 
                 300000  9.970000000E-01 
380880   Sr88    0       0.000000000E+00   0.000000000E+00   0.000000000E+00   0.000000000E+00   0.000000000E+00 
380890   Sr89    2       1.587677976E-07   5.853419000E-01   5.853419000E-01   0.000000000E+00   0.000000000E+00 
                 100000  9.999036000E-01 
                 100001  9.640000000E-05 
380900   Sr90    1       7.629214596E-10   1.958000000E-01   1.958000000E-01   0.000000000E+00   0.000000000E+00 
                 100000  1.000000000E+00 
380910   Sr91    2       1.999386121E-05   1.348533800E+00   6.413715000E-01   7.071623000E-01   0.000000000E+00 
                 100000  4.116369000E-01 
                 100001  5.883631000E-01 
380920   Sr92    1       7.104829649E-05   1.540835700E+00   2.040537000E-01   1.336782000E+00   0.000000000E+00 
                 100000  1.000000000E+00 
380930   Sr93    2       1.556305134E-03   2.959088600E+00   7.920266000E-01   2.167062000E+00   0.000000000E+00 
                 100000  6.591541000E-01 
                 100001  3.408459000E-01 
380940   Sr94    1       9.205141840E-03   2.259650400E+00   8.326774000E-01   1.426973000E+00   0.000000000E+00 
                 100000  1.000000000E+00 
380950   Sr95    1       2.900197408E-02   3.682387000E+00   1.892075000E+00   1.790312000E+00   0.000000000E+00 
                 100000  1.000000000E+00 
380960   Sr96    2       6.478011033E-01   2.906534871E+00   1.981631000E+00   9.249038000E-01   7.054165000E-08 
                 100000  9.999989000E-01 
                 150000  1.015800000E-06 
380970   Sr97    3       1.615727694E+00   4.101464030E+00   2.084186000E+00   2.017243000E+00   3.502991000E-05 
                 100000  8.511098000E-01 
                 100001  1.486901000E-01 
                 150000  2.000000000E-04 
380980   Sr98    2       1.061481134E+00   2.964851749E+00   2.384448000E+00   5.797626000E-01   6.411489000E-04 
                 100000  9.975000000E-01 
                 150000  2.500000000E-03 
380990   Sr99    2       2.567211780E+00   4.358456832E+00   3.089984000E+00   1.268254000E+00   2.188323000E-04 
                 100000  9.990000000E-01 
                 150000  1.000000000E-03 
381000   Sr100   2       3.431421686E+00   3.714728499E+00   3.195657000E+00   5.165306000E-01   2.540899000E-03 
                 100000  9.922000000E-01 
                 150000  7.800000000E-03 
381010   Sr101   2       5.874128649E+00   6.287228020E+00   2.536744000E+00   3.737703000E+00   1.278102000E-02 
                 100000  9.763000000E-01 
                 150000  2.370000000E-02 
381020   Sr102   2       1.004561131E+01   4.815431810E+00   3.194309000E+00   1.591074000E+00   3.004881000E-02 
                 100000  9.450000000E-01 
                 150000  5.500000000E-02 
381030   Sr103   3       1.019334089E+01   6.093563520E+00   4.139401000E+00   1.942567000E+00   1.159552000E-02 
                 100000  9.763840000E-01 
                 150000  2.361087000E-02 
                 155000  5.128800000E-06 
381040   Sr104   3       1.611970187E+01   5.425949410E+00   3.811152000E+00   1.575593000E+00   3.920441000E-02 
                 100000  9.160740000E-01 
                 150000  8.392597000E-02 
                 155000  3.049200000E-08 
381050   Sr105   3       1.246667591E+01   6.797318150E+00   3.898518000E+00   2.816346000E+00   8.245415000E-02 
                 100000  8.133400000E-01 
                 150000  1.835394000E-01 
                 155000  3.120600000E-03 
390760   Y76     2       3.465735903E+06   5.580166000E+00   2.607833000E+00   2.607833000E+00   3.645000000E-01 
                 200000  5.000000000E-01 
                 700000  5.000000000E-01 
390770   Y77     1       1.117979323E+01   7.350000000E+00   3.675000000E+00   3.675000000E+00   0.000000000E+00 
                 200000  1.000000000E+00 
390780   Y78     1       1.386294361E+01   7.098000000E+00   3.549000000E+00   3.549000000E+00   0.000000000E+00 
                 200000  1.000000000E+00 
390781   Y78m1   1       1.216047685E-01   7.098000000E+00   3.549000000E+00   3.549000000E+00   0.000000000E+00 
                 200000  1.000000000E+00 
390790   Y79     1       4.683426896E-02   4.746666000E+00   2.373333000E+00   2.373333000E+00   0.000000000E+00 
                 200000  1.000000000E+00 
390800   Y80     1       2.302814553E-02   5.716181000E+00   3.189587000E+00   2.526594000E+00   0.000000000E+00 
                 200000  1.000000000E+00 
390801   Y80m1   2       1.444056626E-01   1.374711800E+00   5.948134000E-01   7.798984000E-01   0.000000000E+00 
                 200000  1.900000000E-01 
                 300000  8.100000000E-01 
390810   Y81     1       9.845840633E-03   3.290898000E+00   2.117085000E+00   1.173813000E+00   0.000000000E+00 
                 200000  1.000000000E+00 
390820   Y82     1       8.351170850E-02   5.297144000E+00   2.648572000E+00   2.648572000E+00   0.000000000E+00 
                 200000  1.000000000E+00 
390830   Y83     2       1.631702402E-03   2.605498000E+00   1.317552000E+00   1.287946000E+00   0.000000000E+00 
                 200000  9.764185000E-01 
                 200001  2.358149000E-02 
390831   Y83m1   2       4.053492284E-03   1.481950300E+00   7.886716000E-01   6.932787000E-01   0.000000000E+00 
                 200001  6.000000000E-01 
                 300000  4.000000000E-01 
390840   Y84     1       2.924671648E-04   5.117786900E+00   9.767199000E-01   4.141067000E+00   0.000000000E+00 
                 200000  1.000000000E+00 
390841   Y84m1   1       1.506841697E-01   3.810581000E+00   2.560808000E+00   1.249773000E+00   0.000000000E+00 
                 200000  1.000000000E+00 
390850   Y85     1       7.184361324E-05   2.174084000E+00   1.087042000E+00   1.087042000E+00   0.000000000E+00 
                 200000  1.000000000E+00 
390851   Y85m1   2       3.961746574E-05   1.850588900E+00   5.765609000E-01   1.274028000E+00   0.000000000E+00 
                 200000  9.748600000E-01 
                 200001  2.513999000E-02 
390860   Y86     1       1.306247513E-05   3.796119000E+00   2.179140000E-01   3.578205000E+00   0.000000000E+00 
                 200000  1.000000000E+00 
390861   Y86m1   2       2.406761044E-04   2.437588400E-01   2.344654000E-02   2.203123000E-01   0.000000000E+00 
                 200000  6.900000000E-03 
                 300000  9.931000000E-01 
390870   Y87     1       2.412793026E-06   4.530693730E-01   6.950473000E-03   4.461189000E-01   0.000000000E+00 
                 200001  1.000000000E+00 
390871   Y87m1   2       1.440096361E-05   3.866500100E-01   7.866041000E-02   3.079896000E-01   0.000000000E+00 
                 200000  1.570000000E-02 
                 300000  9.843000000E-01 
390880   Y88     1       7.523997112E-08   2.701677420E+00   6.762420000E-03   2.694915000E+00   0.000000000E+00 
                 200000  1.000000000E+00 
390881   Y88m1   1       2.302814553E+03   3.928642400E-01   1.040624000E-02   3.824580000E-01   0.000000000E+00 
                 300000  1.000000000E+00 
390882   Y88m2   1       4.961683469E+01   6.745489500E-01   1.172945000E-02   6.628195000E-01   0.000000000E+00 
                 300000  1.000000000E+00 
390890   Y89     0       0.000000000E+00   0.000000000E+00   0.000000000E+00   0.000000000E+00   0.000000000E+00 
390891   Y89m1   1       4.425379433E-02   9.090209210E-01   7.593121000E-03   9.014278000E-01   0.000000000E+00 
                 300000  1.000000000E+00 
390900   Y90     1       3.008451305E-06   9.330156858E-01   9.330148000E-01   8.857674000E-07   0.000000000E+00 
                 100000  1.000000000E+00 
390901   Y90m1   2       6.035764373E-05   6.800037700E-01   4.616977000E-02   6.338340000E-01   0.000000000E+00 
                 300000  9.999820000E-01 
                 100001  1.800000000E-05 
390910   Y91     1       1.371139431E-07   6.061734140E-01   6.030410000E-01   3.132414000E-03   0.000000000E+00 
                 100000  1.000000000E+00 
390911   Y91m1   1       2.323969626E-04   5.555448000E-01   2.751950000E-02   5.280253000E-01   0.000000000E+00 
                 300000  1.000000000E+00 
390920   Y92     1       5.439008008E-05   1.701652900E+00   1.450008000E+00   2.516449000E-01   0.000000000E+00 
                 100000  1.000000000E+00 
390930   Y93     1       1.891364278E-05   1.267983510E+00   1.172800000E+00   9.518351000E-02   0.000000000E+00 
                 100000  1.000000000E+00 
390931   Y93m1   1       8.453014397E-01   7.586546300E-01   7.904253000E-02   6.796121000E-01   0.000000000E+00 
                 300000  1.000000000E+00 
390940   Y94     1       6.177782358E-04   2.587308800E+00   1.814852000E+00   7.724568000E-01   0.000000000E+00 
                 100000  1.000000000E+00 
390950   Y95     1       1.121597380E-03   2.605661000E+00   1.383066000E+00   1.222595000E+00   0.000000000E+00 
                 100000  1.000000000E+00 
390960   Y96     1       1.298028428E-01   3.285861870E+00   3.205755000E+00   8.010687000E-02   0.000000000E+00 
                 100000  1.000000000E+00 
390961   Y96m1   1       7.220283131E-02   5.938335000E+00   1.630393000E+00   4.307942000E+00   0.000000000E+00 
                 100000  1.000000000E+00 
390970   Y97     2       1.848392481E-01   3.968040435E+00   2.149190000E+00   1.818750000E+00   1.004347000E-04 
                 100000  9.994500000E-01 
                 150000  5.500000000E-04 
390971   Y97m1   2       5.924334877E-01   4.566230114E+00   2.424532000E+00   2.141442000E+00   2.561143000E-04 
                 100000  9.994500000E-01 
                 150000  5.500000000E-04 
390972   Y97m2   2       4.881318173E+00   3.099248700E+00   1.887847000E-01   2.910464000E+00   0.000000000E+00 
                 100000  5.200000000E-02 
                 300001  9.480000000E-01 
390980   Y98     2       1.264867118E+00   5.279738253E+00   2.694769000E+00   2.584246000E+00   7.232535000E-04 
                 100000  9.966900000E-01 
                 150000  3.310000000E-03 
390981   Y98m1   2       3.465735903E-01   5.267892276E+00   2.529615000E+00   2.737567000E+00   7.102756000E-04 
                 100000  9.660000000E-01 
                 150000  3.400000000E-02 
390990   Y99     2       4.715286943E-01   3.596236943E+00   2.583215000E+00   1.005577000E+00   7.444943000E-03 
                 100000  9.830000000E-01 
                 150000  1.700000000E-02 
391000   Y100    2       9.430573885E-01   5.303874679E+00   3.424876000E+00   1.875105000E+00   3.893679000E-03 
                 100000  9.908000000E-01 
                 150000  9.200000000E-03 
391001   Y100m1  1       7.373906176E-01   6.128598000E+00   3.064299000E+00   3.064299000E+00   0.000000000E+00 
                 100000  1.000000000E+00 
391010   Y101    2       1.540327068E+00   4.428663990E+00   3.007195000E+00   1.413181000E+00   8.287990000E-03 
                 100000  9.806000000E-01 
                 150000  1.940000000E-02 
391020   Y102    2       1.925408835E+00   6.210209900E+00   3.269086000E+00   2.927178000E+00   1.394590000E-02 
                 100000  9.510000000E-01 
                 150000  4.900000000E-02 
391021   Y102m1  2       2.325997250E+00   6.210209680E+00   3.269086000E+00   2.928870000E+00   1.225368000E-02 
                 100000  9.510000000E-01 
                 150000  4.900000000E-02 
391030   Y103    2       3.013683394E+00   4.984349380E+00   3.407047000E+00   1.533784000E+00   4.351838000E-02 
                 100000  9.200000000E-01 
                 150000  8.000000000E-02 
391040   Y104    3       3.850817670E+00   6.984952440E+00   3.778934000E+00   3.187523000E+00   1.849544000E-02 
                 100000  9.495390000E-01 
                 150000  5.042061000E-02 
                 155000  4.038400000E-05 
391050   Y105    3       7.876672506E+00   5.754201410E+00   3.908348000E+00   1.797322000E+00   4.853141000E-02 
                 100000  9.006100000E-01 
                 150000  9.938922000E-02 
                 155000  7.763700000E-07 
391060   Y106    3       1.050223001E+01   6.924590040E+00   4.074752000E+00   2.768558000E+00   8.128004000E-02 
                 100000  7.575400000E-01 
                 150000  2.403712000E-01 
                 155000  2.088800000E-03 
391070   Y107    3       2.310490602E+01   5.701012600E+00   4.409714000E+00   1.120714000E+00   1.705846000E-01 
                 100000  6.471000000E-01 
                 150000  3.523257000E-01 
                 155000  5.742100000E-04 
391080   Y108    3       1.444056626E+01   6.279155100E+00   4.400050000E+00   1.638952000E+00   2.401531000E-01 
                 100000  4.753600000E-01 
                 150000  5.106030000E-01 
                 155000  1.403700000E-02 
400780   Zr78    2       3.465735903E+06   7.046166000E+00   2.972333000E+00   2.972333000E+00   1.101500000E+00 
                 200000  5.000000000E-01 
                 270000  5.000000000E-01 
400790   Zr79    2       1.237762822E+01   6.964000000E+00   2.949000000E+00   2.949000000E+00   1.066000000E+00 
                 200000  5.000000000E-01 
                 270000  5.000000000E-01 
400800   Zr80    1       1.506841697E-01   3.754098000E+00   1.877049000E+00   1.877049000E+00   0.000000000E+00 
                 200000  1.000000000E+00 
400810   Zr81    2       1.260267601E-01   4.875697231E+00   2.437169000E+00   2.437169000E+00   1.359231000E-03 
                 200000  9.988000000E-01 
                 270000  1.200000000E-03 
400820   Zr82    1       2.166084939E-02   2.746666000E+00   1.373333000E+00   1.373333000E+00   0.000000000E+00 
                 200000  1.000000000E+00 
400830   Zr83    2       1.666219184E-02   3.484538000E+00   2.293650000E+00   1.190888000E+00   0.000000000E+00 
                 200000  3.884410000E-02 
                 200001  9.611559000E-01 
400840   Zr84    1       4.460406567E-04   1.648456800E+00   8.242284000E-01   8.242284000E-01   0.000000000E+00 
                 200000  1.000000000E+00 
400850   Zr85    1       1.469777737E-03   2.783118000E+00   1.312870000E+00   1.470248000E+00   0.000000000E+00 
                 200000  1.000000000E+00 
400851   Zr85m1  2       6.359148446E-02   5.331089000E-01   1.322345000E-01   4.008744000E-01   0.000000000E+00 
                 200000  8.000000000E-02 
                 300000  9.200000000E-01 
400860   Zr86    1       1.166914445E-05   3.220623000E-01   3.044290000E-02   2.916194000E-01   0.000000000E+00 
                 200000  1.000000000E+00 
400870   Zr87    2       1.146076687E-04   1.749050500E+00   8.236647000E-01   9.253858000E-01   0.000000000E+00 
                 200000  2.800000000E-03 
                 200001  9.972000000E-01 
400871   Zr87m1  1       4.951051290E-02   3.359067500E-01   9.829645000E-02   2.376103000E-01   0.000000000E+00 
                 300000  1.000000000E+00 
400880   Zr88    1       9.619348695E-08   4.078572300E-01   1.593253000E-02   3.919247000E-01   0.000000000E+00 
                 200000  1.000000000E+00 
400890   Zr89    2       2.455565406E-06   3.525569900E-01   9.438299000E-02   2.581740000E-01   0.000000000E+00 
                 200000  1.228100000E-03 
                 200001  9.987719000E-01 
400891   Zr89m1  2       2.776364578E-03   6.662895500E-01   3.157205000E-02   6.347175000E-01   0.000000000E+00 
                 200000  6.230000000E-02 
                 300000  9.377000000E-01 
400900   Zr90    0       0.000000000E+00   0.000000000E+00   0.000000000E+00   0.000000000E+00   0.000000000E+00 
400901   Zr90m1  1       8.565832681E-01   2.344863290E+00   1.603129000E-02   2.328832000E+00   0.000000000E+00 
                 300000  1.000000000E+00 
400910   Zr91    0       0.000000000E+00   0.000000000E+00   0.000000000E+00   0.000000000E+00   0.000000000E+00 
400920   Zr92    0       0.000000000E+00   0.000000000E+00   0.000000000E+00   0.000000000E+00   0.000000000E+00 
400930   Zr93    2       1.435589638E-14   1.905125000E-02   1.905125000E-02   0.000000000E+00   0.000000000E+00 
                 100000  2.500000000E-02 
                 100001  9.750000000E-01 
400940   Zr94    0       0.000000000E+00   0.000000000E+00   0.000000000E+00   0.000000000E+00   0.000000000E+00 
400950   Zr95    2       1.252894884E-07   8.501296000E-01   1.180071000E-01   7.321225000E-01   0.000000000E+00 
                 100000  9.891978000E-01 
                 100001  1.080220000E-02 
400960   Zr96    1       1.098225436E-27   1.674000000E+00   1.674000000E+00   0.000000000E+00   0.000000000E+00 
                 110000  1.000000000E+00 
400970   Zr97    2       1.149566443E-05   8.642614000E-01   7.051060000E-01   1.591554000E-01   0.000000000E+00 
                 100000  4.953670000E-02 
                 100001  9.504633000E-01 
400980   Zr98    1       2.257808406E-02   1.149271200E+00   7.006694000E-01   4.486018000E-01   0.000000000E+00 
                 100000  1.000000000E+00 
400990   Zr99    2       3.300700860E-01   2.473374200E+00   1.625757000E+00   8.476172000E-01   0.000000000E+00 
                 100000  6.388638000E-01 
                 100001  3.611362000E-01 
401000   Zr100   1       9.762636346E-02   1.606753000E+00   1.347256000E+00   2.594970000E-01   0.000000000E+00 
                 100000  1.000000000E+00 
401010   Zr101   1       3.013683394E-01   2.739553800E+00   2.179281000E+00   5.602728000E-01   0.000000000E+00 
                 100000  1.000000000E+00 
401020   Zr102   1       2.390162692E-01   2.159268400E+00   1.954973000E+00   2.042954000E-01   0.000000000E+00 
                 100000  1.000000000E+00 
401030   Zr103   2       5.331901389E-01   4.050275002E+00   2.594841000E+00   1.455434000E+00   1.749347000E-09 
                 100000  9.999999000E-01 
                 150000  6.381600000E-08 
401040   Zr104   2       5.776226505E-01   3.416584833E+00   2.149914000E+00   1.266654000E+00   1.683326000E-05 
                 100000  9.999192000E-01 
                 150000  8.077000000E-05 
401050   Zr105   2       1.155245301E+00   4.433570403E+00   3.405524000E+00   1.027855000E+00   1.914027000E-04 
                 100000  9.993034000E-01 
                 150000  6.965600000E-04 
401060   Zr106   2       2.567211780E+00   3.814685900E+00   2.755846000E+00   1.057149000E+00   1.690900000E-03 
                 100000  9.947535000E-01 
                 150000  5.246500000E-03 
401070   Zr107   2       4.620981204E+00   5.775131788E+00   3.011257000E+00   2.759527000E+00   4.347788000E-03 
                 100000  9.847180000E-01 
                 150000  1.528200000E-02 
401080   Zr108   2       8.664339757E+00   4.428119702E+00   3.135688000E+00   1.285215000E+00   7.216702000E-03 
                 100000  9.842980000E-01 
                 150000  1.570200000E-02 
401090   Zr109   3       5.924334877E+00   6.433550720E+00   3.270968000E+00   3.140205000E+00   2.237772000E-02 
                 100000  9.442270000E-01 
                 150000  5.576846000E-02 
                 155000  4.533100000E-06 
401100   Zr110   3       7.072930414E+00   5.127922930E+00   3.435742000E+00   1.653373000E+00   3.880793000E-02 
                 100000  9.304580000E-01 
                 150000  6.954199000E-02 
                 155000  8.108600000E-10 
410810   Nb81    2       8.664339757E-01   2.919625000E+00   8.063750000E-01   8.063750000E-01   1.306875000E+00 
                 270000  5.000000000E-01 
                 700000  5.000000000E-01 
410820   Nb82    1       1.386294361E+01   5.859113000E+00   4.839341000E+00   1.019772000E+00   0.000000000E+00 
                 200000  1.000000000E+00 
410830   Nb83    1       1.690602879E-01   5.000000000E+00   2.500000000E+00   2.500000000E+00   0.000000000E+00 
                 200000  1.000000000E+00 
410840   Nb84    1       7.072930414E-02   6.034007000E+00   3.965315000E+00   2.068692000E+00   0.000000000E+00 
                 200000  1.000000000E+00 
410850   Nb85    1       3.316493687E-02   4.597104000E+00   2.298552000E+00   2.298552000E+00   0.000000000E+00 
                 200000  1.000000000E+00 
410851   Nb85m1  2       2.100446002E-01   2.333000000E+00   1.149000000E+00   1.184000000E+00   0.000000000E+00 
                 200000  5.000000000E-01 
                 300000  5.000000000E-01 
410860   Nb86    1       7.876672506E-03   5.889916000E+00   2.944958000E+00   2.944958000E+00   0.000000000E+00 
                 200000  1.000000000E+00 
410870   Nb87    1       3.080654136E-03   3.154130000E+00   1.926166000E+00   1.227964000E+00   0.000000000E+00 
                 200000  1.000000000E+00 
410871   Nb87m1  1       4.443251157E-03   3.373130000E+00   1.532857000E+00   1.840273000E+00   0.000000000E+00 
                 200000  1.000000000E+00 
410880   Nb88    1       7.939830247E-04   4.969318000E+00   2.484659000E+00   2.484659000E+00   0.000000000E+00 
                 200000  1.000000000E+00 
410881   Nb88m1  1       1.484891132E-03   5.465886000E+00   1.391586000E+00   4.074300000E+00   0.000000000E+00 
                 200000  1.000000000E+00 
410890   Nb89    2       9.484772586E-05   2.436799000E+00   1.079641000E+00   1.357158000E+00   0.000000000E+00 
                 200000  9.877230000E-01 
                 200001  1.227700000E-02 
410891   Nb89m1  1       1.750371668E-04   2.113339300E+00   8.106373000E-01   1.302702000E+00   0.000000000E+00 
                 200001  1.000000000E+00 
410900   Nb90    2       1.318773175E-05   2.265527500E+00   3.685665000E-01   1.896961000E+00   0.000000000E+00 
                 200000  1.476330000E-02 
                 200001  9.852367000E-01 
410901   Nb90m1  1       3.684992985E-02   1.222179100E-01   3.983943000E-02   8.237848000E-02   0.000000000E+00 
                 300000  1.000000000E+00 
410902   Nb90m2  1       1.119785429E+02   2.571697200E-01   3.785492000E-02   2.193148000E-01   0.000000000E+00 
                 300001  1.000000000E+00 
410910   Nb91    1       3.230069996E-11   1.769703300E-02   5.773513000E-03   1.192352000E-02   0.000000000E+00 
                 200000  1.000000000E+00 
410911   Nb91m1  2       1.318195336E-07   1.263401400E-01   9.254773000E-02   3.379241000E-02   0.000000000E+00 
                 200000  3.400000000E-02 
                 300000  9.660000000E-01 
410920   Nb92    1       6.329822205E-16   1.510708405E+00   7.629405000E-03   1.503079000E+00   0.000000000E+00 
                 200000  1.000000000E+00 
410921   Nb92m1  1       7.903977155E-07   9.752552410E-01   6.421341000E-03   9.688339000E-01   0.000000000E+00 
                 200000  1.000000000E+00 
410930   Nb93    0       0.000000000E+00   0.000000000E+00   0.000000000E+00   0.000000000E+00   0.000000000E+00 
410931   Nb93m1  1       1.361717806E-09   2.929088800E-02   2.732018000E-02   1.970708000E-03   0.000000000E+00 
                 300000  1.000000000E+00 
410940   Nb94    1       1.081995977E-12   1.759923600E+00   1.883596000E-01   1.571564000E+00   0.000000000E+00 
                 100000  1.000000000E+00 
410941   Nb94m1  2       1.844555805E-03   4.673215000E-02   3.494354000E-02   1.178861000E-02   0.000000000E+00 
                 100000  5.000000000E-03 
                 300000  9.950000000E-01 
410950   Nb95    1       2.292743241E-07   8.090039100E-01   4.451231000E-02   7.644916000E-01   0.000000000E+00 
                 100000  1.000000000E+00 
410951   Nb95m1  2       2.222309366E-06   2.493283200E-01   1.786083000E-01   7.072002000E-02   0.000000000E+00 
                 100000  5.600000000E-02 
                 300000  9.440000000E-01 
410960   Nb96    1       8.245862248E-06   2.713979100E+00   2.534461000E-01   2.460533000E+00   0.000000000E+00 
                 100000  1.000000000E+00 
410970   Nb97    1       1.602281971E-04   1.133025100E+00   4.687932000E-01   6.642319000E-01   0.000000000E+00 
                 100000  1.000000000E+00 
410971   Nb97m1  1       1.180829950E-02   7.433604100E-01   1.506451000E-02   7.282959000E-01   0.000000000E+00 
                 300000  1.000000000E+00 
410980   Nb98    1       2.423591540E-01   2.258490000E+00   1.934528000E+00   3.239620000E-01   0.000000000E+00 
                 100000  1.000000000E+00 
410981   Nb98m1  1       2.251940158E-04   3.554885300E+00   7.704523000E-01   2.784433000E+00   0.000000000E+00 
                 100000  1.000000000E+00 
410990   Nb99    1       4.620981204E-02   1.748269200E+00   1.450080000E+00   2.981892000E-01   0.000000000E+00 
                 100000  1.000000000E+00 
410991   Nb99m1  2       4.620981204E-03   2.057084100E+00   1.406645000E+00   6.504391000E-01   0.000000000E+00 
                 100000  9.800000000E-01 
                 300000  2.000000000E-02 
411000   Nb100   1       4.620981204E-01   3.260684000E+00   2.552227000E+00   7.084570000E-01   0.000000000E+00 
                 100000  1.000000000E+00 
411001   Nb100m1 1       2.318217995E-01   4.222709000E+00   2.009674000E+00   2.213035000E+00   0.000000000E+00 
                 100000  1.000000000E+00 
411010   Nb101   1       9.762636346E-02   2.229432300E+00   1.959523000E+00   2.699093000E-01   0.000000000E+00 
                 100000  1.000000000E+00 
411020   Nb102   1       1.611970187E-01   4.399579000E+00   2.305789000E+00   2.093790000E+00   0.000000000E+00 
                 100000  1.000000000E+00 
411021   Nb102m1 1       5.331901389E-01   4.839280000E+00   2.419640000E+00   2.419640000E+00   0.000000000E+00 
                 100000  1.000000000E+00 
411030   Nb103   2       4.620981204E-01   3.542920001E+00   1.881183000E+00   1.661737000E+00   6.960586000E-10 
                 100000  9.999999000E-01 
                 150000  1.177000000E-08 
411040   Nb104   2       1.414586083E-01   5.515443181E+00   2.457440000E+00   3.057925000E+00   7.818059000E-05 
                 100000  9.994000000E-01 
                 150000  6.000000000E-04 
411041   Nb104m1 2       7.373906176E-01   5.516189404E+00   2.457440000E+00   3.058700000E+00   4.940415000E-05 
                 100000  9.995000000E-01 
                 150000  5.000000000E-04 
411050   Nb105   2       2.349651460E-01   4.469451131E+00   2.331468000E+00   2.134866000E+00   3.117131000E-03 
                 100000  9.830000000E-01 
                 150000  1.700000000E-02 
411060   Nb106   2       7.453195490E-01   5.950729040E+00   3.096564000E+00   2.840899000E+00   1.326604000E-02 
                 100000  9.550000000E-01 
                 150000  4.500000000E-02 
411070   Nb107   2       2.310490602E+00   5.310582180E+00   2.693261000E+00   2.597525000E+00   1.979618000E-02 
                 100000  9.400000000E-01 
                 150000  6.000000000E-02 
411080   Nb108   2       3.591436169E+00   7.473198020E+00   2.766572000E+00   4.680446000E+00   2.618002000E-02 
                 100000  9.380000000E-01 
                 150000  6.200000000E-02 
411090   Nb109   2       3.648143056E+00   5.220723600E+00   2.859079000E+00   2.212110000E+00   1.495346000E-01 
                 100000  6.900000000E-01 
                 150000  3.100000000E-01 
411100   Nb110   3       4.077336356E+00   7.542337900E+00   2.968250000E+00   4.466240000E+00   1.078479000E-01 
                 100000  8.043100000E-01 
                 150000  1.952081000E-01 
                 155000  4.818400000E-04 
411110   Nb111   3       8.664339757E+00   3.946218600E+00   3.108248000E+00   4.811373000E-01   3.568333000E-01 
                 100000  5.143000000E-02 
                 150000  9.485668000E-01 
                 155000  3.117000000E-06 
411120   Nb112   3       1.004561131E+01   4.933759300E+00   3.303228000E+00   1.316614000E+00   3.139173000E-01 
                 100000  2.362100000E-01 
                 150000  7.552637000E-01 
                 155000  8.526300000E-03 
411130   Nb113   3       2.310490602E+01   4.937267700E+00   3.673247000E+00   7.112693000E-01   5.527514000E-01 
                 100000  1.054900000E-01 
                 150000  8.929374000E-01 
                 155000  1.572600000E-03 
420830   Mo83    1       3.554600926E+01   7.816666000E+00   3.908333000E+00   3.908333000E+00   0.000000000E+00 
                 200000  1.000000000E+00 
420840   Mo84    1       1.824071528E-01   4.346666000E+00   2.173333000E+00   2.173333000E+00   0.000000000E+00 
                 200000  1.000000000E+00 
420850   Mo85    2       2.166084939E-01   5.843785000E+00   2.921000000E+00   2.921000000E+00   1.785000000E-03 
                 200000  9.986000000E-01 
                 270000  1.400000000E-03 
420860   Mo86    1       3.536465207E-02   3.349298000E+00   1.674649000E+00   1.674649000E+00   0.000000000E+00 
                 200000  1.000000000E+00 
420870   Mo87    1       4.943988449E-02   3.678416000E+00   2.439154000E+00   1.239262000E+00   0.000000000E+00 
                 200000  1.000000000E+00 
420880   Mo88    1       1.444056626E-03   2.325978000E+00   1.162989000E+00   1.162989000E+00   0.000000000E+00 
                 200000  1.000000000E+00 
420890   Mo89    1       5.475096213E-03   3.212958000E+00   1.986131000E+00   1.226827000E+00   0.000000000E+00 
                 200000  1.000000000E+00 
420891   Mo89m1  1       3.648143056E+00   3.867504600E-01   6.408156000E-02   3.226689000E-01   0.000000000E+00 
                 300000  1.000000000E+00 
420900   Mo90    2       3.395782778E-05   6.714281000E-01   1.288493000E-01   5.425788000E-01   0.000000000E+00 
                 200000  5.120462000E-02 
                 200002  9.487953000E-01 
420910   Mo91    2       7.458007107E-04   2.426999700E+00   1.449587000E+00   9.774127000E-01   0.000000000E+00 
                 200000  9.996578000E-01 
                 200001  3.422000000E-04 
420911   Mo91m1  2       1.072983252E-02   1.944849300E+00   5.572013000E-01   1.387648000E+00   0.000000000E+00 
                 200001  5.000000000E-01 
                 300000  5.000000000E-01 
420920   Mo92    0       0.000000000E+00   0.000000000E+00   0.000000000E+00   0.000000000E+00   0.000000000E+00 
420930   Mo93    2       5.491144582E-12   1.614265400E-02   5.378404000E-03   1.076425000E-02   0.000000000E+00 
                 200000  1.200000000E-01 
                 200001  8.800000000E-01 
420931   Mo93m1  2       2.810815817E-05   2.415812200E+00   1.019112000E-01   2.313901000E+00   0.000000000E+00 
                 200000  1.200000000E-03 
                 300000  9.988000000E-01 
420940   Mo94    0       0.000000000E+00   0.000000000E+00   0.000000000E+00   0.000000000E+00   0.000000000E+00 
420950   Mo95    0       0.000000000E+00   0.000000000E+00   0.000000000E+00   0.000000000E+00   0.000000000E+00 
420960   Mo96    0       0.000000000E+00   0.000000000E+00   0.000000000E+00   0.000000000E+00   0.000000000E+00 
420970   Mo97    0       0.000000000E+00   0.000000000E+00   0.000000000E+00   0.000000000E+00   0.000000000E+00 
420980   Mo98    0       0.000000000E+00   0.000000000E+00   0.000000000E+00   0.000000000E+00   0.000000000E+00 
420990   Mo99    2       2.918347331E-06   5.431741000E-01   3.931149000E-01   1.500592000E-01   0.000000000E+00 
                 100000  1.211359000E-01 
                 100001  8.788641000E-01 
421000   Mo100   1       3.008843081E-27   1.517000000E+00   1.517000000E+00   0.000000000E+00   0.000000000E+00 
                 110000  1.000000000E+00 
421010   Mo101   1       7.907223141E-04   1.973498000E+00   5.484860000E-01   1.425012000E+00   0.000000000E+00 
                 100000  1.000000000E+00 
421020   Mo102   1       1.022340974E-03   3.694280500E-01   3.508890000E-01   1.853905000E-02   0.000000000E+00 
                 100000  1.000000000E+00 
421030   Mo103   1       1.026884712E-02   2.155554100E+00   1.174992000E+00   9.805621000E-01   0.000000000E+00 
                 100000  1.000000000E+00 
421040   Mo104   1       1.155245301E-02   1.019348400E+00   8.467116000E-01   1.726368000E-01   0.000000000E+00 
                 100000  1.000000000E+00 
421050   Mo105   1       1.947042642E-02   3.456000000E+00   1.049000000E+00   2.407000000E+00   0.000000000E+00 
                 100000  1.000000000E+00 
421060   Mo106   1       7.939830247E-02   1.832598000E+00   1.316978000E+00   5.156200000E-01   0.000000000E+00 
                 100000  1.000000000E+00 
421070   Mo107   1       1.980420516E-01   3.002347900E+00   2.614872000E+00   3.874759000E-01   0.000000000E+00 
                 100000  1.000000000E+00 
421080   Mo108   1       6.359148446E-01   2.597443400E+00   2.016029000E+00   5.814144000E-01   0.000000000E+00 
                 100000  1.000000000E+00 
421090   Mo109   2       1.307824869E+00   4.674142000E+00   2.375796000E+00   2.298346000E+00   1.660732000E-13 
                 100000  1.000000000E+00 
                 150000  1.723100000E-11 
421100   Mo110   1       2.310490602E+00   2.646420000E+00   2.399598000E+00   2.468220000E-01   0.000000000E+00 
                 100000  1.000000000E+00 
421110   Mo111   2       3.465735903E+00   5.717935021E+00   2.663945000E+00   3.053876000E+00   1.140214000E-04 
                 100000  9.994379000E-01 
                 150000  5.620400000E-04 
421120   Mo112   2       2.415146971E+00   4.291323184E+00   2.804369000E+00   1.486115000E+00   8.391836000E-04 
                 100000  9.971666000E-01 
                 150000  2.833400000E-03 
421130   Mo113   2       6.931471806E+00   6.415627680E+00   2.672392000E+00   3.727235000E+00   1.600068000E-02 
                 100000  9.513230000E-01 
                 150000  4.867700000E-02 
421140   Mo114   2       8.664339757E+00   5.069271130E+00   3.056451000E+00   1.997770000E+00   1.505013000E-02 
                 100000  9.654000000E-01 
                 150000  3.460000000E-02 
421150   Mo115   3       7.534208484E+00   6.497766260E+00   3.903626000E+00   2.568082000E+00   2.605826000E-02 
                 100000  9.475820000E-01 
                 150000  5.237795000E-02 
                 155000  4.004200000E-05 
430850   Tc85    1       1.386294361E+00   7.650000000E+00   3.825000000E+00   3.825000000E+00   0.000000000E+00 
                 200000  1.000000000E+00 
430860   Tc86    1       1.283605890E+01   8.542000000E+00   4.271000000E+00   4.271000000E+00   0.000000000E+00 
                 200000  1.000000000E+00 
430861   Tc86m1  1       6.301338005E+05   1.524000000E+00   0.000000000E+00   1.524000000E+00   0.000000000E+00 
                 300000  1.000000000E+00 
430870   Tc87    1       3.150669003E-01   6.128548000E+00   3.064274000E+00   3.064274000E+00   0.000000000E+00 
                 200000  1.000000000E+00 
430880   Tc88    1       1.195081346E-01   7.338310000E+00   3.669155000E+00   3.669155000E+00   0.000000000E+00 
                 200000  1.000000000E+00 
430881   Tc88m1  1       1.083042470E-01   7.338310000E+00   3.669155000E+00   3.669155000E+00   0.000000000E+00 
                 200000  1.000000000E+00 
430890   Tc89    1       5.415212348E-02   5.080058000E+00   2.540029000E+00   2.540029000E+00   0.000000000E+00 
                 200000  1.000000000E+00 
430891   Tc89m1  2       5.373233958E-02   5.121286000E+00   2.560640000E+00   2.560646000E+00   0.000000000E+00 
                 200000  9.999000000E-01 
                 300000  1.000000000E-04 
430900   Tc90    1       7.967208972E-02   5.100474000E+00   3.349080000E+00   1.751394000E+00   0.000000000E+00 
                 200000  1.000000000E+00 
430901   Tc90m1  1       1.408835733E-02   6.633700000E+00   3.316850000E+00   3.316850000E+00   0.000000000E+00 
                 200000  1.000000000E+00 
430910   Tc91    1       3.679125162E-03   4.147542000E+00   2.073771000E+00   2.073771000E+00   0.000000000E+00 
                 200000  1.000000000E+00 
430911   Tc91m1  2       3.500743336E-03   4.199803000E+00   2.099212000E+00   2.100591000E+00   0.000000000E+00 
                 200000  9.900000000E-01 
                 300000  1.000000000E-02 
430920   Tc92    1       2.718224237E-03   5.379030000E+00   1.687786000E+00   3.691244000E+00   0.000000000E+00 
                 200000  1.000000000E+00 
430930   Tc93    1       7.001486672E-05   1.612323030E+00   4.367303000E-02   1.568650000E+00   0.000000000E+00 
                 200000  1.000000000E+00 
430931   Tc93m1  2       2.655736324E-04   9.000282800E-01   9.226618000E-02   8.077621000E-01   0.000000000E+00 
                 200000  2.340000000E-01 
                 300000  7.660000000E-01 
430940   Tc94    1       3.942816727E-05   2.695222900E+00   4.665790000E-02   2.648565000E+00   0.000000000E+00 
                 200000  1.000000000E+00 
430941   Tc94m1  1       2.221625579E-04   2.709177700E+00   7.547167000E-01   1.954461000E+00   0.000000000E+00 
                 200000  1.000000000E+00 
430950   Tc95    1       9.627044174E-06   8.034024440E-01   6.844344000E-03   7.965581000E-01   0.000000000E+00 
                 200000  1.000000000E+00 
430951   Tc95m1  2       1.315169969E-07   7.033965800E-01   1.492628000E-02   6.884703000E-01   0.000000000E+00 
                 200000  9.612000000E-01 
                 300000  3.880000000E-02 
430960   Tc96    1       1.874424489E-06   2.511988574E+00   8.858574000E-03   2.503130000E+00   0.000000000E+00 
                 200000  1.000000000E+00 
430961   Tc96m1  2       2.243194759E-04   7.443217000E-02   2.627320000E-02   4.815897000E-02   0.000000000E+00 
                 200000  2.000000000E-02 
                 300000  9.800000000E-01 
430970   Tc97    1       5.217242453E-15   1.758785600E-02   5.718336000E-03   1.186952000E-02   0.000000000E+00 
                 200000  1.000000000E+00 
430971   Tc97m1  2       8.815974519E-08   9.267103400E-02   8.293692000E-02   9.734114000E-03   0.000000000E+00 
                 200000  3.940000000E-02 
                 300000  9.606000000E-01 
430980   Tc98    1       5.229641778E-15   1.515759400E+00   1.209184000E-01   1.394841000E+00   0.000000000E+00 
                 100000  1.000000000E+00 
430990   Tc99    1       1.040478760E-13   5.520187174E-02   5.520117000E-02   7.017438000E-07   0.000000000E+00 
                 100000  1.000000000E+00 
430991   Tc99m1  2       3.205435322E-05   1.422191600E-01   1.574906000E-02   1.264701000E-01   0.000000000E+00 
                 100000  3.700000000E-05 
                 300000  9.999630000E-01 
431000   Tc100   2       4.483487584E-02   1.393638620E+00   1.317574000E+00   7.606462000E-02   0.000000000E+00 
                 100000  9.999820000E-01 
                 200000  1.800000000E-05 
431010   Tc101   1       8.135530288E-04   8.160030000E-01   4.799924000E-01   3.360106000E-01   0.000000000E+00 
                 100000  1.000000000E+00 
431020   Tc102   1       1.312778751E-01   2.025959610E+00   1.945191000E+00   8.076861000E-02   0.000000000E+00 
                 100000  1.000000000E+00 
431021   Tc102m1 1       2.655736324E-03   3.308121300E+00   7.832143000E-01   2.524907000E+00   0.000000000E+00 
                 100000  1.000000000E+00 
431030   Tc103   1       1.278869337E-02   1.229440400E+00   9.809924000E-01   2.484480000E-01   0.000000000E+00 
                 100000  1.000000000E+00 
431040   Tc104   1       6.312815852E-04   4.160000000E+00   9.310000000E-01   3.229000000E+00   0.000000000E+00 
                 100000  1.000000000E+00 
431050   Tc105   1       1.520059606E-03   2.589000000E+00   7.640000000E-01   1.825000000E+00   0.000000000E+00 
                 100000  1.000000000E+00 
431060   Tc106   1       1.947042642E-02   4.589000000E+00   1.457000000E+00   3.132000000E+00   0.000000000E+00 
                 100000  1.000000000E+00 
431070   Tc107   1       3.269562172E-02   3.085000000E+00   1.263000000E+00   1.822000000E+00   0.000000000E+00 
                 100000  1.000000000E+00 
431080   Tc108   1       1.340710214E-01   5.000221000E+00   2.185386000E+00   2.814835000E+00   0.000000000E+00 
                 100000  1.000000000E+00 
431090   Tc109   2       8.059850937E-01   3.251391394E+00   2.619153000E+00   6.320987000E-01   1.396943000E-04 
                 100000  9.992000000E-01 
                 150000  8.000000000E-04 
431100   Tc110   2       7.534208484E-01   5.751167946E+00   2.703041000E+00   3.048062000E+00   6.494589000E-05 
                 100000  9.996000000E-01 
                 150000  4.000000000E-04 
431110   Tc111   2       2.390162692E+00   4.143893170E+00   2.979893000E+00   1.161028000E+00   2.972170000E-03 
                 100000  9.915000000E-01 
                 150000  8.500000000E-03 
431120   Tc112   2       2.475525645E+00   6.591243767E+00   3.077936000E+00   3.507527000E+00   5.780767000E-03 
                 100000  9.850000000E-01 
                 150000  1.500000000E-02 
431130   Tc113   2       4.332169878E+00   5.080690018E+00   3.217206000E+00   1.857963000E+00   5.521018000E-03 
                 100000  9.790000000E-01 
                 150000  2.100000000E-02 
431140   Tc114   3       4.620981204E+00   6.668209900E+00   3.238944000E+00   3.394544000E+00   3.472190000E-02 
                 100000  8.683400000E-01 
                 150000  1.316598000E-01 
                 155000  1.088800000E-07 
431150   Tc115   2       9.495166857E+00   5.227774940E+00   3.480235000E+00   1.657168000E+00   9.037194000E-02 
                 100000  8.016900000E-01 
                 150000  1.983100000E-01 
431160   Tc116   3       7.701635340E+00   7.034211860E+00   3.849811000E+00   3.088805000E+00   9.559586000E-02 
                 100000  8.037400000E-01 
                 150000  1.961434000E-01 
                 155000  1.165600000E-04 
431170   Tc117   3       1.732867951E+01   5.731626700E+00   3.808168000E+00   1.718487000E+00   2.049717000E-01 
                 100000  7.106900000E-01 
                 150000  2.892854000E-01 
                 155000  2.451500000E-05 
431180   Tc118   3       1.050223001E+01   7.393151800E+00   4.000075000E+00   3.218242000E+00   1.748348000E-01 
                 100000  7.536700000E-01 
                 150000  2.432671000E-01 
                 155000  3.062900000E-03 
440870   Ru87    1       4.620981204E+05   7.838666000E+00   3.919333000E+00   3.919333000E+00   0.000000000E+00 
                 200000  1.000000000E+00 
440880   Ru88    1       5.545177444E-01   4.853334000E+00   2.426667000E+00   2.426667000E+00   0.000000000E+00 
                 200000  1.000000000E+00 
440890   Ru89    2       4.620981204E-01   6.189347750E+00   3.093568000E+00   3.093568000E+00   2.211750000E-03 
                 200000  9.985000000E-01 
                 270000  1.500000000E-03 
440900   Ru90    1       5.924334877E-02   3.893502000E+00   1.946751000E+00   1.946751000E+00   0.000000000E+00 
                 200000  1.000000000E+00 
440910   Ru91    1       8.774014944E-02   5.165624000E+00   2.582812000E+00   2.582812000E+00   0.000000000E+00 
                 200000  1.000000000E+00 
440911   Ru91m1  1       9.120357639E-02   5.164000000E+00   2.582000000E+00   2.582000000E+00   0.000000000E+00 
                 200000  1.000000000E+00 
440920   Ru92    1       3.165055619E-03   2.837580200E+00   8.268222000E-01   2.010758000E+00   0.000000000E+00 
                 200000  1.000000000E+00 
440930   Ru93    1       1.161050554E-02   3.495863000E+00   2.364204000E+00   1.131659000E+00   0.000000000E+00 
                 200000  1.000000000E+00 
440931   Ru93m1  3       6.418029450E-02   3.867021868E+00   1.852615000E+00   2.014183000E+00   2.238675000E-04 
                 200000  7.797000000E-01 
                 270000  3.000000000E-04 
                 300000  2.200000000E-01 
440940   Ru94    1       2.230203284E-04   5.251575100E-01   5.579510000E-03   5.195780000E-01   0.000000000E+00 
                 200001  1.000000000E+00 
440950   Ru95    2       1.171886083E-04   1.317538400E+00   8.034240000E-02   1.237196000E+00   0.000000000E+00 
                 200000  9.736547000E-01 
                 200001  2.634530000E-02 
440960   Ru96    0       0.000000000E+00   0.000000000E+00   0.000000000E+00   0.000000000E+00   0.000000000E+00 
440970   Ru97    2       2.834818661E-06   2.537205400E-01   1.290554000E-02   2.408150000E-01   0.000000000E+00 
                 200000  9.996382000E-01 
                 200001  3.618000000E-04 
440980   Ru98    0       0.000000000E+00   0.000000000E+00   0.000000000E+00   0.000000000E+00   0.000000000E+00 
440990   Ru99    0       0.000000000E+00   0.000000000E+00   0.000000000E+00   0.000000000E+00   0.000000000E+00 
441000   Ru100   0       0.000000000E+00   0.000000000E+00   0.000000000E+00   0.000000000E+00   0.000000000E+00 
441010   Ru101   0       0.000000000E+00   0.000000000E+00   0.000000000E+00   0.000000000E+00   0.000000000E+00 
441020   Ru102   0       0.000000000E+00   0.000000000E+00   0.000000000E+00   0.000000000E+00   0.000000000E+00 
441030   Ru103   2       2.044114541E-07   5.622330300E-01   6.645883000E-02   4.957742000E-01   0.000000000E+00 
                 100000  1.174100000E-02 
                 100001  9.882590000E-01 
441031   Ru103m1 1       4.101462607E+02   2.350086300E-01   2.129513000E-02   2.137135000E-01   0.000000000E+00 
                 300000  1.000000000E+00 
441040   Ru104   0       0.000000000E+00   0.000000000E+00   0.000000000E+00   0.000000000E+00   0.000000000E+00 
441050   Ru105   2       4.336506385E-05   1.152153700E+00   4.141675000E-01   7.379862000E-01   0.000000000E+00 
                 100000  7.165613000E-01 
                 100001  2.834387000E-01 
441060   Ru106   1       2.157756001E-08   1.003000000E-02   1.003000000E-02   0.000000000E+00   0.000000000E+00 
                 100000  1.000000000E+00 
441070   Ru107   1       3.080654136E-03   1.410192800E+00   1.064881000E+00   3.453118000E-01   0.000000000E+00 
                 100000  1.000000000E+00 
441080   Ru108   1       2.539000661E-03   5.455246700E-01   4.839125000E-01   6.161217000E-02   0.000000000E+00 
                 100000  1.000000000E+00 
441090   Ru109   1       2.009122262E-02   2.710153000E+00   1.045579000E+00   1.664574000E+00   0.000000000E+00 
                 100000  1.000000000E+00 
441100   Ru110   1       5.975406729E-02   1.191956030E+00   1.157239000E+00   3.471703000E-02   0.000000000E+00 
                 100001  1.000000000E+00 
441110   Ru111   1       3.269562172E-01   3.989331000E+00   1.072542000E+00   2.916789000E+00   0.000000000E+00 
                 100000  1.000000000E+00 
441120   Ru112   1       3.960841032E-01   2.200188700E+00   1.412351000E+00   7.878377000E-01   0.000000000E+00 
                 100000  1.000000000E+00 
441130   Ru113   1       8.664339757E-01   3.658465000E+00   2.264195000E+00   1.394270000E+00   0.000000000E+00 
                 100000  1.000000000E+00 
441131   Ru113m1 2       1.359112119E+00   4.503000000E+00   2.250000000E+00   2.253000000E+00   0.000000000E+00 
                 200000  9.800000000E-01 
                 300000  2.000000000E-02 
441140   Ru114   2       1.332975347E+00   3.108890000E+00   1.856261000E+00   1.252629000E+00   1.865100000E-11 
                 100000  1.000000000E+00 
                 150000  3.256700000E-10 
441150   Ru115   2       9.366853791E-01   5.503509845E+00   1.989724000E+00   3.513725000E+00   6.084504000E-05 
                 100000  9.996224000E-01 
                 150000  3.775200000E-04 
441160   Ru116   2       3.397780297E+00   3.806153772E+00   2.205757000E+00   1.600112000E+00   2.847723000E-04 
                 100000  9.979024000E-01 
                 150000  2.097600000E-03 
441170   Ru117   2       4.881318173E+00   5.262450874E+00   3.420182000E+00   1.840975000E+00   1.293874000E-03 
                 100000  9.946569000E-01 
                 150000  5.343100000E-03 
441180   Ru118   2       5.635342931E+00   4.208690846E+00   2.754146000E+00   1.448384000E+00   6.160846000E-03 
                 100000  9.812010000E-01 
                 150000  1.879900000E-02 
441190   Ru119   2       4.278686300E+00   6.481251008E+00   3.036738000E+00   3.436407000E+00   8.106008000E-03 
                 100000  9.742070000E-01 
                 150000  2.579300000E-02 
441200   Ru120   2       4.651994500E+00   4.834163460E+00   3.172187000E+00   1.643327000E+00   1.864946000E-02 
                 100000  9.553900000E-01 
                 150000  4.461000000E-02 
450890   Rh89    1       4.620981204E+05   8.050666000E+00   4.025333000E+00   4.025333000E+00   0.000000000E+00 
                 200000  1.000000000E+00 
450900   Rh90    1       4.780325383E+01   8.616666000E+00   4.308333000E+00   4.308333000E+00   0.000000000E+00 
                 200000  1.000000000E+00 
450901   Rh90m1  1       6.601401720E-01   8.616666000E+00   4.308333000E+00   4.308333000E+00   0.000000000E+00 
                 200000  1.000000000E+00 
450910   Rh91    1       4.715286943E-01   6.295334000E+00   3.147667000E+00   3.147667000E+00   0.000000000E+00 
                 200000  1.000000000E+00 
450920   Rh92    1       1.487440302E-01   7.534742000E+00   3.767371000E+00   3.767371000E+00   0.000000000E+00 
                 200000  1.000000000E+00 
450930   Rh93    1       5.824766223E-02   5.464652000E+00   2.732326000E+00   2.732326000E+00   0.000000000E+00 
                 200000  1.000000000E+00 
450940   Rh94    1       9.817948733E-03   6.688086000E+00   2.925181000E+00   3.762905000E+00   0.000000000E+00 
                 200000  1.000000000E+00 
450941   Rh94m1  1       2.686616979E-02   6.589207000E+00   2.724558000E+00   3.864649000E+00   0.000000000E+00 
                 200000  1.000000000E+00 
450950   Rh95    1       2.301285460E-03   3.410288000E+00   1.705144000E+00   1.705144000E+00   0.000000000E+00 
                 200000  1.000000000E+00 
450951   Rh95m1  2       5.894108678E-03   9.305146000E-01   2.263373000E-01   7.041773000E-01   0.000000000E+00 
                 200000  1.200000000E-01 
                 300000  8.800000000E-01 
450960   Rh96    1       1.166914445E-03   4.261768000E+00   2.130884000E+00   2.130884000E+00   0.000000000E+00 
                 200000  1.000000000E+00 
450961   Rh96m1  2       7.650631132E-03   1.749774000E+00   8.592870000E-01   8.904870000E-01   0.000000000E+00 
                 200000  4.000000000E-01 
                 300000  6.000000000E-01 
450970   Rh97    1       3.763014010E-04   1.957531500E+00   5.209105000E-01   1.436621000E+00   0.000000000E+00 
                 200000  1.000000000E+00 
450971   Rh97m1  2       2.500530954E-04   2.293168300E+00   1.924433000E-01   2.100725000E+00   0.000000000E+00 
                 200000  9.410000000E-01 
                 300000  5.900000000E-02 
450980   Rh98    1       1.324822593E-03   3.093044000E+00   1.319691000E+00   1.773353000E+00   0.000000000E+00 
                 200000  1.000000000E+00 
450981   Rh98m1  2       3.209014725E-03   3.703078000E-01   1.851539000E-01   1.851539000E-01   0.000000000E+00 
                 200000  1.100000000E-01 
                 300000  8.900000000E-01 
450990   Rh99    1       4.982942119E-07   1.362196600E+00   6.810983000E-01   6.810983000E-01   0.000000000E+00 
                 200000  1.000000000E+00 
450991   Rh99m1  2       4.096614542E-05   1.402918100E+00   7.014076000E-01   7.015105000E-01   0.000000000E+00 
                 200000  9.984000000E-01 
                 300000  1.600000000E-03 
451000   Rh100   1       9.256773245E-06   2.791576840E+00   4.902584000E-02   2.742551000E+00   0.000000000E+00 
                 200000  1.000000000E+00 
451001   Rh100m1 2       2.511402828E-03   1.481907800E-01   2.120998000E-02   1.269808000E-01   0.000000000E+00 
                 200000  1.700000000E-02 
                 300000  9.830000000E-01 
451010   Rh101   1       6.655910457E-09   3.135932200E-01   2.581022000E-02   2.877830000E-01   0.000000000E+00 
                 200000  1.000000000E+00 
451011   Rh101m1 2       1.848510786E-06   3.279508200E-01   1.913292000E-02   3.088179000E-01   0.000000000E+00 
                 200000  9.280000000E-01 
                 300000  7.200000000E-02 
451020   Rh102   2       3.870012934E-08   6.703064000E-01   1.691122000E-01   5.011942000E-01   0.000000000E+00 
                 200000  7.800000000E-01 
                 100000  2.200000000E-01 
451021   Rh102m1 2       5.869726354E-09   2.164364980E+00   1.090598000E-02   2.153459000E+00   0.000000000E+00 
                 200000  9.976700000E-01 
                 300000  2.330000000E-03 
451030   Rh103   0       0.000000000E+00   0.000000000E+00   0.000000000E+00   0.000000000E+00   0.000000000E+00 
451031   Rh103m1 1       2.058747017E-04   3.891070700E-02   3.716393000E-02   1.746777000E-03   0.000000000E+00 
                 300000  1.000000000E+00 
451040   Rh104   2       1.638645817E-02   9.974084600E-01   9.849699000E-01   1.243856000E-02   0.000000000E+00 
                 100000  9.955000000E-01 
                 200000  4.500000000E-03 
451041   Rh104m1 2       2.661855532E-03   1.265813000E-01   8.247371000E-02   4.410759000E-02   0.000000000E+00 
                 100000  1.300000000E-03 
                 300000  9.987000000E-01 
451050   Rh105   1       5.445160732E-06   2.315882200E-01   1.537066000E-01   7.788162000E-02   0.000000000E+00 
                 100000  1.000000000E+00 
451051   Rh105m1 1       1.732867951E-02   1.292256600E-01   9.444838000E-02   3.477728000E-02   0.000000000E+00 
                 300000  1.000000000E+00 
451060   Rh106   1       2.305112007E-02   1.619498500E+00   1.413426000E+00   2.060725000E-01   0.000000000E+00 
                 100000  1.000000000E+00 
451061   Rh106m1 1       8.818666419E-05   3.216910400E+00   3.643184000E-01   2.852592000E+00   0.000000000E+00 
                 100000  1.000000000E+00 
451070   Rh107   1       5.323711064E-04   7.499427000E-01   4.367046000E-01   3.132381000E-01   0.000000000E+00 
                 100000  1.000000000E+00 
451080   Rh108   1       4.125876075E-02   2.161007200E+00   1.843908000E+00   3.170992000E-01   0.000000000E+00 
                 100000  1.000000000E+00 
451081   Rh108m1 1       1.925408835E-03   3.003334000E+00   1.501667000E+00   1.501667000E+00   0.000000000E+00 
                 100000  1.000000000E+00 
451090   Rh109   1       8.664339757E-03   1.259751200E+00   9.614137000E-01   2.983375000E-01   0.000000000E+00 
                 100000  1.000000000E+00 
451100   Rh110   1       2.166084939E-01   2.443222300E+00   2.117916000E+00   3.253063000E-01   0.000000000E+00 
                 100000  1.000000000E+00 
451101   Rh110m1 1       2.432095370E-02   3.566932000E+00   1.199833000E+00   2.367099000E+00   0.000000000E+00 
                 100000  1.000000000E+00 
451110   Rh111   1       6.301338005E-02   1.774625900E+00   1.415524000E+00   3.591019000E-01   0.000000000E+00 
                 100000  1.000000000E+00 
451120   Rh112   1       3.300700860E-01   4.373811000E+00   1.689397000E+00   2.684414000E+00   0.000000000E+00 
                 100000  1.000000000E+00 
451121   Rh112m1 1       1.029936375E-01   4.327855000E+00   2.066576000E+00   2.261279000E+00   0.000000000E+00 
                 100000  1.000000000E+00 
451130   Rh113   1       2.475525645E-01   2.463540100E+00   1.823162000E+00   6.403781000E-01   0.000000000E+00 
                 100000  1.000000000E+00 
451140   Rh114   1       3.746741517E-01   5.108059000E+00   2.111685000E+00   2.996374000E+00   0.000000000E+00 
                 100000  1.000000000E+00 
451150   Rh115   2       7.001486672E-01   3.389437060E+00   2.242830000E+00   1.146561000E+00   4.606040000E-05 
                 100000  9.997906000E-01 
                 150000  2.093700000E-04 
451160   Rh116   2       1.019334089E+00   5.975822052E+00   2.521887000E+00   3.453704000E+00   2.310523000E-04 
                 100000  9.988702000E-01 
                 150000  1.129800000E-03 
451161   Rh116m1 1       1.216047685E+00   5.350159000E+00   3.183214000E+00   2.166945000E+00   0.000000000E+00 
                 100000  1.000000000E+00 
451170   Rh117   2       1.575334501E+00   4.216779762E+00   2.697223000E+00   1.517866000E+00   1.690762000E-03 
                 100000  9.953157000E-01 
                 150000  4.684300000E-03 
451180   Rh118   2       2.605816468E+00   6.375153773E+00   3.283818000E+00   3.082250000E+00   9.085773000E-03 
                 100000  9.690000000E-01 
                 150000  3.100000000E-02 
451190   Rh119   2       4.053492284E+00   4.606234310E+00   3.077043000E+00   1.494644000E+00   3.454731000E-02 
                 100000  9.360000000E-01 
                 150000  6.400000000E-02 
451200   Rh120   2       5.096670445E+00   7.145278640E+00   3.557708000E+00   3.576461000E+00   1.110964000E-02 
                 100000  9.775890000E-01 
                 150000  2.241100000E-02 
451210   Rh121   2       4.590378679E+00   5.136600020E+00   3.624376000E+00   1.451065000E+00   6.115902000E-02 
                 100000  8.941900000E-01 
                 150000  1.058100000E-01 
451220   Rh122   3       6.418029450E+00   7.324955070E+00   3.823203000E+00   3.465270000E+00   3.648207000E-02 
                 100000  9.235020000E-01 
                 150000  7.648496000E-02 
                 155000  1.303900000E-05 
451230   Rh123   3       1.417478897E+01   5.717140600E+00   3.664377000E+00   1.937215000E+00   1.155486000E-01 
                 100000  8.664200000E-01 
                 150000  1.335800000E-01 
                 155000  9.379800000E-10 
460910   Pd91    1       6.931471806E+05   8.346000000E+00   4.173000000E+00   4.173000000E+00   0.000000000E+00 
                 200000  1.000000000E+00 
460920   Pd92    1       8.664339757E-01   5.286000000E+00   2.643000000E+00   2.643000000E+00   0.000000000E+00 
                 200000  1.000000000E+00 
460930   Pd93    2       5.331901389E-01   6.575271250E+00   3.273725000E+00   3.273725000E+00   2.782125000E-02 
                 200000  9.850000000E-01 
                 270000  1.500000000E-02 
460940   Pd94    1       7.701635340E-02   4.536730000E+00   2.268365000E+00   2.268365000E+00   0.000000000E+00 
                 200000  1.000000000E+00 
460950   Pd95    1       6.931471806E-02   5.584196000E+00   2.792098000E+00   2.792098000E+00   0.000000000E+00 
                 200000  1.000000000E+00 
460951   Pd95m1  3       5.211632937E-02   6.431248210E+00   3.111645000E+00   3.303724000E+00   1.587921000E-02 
                 200000  8.950495000E-01 
                 270000  8.910891000E-03 
                 300000  9.603960000E-02 
460960   Pd96    1       5.681534267E-03   1.733867800E+00   2.512048000E-01   1.482663000E+00   0.000000000E+00 
                 200001  1.000000000E+00 
460970   Pd97    2       3.726597745E-03   2.971505000E+00   7.695980000E-01   2.201907000E+00   0.000000000E+00 
                 200000  9.834525000E-01 
                 200001  1.654750000E-02 
460980   Pd98    1       6.526809610E-04   4.558652400E-01   4.336004000E-02   4.125052000E-01   0.000000000E+00 
                 200000  1.000000000E+00 
460990   Pd99    2       5.398342528E-04   1.756708700E+00   4.616817000E-01   1.295027000E+00   0.000000000E+00 
                 200000  2.583550000E-02 
                 200001  9.741645000E-01 
461000   Pd100   1       2.210065237E-06   1.669208700E-01   4.410297000E-02   1.228179000E-01   0.000000000E+00 
                 200000  1.000000000E+00 
461010   Pd101   2       2.273209959E-05   3.824883800E-01   3.187128000E-02   3.506171000E-01   0.000000000E+00 
                 200000  2.798600000E-03 
                 200001  9.972014000E-01 
461020   Pd102   0       0.000000000E+00   0.000000000E+00   0.000000000E+00   0.000000000E+00   0.000000000E+00 
461030   Pd103   2       4.721640279E-07   2.021437100E-02   5.658981000E-03   1.455539000E-02   0.000000000E+00 
                 200000  7.523000000E-04 
                 200001  9.992477000E-01 
461040   Pd104   0       0.000000000E+00   0.000000000E+00   0.000000000E+00   0.000000000E+00   0.000000000E+00 
461050   Pd105   0       0.000000000E+00   0.000000000E+00   0.000000000E+00   0.000000000E+00   0.000000000E+00 
461060   Pd106   0       0.000000000E+00   0.000000000E+00   0.000000000E+00   0.000000000E+00   0.000000000E+00 
461070   Pd107   1       3.379161778E-15   9.870000000E-03   9.870000000E-03   0.000000000E+00   0.000000000E+00 
                 100000  1.000000000E+00 
461071   Pd107m1 1       3.254212115E-02   2.153369200E-01   6.312202000E-02   1.522149000E-01   0.000000000E+00 
                 300000  1.000000000E+00 
461080   Pd108   0       0.000000000E+00   0.000000000E+00   0.000000000E+00   0.000000000E+00   0.000000000E+00 
461090   Pd109   2       1.405284818E-05   3.614383290E-01   3.607938000E-01   6.445290000E-04   0.000000000E+00 
                 100000  4.846000000E-04 
                 100001  9.995154000E-01 
461091   Pd109m1 1       2.463209597E-03   1.881397700E-01   7.682907000E-02   1.113107000E-01   0.000000000E+00 
                 300000  1.000000000E+00 
461100   Pd110   0       0.000000000E+00   0.000000000E+00   0.000000000E+00   0.000000000E+00   0.000000000E+00 
461110   Pd111   2       4.936945730E-04   8.790893300E-01   8.318679000E-01   4.722143000E-02   0.000000000E+00 
                 100000  7.030400000E-03 
                 100001  9.929696000E-01 
461111   Pd111m1 3       3.500743336E-05   5.650000000E-01   1.734326000E-01   3.915674000E-01   0.000000000E+00 
                 100000  7.891230000E-02 
                 100001  1.910876000E-01 
                 300000  7.300000000E-01 
461120   Pd112   1       9.155534165E-06   8.515693900E-02   8.002202000E-02   5.134919000E-03   0.000000000E+00 
                 100000  1.000000000E+00 
461130   Pd113   2       7.453195490E-03   1.486390000E+00   1.365445000E+00   1.209450000E-01   0.000000000E+00 
                 100000  4.242570000E-02 
                 100001  9.575743000E-01 
461131   Pd113m1 1       2.310490602E+00   8.137284000E-02   5.952107000E-02   2.185177000E-02   0.000000000E+00 
                 300000  1.000000000E+00 
461140   Pd114   1       4.773740913E-03   5.568261600E-01   5.309423000E-01   2.588386000E-02   0.000000000E+00 
                 100000  1.000000000E+00 
461150   Pd115   1       2.772588722E-02   3.433326300E+00   7.175673000E-01   2.715759000E+00   0.000000000E+00 
                 100000  1.000000000E+00 
461151   Pd115m1 2       1.386294361E-02   2.801000000E+00   1.397000000E+00   1.404000000E+00   0.000000000E+00 
                 100000  9.200000000E-01 
                 300000  8.000000000E-02 
461160   Pd116   1       5.874128649E-02   1.170016000E+00   1.011998000E+00   1.580180000E-01   0.000000000E+00 
                 100000  1.000000000E+00 
461170   Pd117   1       1.611970187E-01   4.200518000E+00   1.091593000E+00   3.108925000E+00   0.000000000E+00 
                 100000  1.000000000E+00 
461171   Pd117m1 1       3.629042830E+01   2.055116700E-01   7.540887000E-02   1.301028000E-01   0.000000000E+00 
                 300000  1.000000000E+00 
461180   Pd118   2       3.648143056E-01   1.982564800E+00   1.564543000E+00   4.180218000E-01   0.000000000E+00 
                 100000  8.567487000E-01 
                 100001  1.432513000E-01 
461190   Pd119   1       7.534208484E-01   3.976814000E+00   2.667979000E+00   1.308835000E+00   0.000000000E+00 
                 100000  1.000000000E+00 
461200   Pd120   1       1.386294361E+00   2.899283000E+00   1.894676000E+00   1.004607000E+00   0.000000000E+00 
                 100000  1.000000000E+00 
461210   Pd121   2       2.432095370E+00   5.435501081E+00   2.148517000E+00   3.286979000E+00   5.080901000E-06 
                 100000  9.999300000E-01 
                 150000  6.993200000E-05 
461220   Pd122   2       3.960841032E+00   3.677956059E+00   2.162521000E+00   1.515334000E+00   1.010594000E-04 
                 100000  9.993162000E-01 
                 150000  6.837400000E-04 
461230   Pd123   2       2.840767133E+00   6.014321182E+00   2.292020000E+00   3.719988000E+00   2.313182000E-03 
                 100000  9.909789000E-01 
                 150000  9.021100000E-03 
461240   Pd124   2       1.824071528E+01   4.553146522E+00   2.266393000E+00   2.285892000E+00   8.615219000E-04 
                 100000  9.987121000E-01 
                 150000  1.287900000E-03 
461250   Pd125   2       1.738518135E+00   6.223599230E+00   1.965102000E+00   4.238105000E+00   2.039223000E-02 
                 100000  9.160400000E-01 
                 150000  8.396000000E-02 
461260   Pd126   2       2.773698202E+00   4.866583795E+00   2.024298000E+00   2.835876000E+00   6.409795000E-03 
                 100000  9.904467000E-01 
                 150000  9.553300000E-03 
470930   Ag93    2       4.620981204E+05   5.045000000E+00   2.144000000E+00   2.144000000E+00   7.570000000E-01 
                 200000  5.000000000E-01 
                 700000  5.000000000E-01 
470940   Ag94    1       1.980420516E+01   9.126000000E+00   4.563000000E+00   4.563000000E+00   0.000000000E+00 
                 200000  1.000000000E+00 
470941   Ag94m1  2       1.260267601E+00   8.696334000E+00   4.115667000E+00   4.115667000E+00   4.650000000E-01 
                 200000  8.000000000E-01 
                 270000  2.000000000E-01 
470942   Ag94m2  3       1.732867951E+00   1.294500000E+01   5.821000000E+00   5.821000000E+00   1.303000000E+00 
                 200000  6.990000000E-01 
                 270000  2.700000000E-01 
                 700000  3.100000000E-02 
470950   Ag95    2       3.465735903E-01   5.537209000E+00   2.421792000E+00   2.421792000E+00   6.936250000E-01 
                 200000  5.000000000E-01 
                 270000  5.000000000E-01 
470951   Ag95m1  1       1.386294361E+00   3.435037900E-01   6.823369000E-02   2.752701000E-01   0.000000000E+00 
                 300000  1.000000000E+00 
470952   Ag95m2  1       4.332169878E+01   2.480781610E+00   2.005961000E-02   2.460722000E+00   0.000000000E+00 
                 300000  1.000000000E+00 
470953   Ag95m3  1       1.732867951E+01   4.088704450E+00   3.597645000E-02   4.052728000E+00   0.000000000E+00 
                 300000  1.000000000E+00 
470960   Ag96    2       1.575334501E-01   7.460600000E+00   3.662000000E+00   3.662000000E+00   1.366000000E-01 
                 200000  9.150000000E-01 
                 270000  8.500000000E-02 
470961   Ag96m1  2       1.004561131E-01   7.187300000E+00   3.449000000E+00   3.449000000E+00   2.893000000E-01 
                 200000  8.200000000E-01 
                 270000  1.800000000E-01 
470970   Ag97    1       2.718224237E-02   5.027798000E+00   1.087632000E+00   3.940166000E+00   0.000000000E+00 
                 200000  1.000000000E+00 
470980   Ag98    1       1.459257222E-02   6.064910000E+00   1.435715000E+00   4.629195000E+00   0.000000000E+00 
                 200000  1.000000000E+00 
470990   Ag99    1       5.589896617E-03   3.648060000E+00   1.824030000E+00   1.824030000E+00   0.000000000E+00 
                 200000  1.000000000E+00 
470991   Ag99m1  1       6.601401720E-02   5.061000000E-01   0.000000000E+00   5.061000000E-01   0.000000000E+00 
                 300000  1.000000000E+00 
471000   Ag100   1       5.747489059E-03   4.725708000E+00   2.362854000E+00   2.362854000E+00   0.000000000E+00 
                 200000  1.000000000E+00 
471001   Ag100m1 2       5.157345093E-03   2.375770000E+00   1.184010000E+00   1.191760000E+00   0.000000000E+00 
                 200000  5.000000000E-01 
                 300000  5.000000000E-01 
471010   Ag101   1       1.040761532E-03   2.312150400E+00   7.731074000E-01   1.539043000E+00   0.000000000E+00 
                 200000  1.000000000E+00 
471011   Ag101m1 1       2.235958647E-01   2.741000000E-01   0.000000000E+00   2.741000000E-01   0.000000000E+00 
                 300000  1.000000000E+00 
471020   Ag102   1       8.955389930E-04   3.794205500E+00   8.847255000E-01   2.909480000E+00   0.000000000E+00 
                 200000  1.000000000E+00 
471021   Ag102m1 2       1.500318573E-03   1.939565200E+00   9.675041000E-01   9.720611000E-01   0.000000000E+00 
                 200000  5.100000000E-01 
                 300000  4.900000000E-01 
471030   Ag103   1       1.758364233E-04   1.013003300E+00   1.767595000E-01   8.362438000E-01   0.000000000E+00 
                 200000  1.000000000E+00 
471031   Ag103m1 1       1.216047685E-01   1.345000000E-01   0.000000000E+00   1.345000000E-01   0.000000000E+00 
                 300000  1.000000000E+00 
471040   Ag104   1       1.669429626E-04   2.770059000E+00   8.265800000E-02   2.687401000E+00   0.000000000E+00 
                 200000  1.000000000E+00 
471041   Ag104m1 2       3.448493436E-04   2.855040000E+00   1.427518000E+00   1.427522000E+00   0.000000000E+00 
                 200000  9.993000000E-01 
                 300000  7.000000000E-04 
471050   Ag105   1       1.942973314E-07   4.970259000E-01   1.901730000E-02   4.780086000E-01   0.000000000E+00 
                 200000  1.000000000E+00 
471051   Ag105m1 2       1.597849656E-03   2.542708700E-02   2.424601000E-02   1.181077000E-03   0.000000000E+00 
                 200000  3.400000000E-03 
                 300000  9.966000000E-01 
471060   Ag106   1       4.821558017E-04   1.207141600E+00   5.006440000E-01   7.064976000E-01   0.000000000E+00 
                 200000  1.000000000E+00 
471061   Ag106m1 1       9.689054121E-07   2.819191470E+00   1.217047000E-02   2.807021000E+00   0.000000000E+00 
                 200000  1.000000000E+00 
471070   Ag107   0       0.000000000E+00   0.000000000E+00   0.000000000E+00   0.000000000E+00   0.000000000E+00 
471071   Ag107m1 1       1.564666322E-02   9.214896000E-02   7.933983000E-02   1.280913000E-02   0.000000000E+00 
                 300000  1.000000000E+00 
471080   Ag108   2       4.849896310E-03   6.264805300E-01   6.079917000E-01   1.848883000E-02   0.000000000E+00 
                 200000  2.850000000E-02 
                 100000  9.715000000E-01 
471081   Ag108m1 2       5.014738468E-11   1.636412180E+00   1.550018000E-02   1.620912000E+00   0.000000000E+00 
                 200000  9.130000000E-01 
                 300000  8.700000000E-02 
471090   Ag109   0       0.000000000E+00   0.000000000E+00   0.000000000E+00   0.000000000E+00   0.000000000E+00 
471091   Ag109m1 1       1.750371668E-02   8.702633000E-02   7.578340000E-02   1.124293000E-02   0.000000000E+00 
                 300000  1.000000000E+00 
471100   Ag110   2       2.817671466E-02   1.208712070E+00   1.178084000E+00   3.062807000E-02   0.000000000E+00 
                 100000  9.970000000E-01 
                 200000  3.000000000E-03 
471101   Ag110m1 2       3.212098935E-08   2.834732400E+00   7.353240000E-02   2.761200000E+00   0.000000000E+00 
                 100000  9.864000000E-01 
                 300000  1.360000000E-02 
471110   Ag111   1       1.076850579E-06   3.773728000E-01   3.508901000E-01   2.648270000E-02   0.000000000E+00 
                 100000  1.000000000E+00 
471111   Ag111m1 2       1.069671575E-02   6.328254700E-02   5.532330000E-02   7.959247000E-03   0.000000000E+00 
                 100000  7.000000000E-03 
                 300000  9.930000000E-01 
471120   Ag112   1       6.151465926E-05   2.109537500E+00   1.419099000E+00   6.904385000E-01   0.000000000E+00 
                 100000  1.000000000E+00 
471130   Ag113   2       3.585491313E-05   8.357287200E-01   7.641877000E-01   7.154102000E-02   0.000000000E+00 
                 100000  9.826357000E-01 
                 100001  1.736430000E-02 
471131   Ag113m1 2       1.008947861E-02   4.295911000E-01   2.214571000E-01   2.081340000E-01   0.000000000E+00 
                 100000  3.600000000E-01 
                 300000  6.400000000E-01 
471140   Ag114   1       1.506841697E-01   2.408864600E+00   2.149968000E+00   2.588966000E-01   0.000000000E+00 
                 100000  1.000000000E+00 
471141   Ag114m1 1       4.620981204E+02   1.982364300E-01   1.026086000E-01   9.562783000E-02   0.000000000E+00 
                 300000  1.000000000E+00 
471150   Ag115   2       5.776226505E-04   1.533629000E+00   1.084117000E+00   4.495120000E-01   0.000000000E+00 
                 100000  9.424104000E-01 
                 100001  5.758960000E-02 
471151   Ag115m1 2       3.850817670E-02   1.273109900E+00   8.624730000E-01   4.106369000E-01   0.000000000E+00 
                 100000  7.900000000E-01 
                 300000  2.100000000E-01 
471160   Ag116   1       2.924671648E-03   3.700936000E+00   1.951307000E+00   1.749629000E+00   0.000000000E+00 
                 100000  1.000000000E+00 
471161   Ag116m1 2       3.465735903E-02   4.053990000E+00   1.390888000E+00   2.663102000E+00   0.000000000E+00 
                 100000  9.300000000E-01 
                 300000  7.000000000E-02 
471162   Ag116m2 2       7.453195490E-02   3.949099000E+00   1.347615000E+00   2.601484000E+00   0.000000000E+00 
                 100000  9.200000000E-01 
                 300001  8.000000000E-02 
471170   Ag117   2       9.521252480E-03   2.607533000E+00   1.304837000E+00   1.302696000E+00   0.000000000E+00 
                 100000  8.482143000E-01 
                 100001  1.517857000E-01 
471171   Ag117m1 3       1.298028428E-01   2.055469500E+00   1.273116000E+00   7.823535000E-01   0.000000000E+00 
                 100000  7.304876000E-01 
                 100001  2.095123000E-01 
                 300000  6.000000000E-02 
471180   Ag118   1       1.843476544E-01   4.784122000E+00   1.819038000E+00   2.965084000E+00   0.000000000E+00 
                 100000  1.000000000E+00 
471181   Ag118m1 2       3.465735903E-01   2.834300000E+00   1.172676000E+00   1.661624000E+00   0.000000000E+00 
                 100000  5.900000000E-01 
                 300000  4.100000000E-01 
471190   Ag119   2       3.300700860E-01   3.169535000E+00   1.833439000E+00   1.336096000E+00   0.000000000E+00 
                 100000  7.283766000E-01 
                 100001  2.716234000E-01 
471191   Ag119m1 1       1.155245301E-01   3.566666000E+00   1.783333000E+00   1.783333000E+00   0.000000000E+00 
                 100000  1.000000000E+00 
471200   Ag120   2       5.635342931E-01   5.575509000E+00   2.162214000E+00   3.413295000E+00   1.372849000E-11 
                 100000  1.000000000E+00 
                 150000  7.446600000E-10 
471201   Ag120m1 2       2.166084939E+00   3.333396000E+00   1.677951000E+00   1.655445000E+00   0.000000000E+00 
                 100000  6.300000000E-01 
                 300000  3.700000000E-01 
471210   Ag121   2       8.886502315E-01   3.763652000E+00   2.419032000E+00   1.344620000E+00   0.000000000E+00 
                 100000  8.905498000E-01 
                 100001  1.094501000E-01 
471220   Ag122   2       1.310297128E+00   4.942064738E+00   3.818287000E+00   1.123377000E+00   4.007376000E-04 
                 100000  9.981400000E-01 
                 150000  1.860000000E-03 
471221   Ag122m1 2       3.465735903E+00   6.362405936E+00   2.545392000E+00   3.816851000E+00   1.629363000E-04 
                 100000  9.994494000E-01 
                 150000  5.506000000E-04 
471230   Ag123   2       2.310490602E+00   4.500828000E+00   2.640000000E+00   1.859000000E+00   1.828000000E-03 
                 100000  9.945000000E-01 
                 150000  5.500000000E-03 
471240   Ag124   2       4.029925468E+00   6.832541437E+00   2.944960000E+00   3.882300000E+00   5.281437000E-03 
                 100000  9.870000000E-01 
                 150000  1.300000000E-02 
471250   Ag125   2       4.175585425E+00   5.121963440E+00   3.021135000E+00   2.080920000E+00   1.990844000E-02 
                 100000  9.684150000E-01 
                 150000  3.158500000E-02 
471260   Ag126   2       6.478011033E+00   7.480084190E+00   3.060196000E+00   4.394513000E+00   2.537519000E-02 
                 100000  9.671060000E-01 
                 150000  3.289400000E-02 
471270   Ag127   2       6.359148446E+00   5.583105550E+00   3.232307000E+00   2.294826000E+00   5.597255000E-02 
                 100000  9.494090000E-01 
                 150000  5.059100000E-02 
471280   Ag128   3       1.195081346E+01   7.842846090E+00   3.397842000E+00   4.390844000E+00   5.416009000E-02 
                 100000  9.389980000E-01 
                 150000  6.100109000E-02 
                 155000  9.042200000E-07 
471290   Ag129   2       1.506841697E+01   5.951836860E+00   3.760371000E+00   2.103537000E+00   8.792886000E-02 
                 100000  9.104900000E-01 
                 150000  8.951000000E-02 
471300   Ag130   3       1.386294361E+01   5.660822000E+00   3.832333000E+00   1.463963000E+00   3.645260000E-01 
                 100000  1.997600000E-01 
                 150000  7.901940000E-01 
                 155000  1.004600000E-02 
480950   Cd95    2       1.386294361E+02   8.959250000E+00   3.706750000E+00   3.706750000E+00   1.545750000E+00 
                 200000  5.000000000E-01 
                 270000  5.000000000E-01 
480960   Cd96    1       6.931471806E-01   6.033334000E+00   3.016667000E+00   3.016667000E+00   0.000000000E+00 
                 200000  1.000000000E+00 
480970   Cd97    2       2.475525645E-01   6.583709000E+00   2.770792000E+00   2.770792000E+00   1.042125000E+00 
                 200000  5.000000000E-01 
                 270000  5.000000000E-01 
480980   Cd98    1       7.534208484E-02   3.537780000E+00   1.039415000E+00   2.498365000E+00   0.000000000E+00 
                 200000  1.000000000E+00 
480990   Cd99    3       4.332169878E-02   4.518516647E+00   2.258374000E+00   2.258374000E+00   1.768647000E-03 
                 200000  9.982990000E-01 
                 240000  1.000000000E-06 
                 270000  1.700000000E-03 
481000   Cd100   1       1.411705052E-02   2.115087300E+00   4.709913000E-01   1.644096000E+00   0.000000000E+00 
                 200000  1.000000000E+00 
481010   Cd101   2       8.494450742E-03   3.468701000E+00   1.015792000E+00   2.452909000E+00   0.000000000E+00 
                 200000  8.827985000E-01 
                 200001  1.172015000E-01 
481020   Cd102   2       2.100446002E-03   8.989559300E-01   7.061883000E-02   8.283371000E-01   0.000000000E+00 
                 200000  5.401570000E-02 
                 200001  9.459843000E-01 
481030   Cd103   1       1.582527809E-03   2.765420000E+00   1.382710000E+00   1.382710000E+00   0.000000000E+00 
                 200000  1.000000000E+00 
481040   Cd104   1       2.002158234E-04   7.641414000E-01   3.820707000E-01   3.820707000E-01   0.000000000E+00 
                 200000  1.000000000E+00 
481050   Cd105   1       2.081523065E-04   1.824597400E+00   9.122987000E-01   9.122987000E-01   0.000000000E+00 
                 200000  1.000000000E+00 
481060   Cd106   0       0.000000000E+00   0.000000000E+00   0.000000000E+00   0.000000000E+00   0.000000000E+00 
481070   Cd107   2       2.962167438E-05   2.705883900E-02   6.073559000E-03   2.098528000E-02   0.000000000E+00 
                 200000  6.380000000E-04 
                 200001  9.993620000E-01 
481080   Cd108   0       0.000000000E+00   0.000000000E+00   0.000000000E+00   0.000000000E+00   0.000000000E+00 
481090   Cd109   1       1.738737931E-08   2.110239200E-02   5.578162000E-03   1.552423000E-02   0.000000000E+00 
                 200001  1.000000000E+00 
481100   Cd110   0       0.000000000E+00   0.000000000E+00   0.000000000E+00   0.000000000E+00   0.000000000E+00 
481110   Cd111   0       0.000000000E+00   0.000000000E+00   0.000000000E+00   0.000000000E+00   0.000000000E+00 
481111   Cd111m1 1       2.379986199E-04   3.888001000E-01   1.046472000E-01   2.841529000E-01   0.000000000E+00 
                 300000  1.000000000E+00 
481120   Cd112   0       0.000000000E+00   0.000000000E+00   0.000000000E+00   0.000000000E+00   0.000000000E+00 
481130   Cd113   1       2.731905190E-24   9.262000000E-02   9.262000000E-02   0.000000000E+00   0.000000000E+00 
                 100000  1.000000000E+00 
481131   Cd113m1 2       1.557766436E-09   1.857260316E-01   1.856438000E-01   8.223165000E-05   0.000000000E+00 
                 100000  9.986000000E-01 
                 300000  1.400000000E-03 
481140   Cd114   0       0.000000000E+00   0.000000000E+00   0.000000000E+00   0.000000000E+00   0.000000000E+00 
481150   Cd115   2       3.601587794E-06   5.112321000E-01   3.187064000E-01   1.925257000E-01   0.000000000E+00 
                 100000  7.000000000E-07 
                 100001  9.999993000E-01 
481151   Cd115m1 2       1.800389769E-07   6.373530800E-01   6.044351000E-01   3.291798000E-02   0.000000000E+00 
                 100000  9.998942000E-01 
                 100001  1.058000000E-04 
481160   Cd116   1       7.085322498E-28   1.404355000E+00   1.404355000E+00   0.000000000E+00   0.000000000E+00 
                 110000  1.000000000E+00 
481170   Cd117   2       7.732565602E-05   1.507766700E+00   4.293187000E-01   1.078448000E+00   0.000000000E+00 
                 100000  8.342070000E-02 
                 100001  9.165793000E-01 
481171   Cd117m1 2       5.730383437E-05   2.239789300E+00   2.053023000E-01   2.034487000E+00   0.000000000E+00 
                 100000  9.900627000E-01 
                 100001  9.937300000E-03 
481180   Cd118   1       2.296710340E-04   1.629000000E-01   1.629000000E-01   0.000000000E+00   0.000000000E+00 
                 100000  1.000000000E+00 
481190   Cd119   2       4.294592197E-03   2.277114700E+00   7.881297000E-01   1.488985000E+00   0.000000000E+00 
                 100000  9.725750000E-02 
                 100001  9.027425000E-01 
481191   Cd119m1 2       5.251115004E-03   2.687061300E+00   8.561093000E-01   1.830952000E+00   0.000000000E+00 
                 100000  9.981873000E-01 
                 100001  1.812700000E-03 
481200   Cd120   1       1.364462954E-02   6.810000000E-01   6.810000000E-01   0.000000000E+00   0.000000000E+00 
                 100000  1.000000000E+00 
481210   Cd121   2       5.134423560E-02   2.868809000E+00   1.206474000E+00   1.662335000E+00   0.000000000E+00 
                 100000  3.256421000E-01 
                 100001  6.743579000E-01 
481211   Cd121m1 1       8.351170850E-02   3.314571000E+00   1.190590000E+00   2.123981000E+00   0.000000000E+00 
                 100000  1.000000000E+00 
481220   Cd122   1       1.322799963E-01   1.229000000E+00   1.229000000E+00   0.000000000E+00   0.000000000E+00 
                 100000  1.000000000E+00 
481230   Cd123   2       3.300700860E-01   3.661009000E+00   1.777554000E+00   1.883455000E+00   0.000000000E+00 
                 100000  3.097548000E-01 
                 100001  6.902452000E-01 
481231   Cd123m1 2       3.808500992E-01   4.117341000E+00   1.756011000E+00   2.361330000E+00   0.000000000E+00 
                 100000  9.834213000E-01 
                 100001  1.657870000E-02 
481240   Cd124   1       5.545177444E-01   2.898375200E+00   8.350342000E-01   2.063341000E+00   0.000000000E+00 
                 100000  1.000000000E+00 
481250   Cd125   2       1.019334089E+00   4.047114000E+00   2.318993000E+00   1.728121000E+00   0.000000000E+00 
                 100000  4.585704000E-01 
                 100001  5.414296000E-01 
481251   Cd125m1 1       1.444056626E+00   4.403784000E+00   2.114553000E+00   2.289231000E+00   0.000000000E+00 
                 100000  1.000000000E+00 
481260   Cd126   1       1.345916855E+00   3.816506000E+00   1.248987000E+00   2.567519000E+00   0.000000000E+00 
                 100000  1.000000000E+00 
481270   Cd127   2       1.873370758E+00   6.541462403E+00   1.402447000E+00   5.138806000E+00   2.094034000E-04 
                 100000  9.994453000E-01 
                 150000  5.546400000E-04 
481280   Cd128   2       2.475525645E+00   4.747502928E+00   1.761762000E+00   2.984043000E+00   1.697928000E-03 
                 100000  9.901589000E-01 
                 150000  9.841100000E-03 
481290   Cd129   2       2.567211780E+00   7.082877910E+00   1.846316000E+00   5.234861000E+00   1.700910000E-03 
                 100000  9.974573000E-01 
                 150000  2.542700000E-03 
481300   Cd130   2       4.278686300E+00   5.114557440E+00   2.456453000E+00   2.642336000E+00   1.576844000E-02 
                 100000  9.650000000E-01 
                 150000  3.500000000E-02 
481310   Cd131   3       1.019334089E+01   5.269647100E+00   2.547864000E+00   2.295598000E+00   4.261851000E-01 
                 100000  3.182100000E-01 
                 150000  6.817900000E-01 
                 155000  7.745500000E-10 
481320   Cd132   3       7.145847222E+00   6.219460000E+00   2.293154000E+00   2.181816000E+00   1.744490000E+00 
                 100000  4.011540000E-17 
                 150000  9.984890000E-01 
                 155000  1.511000000E-03 
490970   In97    2       1.386294361E+02   4.968334000E+00   2.210667000E+00   2.210667000E+00   5.470000000E-01 
                 200000  5.000000000E-01 
                 700000  5.000000000E-01 
490980   In98    1       1.630934542E+01   9.150000000E+00   4.575000000E+00   4.575000000E+00   0.000000000E+00 
                 200000  1.000000000E+00 
490981   In98m1  1       4.332169878E-01   9.150000000E+00   4.575000000E+00   4.575000000E+00   0.000000000E+00 
                 200000  1.000000000E+00 
490990   In99    1       2.272613707E-01   5.703334000E+00   2.851667000E+00   2.851667000E+00   0.000000000E+00 
                 200000  1.000000000E+00 
491000   In100   2       1.174825730E-01   6.465814570E+00   3.207075000E+00   3.207075000E+00   5.166457000E-02 
                 200000  9.610000000E-01 
                 270000  3.900000000E-02 
491010   In101   1       4.590378679E-02   4.814666000E+00   2.407333000E+00   2.407333000E+00   0.000000000E+00 
                 200000  1.000000000E+00 
491020   In102   1       2.974880603E-02   6.696280000E+00   1.789169000E+00   4.907111000E+00   0.000000000E+00 
                 200000  1.000000000E+00 
491030   In103   1       1.066380278E-02   4.015086000E+00   2.007543000E+00   2.007543000E+00   0.000000000E+00 
                 200000  1.000000000E+00 
491031   In103m1 2       2.038668178E-02   3.180727000E+00   1.486133000E+00   1.694594000E+00   0.000000000E+00 
                 200000  6.700000000E-01 
                 300000  3.300000000E-01 
491040   In104   1       6.418029450E-03   5.190480000E+00   2.595240000E+00   2.595240000E+00   0.000000000E+00 
                 200000  1.000000000E+00 
491041   In104m1 2       4.414950195E-02   1.125362700E+00   5.252813000E-01   6.000814000E-01   0.000000000E+00 
                 200000  2.000000000E-01 
                 300000  8.000000000E-01 
491050   In105   1       2.278590337E-03   2.888429000E+00   1.040610000E+00   1.847819000E+00   0.000000000E+00 
                 200000  1.000000000E+00 
491051   In105m1 1       1.444056626E-02   6.740979200E-01   3.737562000E-02   6.367223000E-01   0.000000000E+00 
                 300000  1.000000000E+00 
491060   In106   1       1.863298872E-03   4.350982000E+00   2.175491000E+00   2.175491000E+00   0.000000000E+00 
                 200000  1.000000000E+00 
491061   In106m1 1       2.221625579E-03   4.370048000E+00   2.185024000E+00   2.185024000E+00   0.000000000E+00 
                 200000  1.000000000E+00 
491070   In107   1       3.565571916E-04   1.846939800E+00   3.488778000E-01   1.498062000E+00   0.000000000E+00 
                 200000  1.000000000E+00 
491071   In107m1 1       1.375292025E-02   6.783470800E-01   3.674738000E-02   6.415997000E-01   0.000000000E+00 
                 300000  1.000000000E+00 
491080   In108   1       1.991802243E-04   3.424220000E+00   1.712110000E+00   1.712110000E+00   0.000000000E+00 
                 200000  1.000000000E+00 
491081   In108m1 1       2.917286113E-04   3.444086000E+00   1.722043000E+00   1.722043000E+00   0.000000000E+00 
                 200000  1.000000000E+00 
491090   In109   1       4.620611555E-05   6.660668600E-01   3.234546000E-02   6.337214000E-01   0.000000000E+00 
                 200000  1.000000000E+00 
491091   In109m1 1       8.621233589E-03   6.501129200E-01   4.098772000E-02   6.091252000E-01   0.000000000E+00 
                 300000  1.000000000E+00 
491092   In109m2 1       3.316493687E+00   2.085953370E+00   1.737937000E-02   2.068574000E+00   0.000000000E+00 
                 300000  1.000000000E+00 
491100   In110   1       3.929405785E-05   2.585334000E+00   1.292667000E+00   1.292667000E+00   0.000000000E+00 
                 200000  1.000000000E+00 
491101   In110m1 1       1.671845587E-04   2.188252200E+00   6.267592000E-01   1.561493000E+00   0.000000000E+00 
                 200000  1.000000000E+00 
491110   In111   2       2.860390113E-06   4.395706600E-01   3.426066000E-02   4.053100000E-01   0.000000000E+00 
                 200000  9.999500000E-01 
                 200001  5.000000000E-05 
491111   In111m1 1       1.500318573E-03   5.371586900E-01   6.641059000E-02   4.707481000E-01   0.000000000E+00 
                 300000  1.000000000E+00 
491120   In112   2       7.717069479E-04   5.071021000E-01   2.424331000E-01   2.646690000E-01   0.000000000E+00 
                 200000  5.600000000E-01 
                 100000  4.400000000E-01 
491121   In112m1 1       5.618897378E-04   1.559391500E-01   1.209376000E-01   3.500155000E-02   0.000000000E+00 
                 300000  1.000000000E+00 
491130   In113   0       0.000000000E+00   0.000000000E+00   0.000000000E+00   0.000000000E+00   0.000000000E+00 
491131   In113m1 1       1.161330674E-04   3.915938000E-01   1.329370000E-01   2.586568000E-01   0.000000000E+00 
                 300000  1.000000000E+00 
491140   In114   2       9.640433666E-03   7.760722550E-01   7.741173000E-01   1.954955000E-03   0.000000000E+00 
                 100000  9.950000000E-01 
                 200000  5.000000000E-03 
491141   In114m1 2       1.620387157E-07   2.227678300E-01   1.423784000E-01   8.038943000E-02   0.000000000E+00 
                 200000  3.250000000E-02 
                 300000  9.675000000E-01 
491142   In114m2 1       1.608230117E+01   3.116387900E-01   2.979119000E-02   2.818476000E-01   0.000000000E+00 
                 300001  1.000000000E+00 
491150   In115   1       4.980614796E-23   1.540000000E-01   1.540000000E-01   0.000000000E+00   0.000000000E+00 
                 100000  1.000000000E+00 
491151   In115m1 2       4.292039311E-05   3.343592000E-01   1.718030000E-01   1.625562000E-01   0.000000000E+00 
                 100000  5.000000000E-02 
                 300000  9.500000000E-01 
491160   In116   2       4.915937451E-02   1.385548770E+00   1.365956000E+00   1.959277000E-02   0.000000000E+00 
                 100000  9.997700000E-01 
                 200000  2.300000000E-04 
491161   In116m1 1       2.127915456E-04   2.804043600E+00   3.158336000E-01   2.488210000E+00   0.000000000E+00 
                 100000  1.000000000E+00 
491162   In116m2 1       3.179574223E-01   1.621048300E-01   9.364724000E-02   6.845759000E-02   0.000000000E+00 
                 300001  1.000000000E+00 
491170   In117   2       2.674178937E-04   9.574596000E-01   2.668576000E-01   6.906020000E-01   0.000000000E+00 
                 100000  9.964915000E-01 
                 100001  3.508500000E-03 
491171   In117m1 2       9.941870060E-05   5.245781400E-01   4.332117000E-01   9.136644000E-02   0.000000000E+00 
                 100000  5.290000000E-01 
                 300000  4.710000000E-01 
491180   In118   1       1.386294361E-01   1.958094370E+00   1.880268000E+00   7.782637000E-02   0.000000000E+00 
                 100000  1.000000000E+00 
491181   In118m1 1       2.596056856E-03   3.402664500E+00   6.365045000E-01   2.766160000E+00   0.000000000E+00 
                 100000  1.000000000E+00 
491182   In118m2 2       8.154672712E-02   1.826276200E-01   1.073987000E-01   7.522892000E-02   0.000000000E+00 
                 100000  1.400000000E-02 
                 300001  9.860000000E-01 
491190   In119   2       4.813522087E-03   1.346873800E+00   6.326529000E-01   7.142209000E-01   0.000000000E+00 
                 100000  9.257886000E-01 
                 100001  7.421139000E-02 
491191   In119m1 2       6.418029450E-04   1.055599170E+00   1.042816000E+00   1.278317000E-02   0.000000000E+00 
                 100000  9.560000000E-01 
                 300000  4.400000000E-02 
491200   In120   1       2.250477859E-01   2.500680000E+00   2.244112000E+00   2.565680000E-01   0.000000000E+00 
                 100000  1.000000000E+00 
491201   In120m1 1       1.500318573E-02   3.996365000E+00   1.000906000E+00   2.995459000E+00   0.000000000E+00 
                 100000  1.000000000E+00 
491202   In120m2 1       1.465427443E-02   4.449436100E+00   9.959571000E-01   3.453479000E+00   0.000000000E+00 
                 100000  1.000000000E+00 
491210   In121   2       3.000637145E-02   1.909266000E+00   9.862846000E-01   9.229814000E-01   0.000000000E+00 
                 100000  8.864807000E-01 
                 100001  1.135193000E-01 
491211   In121m1 2       2.977436343E-03   1.580541600E+00   1.516120000E+00   6.442160000E-02   0.000000000E+00 
                 100000  9.880000000E-01 
                 300000  1.200000000E-02 
491220   In122   1       4.620981204E-01   3.163151700E+00   2.532071000E+00   6.310807000E-01   0.000000000E+00 
                 100000  1.000000000E+00 
491221   In122m1 1       6.729584277E-02   4.400922000E+00   1.343431000E+00   3.057491000E+00   0.000000000E+00 
                 100000  1.000000000E+00 
491222   In122m2 1       6.418029450E-02   4.868183000E+00   1.407837000E+00   3.460346000E+00   0.000000000E+00 
                 100000  1.000000000E+00 
491230   In123   2       1.123415204E-01   2.416612000E+00   1.359303000E+00   1.057309000E+00   0.000000000E+00 
                 100000  3.233340000E-02 
                 100001  9.676666000E-01 
491231   In123m1 1       1.462335824E-02   2.073038690E+00   2.010754000E+00   6.228469000E-02   0.000000000E+00 
                 100001  1.000000000E+00 
491240   In124   1       2.221625579E-01   4.702781000E+00   2.051560000E+00   2.651221000E+00   0.000000000E+00 
                 100000  1.000000000E+00 
491241   In124m1 1       1.873370758E-01   5.171678000E+00   1.640361000E+00   3.531317000E+00   0.000000000E+00 
                 100000  1.000000000E+00 
491250   In125   2       2.937064324E-01   3.050588000E+00   1.848100000E+00   1.202488000E+00   0.000000000E+00 
                 100000  1.869045000E-01 
                 100001  8.130955000E-01 
491251   In125m1 1       5.681534267E-02   2.602931890E+00   2.504077000E+00   9.885489000E-02   0.000000000E+00 
                 100001  1.000000000E+00 
491260   In126   1       4.530373729E-01   5.164000000E+00   2.400105000E+00   2.763895000E+00   0.000000000E+00 
                 100000  1.000000000E+00 
491261   In126m1 1       4.226507199E-01   6.096072000E+00   1.989398000E+00   4.106674000E+00   0.000000000E+00 
                 100000  1.000000000E+00 
491270   In127   2       6.359148446E-01   3.749323000E+00   2.126281000E+00   1.623042000E+00   0.000000000E+00 
                 100000  1.727738000E-01 
                 100001  8.272261000E-01 
491271   In127m1 3       1.888684416E-01   3.488322057E+00   3.049778000E+00   4.372130000E-01   1.331057000E-03 
                 100000  3.690826000E-03 
                 100001  9.894091000E-01 
                 150000  6.900000000E-03 
491280   In128   2       8.251752150E-01   5.713710215E+00   2.645054000E+00   3.068611000E+00   4.521479000E-05 
                 100000  9.996200000E-01 
                 150000  3.800000000E-04 
491281   In128m1 3       9.627044174E-01   4.184537634E+00   2.337990000E+00   1.846475000E+00   7.263365000E-05 
                 100000  1.629338000E-01 
                 100001  8.366250000E-01 
                 150000  4.410900000E-04 
491290   In129   3       1.136306853E+00   4.730314819E+00   2.563439000E+00   2.165522000E+00   1.353819000E-03 
                 100000  8.912950000E-01 
                 100001  1.062049000E-01 
                 150000  2.500000000E-03 
491291   In129m1 2       5.635342931E-01   3.896092500E+00   3.526084000E+00   3.583390000E-01   1.166950000E-02 
                 100000  9.750000000E-01 
                 150000  2.500000000E-02 
491300   In130   3       2.390162692E+00   6.382690996E+00   2.950665000E+00   3.427053000E+00   4.972996000E-03 
                 100000  7.045842000E-01 
                 100001  2.861157000E-01 
                 150000  9.300000000E-03 
491301   In130m1 2       1.283605890E+00   5.095144370E+00   2.825108000E+00   2.261218000E+00   8.818370000E-03 
                 100001  9.835000000E-01 
                 150000  1.650000000E-02 
491302   In130m2 3       1.283605890E+00   6.638914921E+00   3.442098000E+00   3.192183000E+00   4.633921000E-03 
                 100000  8.334078000E-01 
                 100001  1.500922000E-01 
                 150000  1.650000000E-02 
491310   In131   2       2.475525645E+00   5.663515380E+00   2.823762000E+00   2.821244000E+00   1.850938000E-02 
                 100000  9.800000000E-01 
                 150000  2.000000000E-02 
491311   In131m1 2       1.980420516E+00   5.663515480E+00   2.823762000E+00   2.820266000E+00   1.948748000E-02 
                 100000  9.800000000E-01 
                 150000  2.000000000E-02 
491312   In131m2 2       2.166084939E+00   5.758709722E+00   2.823762000E+00   2.934533000E+00   4.147220000E-04 
                 100000  9.986652000E-01 
                 150000  1.334800000E-03 
491320   In132   3       3.348537104E+00   9.746698410E+00   3.470147000E+00   6.212693000E+00   6.385841000E-02 
                 100000  9.484440000E-01 
                 150000  5.155596000E-02 
                 155000  3.790200000E-08 
491330   In133   3       4.200892003E+00   6.659847400E+00   3.393920000E+00   2.346614000E-01   3.031266000E+00 
                 100000  1.030000000E-03 
                 150000  9.986378000E-01 
                 155000  3.321600000E-04 
491331   In133m1 3       3.850817670E+00   6.657137500E+00   3.393920000E+00   2.080585000E-01   3.055159000E+00 
                 100000  1.000000000E-05 
                 150000  9.996291000E-01 
                 155000  3.608400000E-04 
491340   In134   3       4.951051290E+00   6.028997600E+00   2.987894000E+00   7.406236000E-01   2.300480000E+00 
                 150000  5.389600000E-01 
                 155000  4.610395000E-01 
                 155500  4.345700000E-07 
491350   In135   4       7.534208484E+00   6.815940000E+00   3.237293000E+00   1.812921000E+00   1.765726000E+00 
                 100000  1.908190000E-17 
                 150000  9.065470000E-01 
                 155000  8.927970000E-02 
                 155500  4.173300000E-03 
500990   Sn99    2       1.386294361E+02   9.495959000E+00   3.926542000E+00   3.926542000E+00   1.642875000E+00 
                 200000  5.000000000E-01 
                 270000  5.000000000E-01 
501000   Sn100   2       8.059850937E-01   4.842746000E+00   2.298463000E+00   2.298463000E+00   2.458200000E-01 
                 200000  8.300000000E-01 
                 270000  1.700000000E-01 
501010   Sn101   2       4.077336356E-01   5.753449000E+00   2.636192000E+00   2.636192000E+00   4.810650000E-01 
                 200000  7.400000000E-01 
                 270000  2.600000000E-01 
501020   Sn102   1       1.540327068E-01   3.840000000E+00   1.920000000E+00   1.920000000E+00   0.000000000E+00 
                 200000  1.000000000E+00 
501030   Sn103   2       9.902102579E-02   5.094121000E+00   2.538938000E+00   2.538938000E+00   1.624500000E-02 
                 200000  9.880000000E-01 
                 270000  1.200000000E-02 
501040   Sn104   2       3.332438368E-02   2.756883200E+00   6.458092000E-01   2.111074000E+00   0.000000000E+00 
                 200000  1.158208000E-01 
                 200001  8.841792000E-01 
501050   Sn105   1       2.038668178E-02   4.201724000E+00   2.100862000E+00   2.100862000E+00   0.000000000E+00 
                 200000  1.000000000E+00 
501060   Sn106   1       6.027366787E-03   1.373545800E+00   1.379298000E-01   1.235616000E+00   0.000000000E+00 
                 200001  1.000000000E+00 
501070   Sn107   1       3.983604486E-03   3.367922000E+00   1.683961000E+00   1.683961000E+00   0.000000000E+00 
                 200000  1.000000000E+00 
501080   Sn108   1       1.121597380E-03   6.952476100E-01   2.519461000E-02   6.700530000E-01   0.000000000E+00 
                 200001  1.000000000E+00 
501090   Sn109   1       6.418029450E-04   2.570406000E+00   1.285203000E+00   1.285203000E+00   0.000000000E+00 
                 200000  1.000000000E+00 
501100   Sn110   1       4.684693029E-05   3.040908100E-01   1.500121000E-02   2.890896000E-01   0.000000000E+00 
                 200001  1.000000000E+00 
501110   Sn111   1       3.272649578E-04   1.634549400E+00   8.172747000E-01   8.172747000E-01   0.000000000E+00 
                 200000  1.000000000E+00 
501120   Sn112   0       0.000000000E+00   0.000000000E+00   0.000000000E+00   0.000000000E+00   0.000000000E+00 
501130   Sn113   1       6.970663665E-08   2.975349300E-02   6.061463000E-03   2.369203000E-02   0.000000000E+00 
                 200001  1.000000000E+00 
501131   Sn113m1 2       5.398342528E-04   7.174920000E-02   5.799097000E-02   1.375823000E-02   0.000000000E+00 
                 200000  8.900000000E-02 
                 300000  9.110000000E-01 
501140   Sn114   0       0.000000000E+00   0.000000000E+00   0.000000000E+00   0.000000000E+00   0.000000000E+00 
501150   Sn115   0       0.000000000E+00   0.000000000E+00   0.000000000E+00   0.000000000E+00   0.000000000E+00 
501160   Sn116   0       0.000000000E+00   0.000000000E+00   0.000000000E+00   0.000000000E+00   0.000000000E+00 
501170   Sn117   0       0.000000000E+00   0.000000000E+00   0.000000000E+00   0.000000000E+00   0.000000000E+00 
501171   Sn117m1 1       5.898924126E-07   3.156319000E-01   1.578116000E-01   1.578203000E-01   0.000000000E+00 
                 300000  1.000000000E+00 
501180   Sn118   0       0.000000000E+00   0.000000000E+00   0.000000000E+00   0.000000000E+00   0.000000000E+00 
501190   Sn119   0       0.000000000E+00   0.000000000E+00   0.000000000E+00   0.000000000E+00   0.000000000E+00 
501191   Sn119m1 1       2.738067171E-08   8.758918000E-02   7.594748000E-02   1.164170000E-02   0.000000000E+00 
                 300000  1.000000000E+00 
501200   Sn120   0       0.000000000E+00   0.000000000E+00   0.000000000E+00   0.000000000E+00   0.000000000E+00 
501210   Sn121   1       7.123229134E-06   1.158200000E-01   1.158200000E-01   0.000000000E+00   0.000000000E+00 
                 100000  1.000000000E+00 
501211   Sn121m1 2       5.003300037E-10   3.798656600E-02   3.319642000E-02   4.790146000E-03   0.000000000E+00 
                 100000  2.240000000E-01 
                 300000  7.760000000E-01 
501220   Sn122   0       0.000000000E+00   0.000000000E+00   0.000000000E+00   0.000000000E+00   0.000000000E+00 
501230   Sn123   1       6.209393817E-08   5.300596960E-01   5.231676000E-01   6.892096000E-03   0.000000000E+00 
                 100000  1.000000000E+00 
501231   Sn123m1 1       2.883787571E-04   6.214687000E-01   4.810014000E-01   1.404673000E-01   0.000000000E+00 
                 100000  1.000000000E+00 
501240   Sn124   0       0.000000000E+00   0.000000000E+00   0.000000000E+00   0.000000000E+00   0.000000000E+00 
501250   Sn125   1       8.322133622E-07   1.135662100E+00   8.021099000E-01   3.335522000E-01   0.000000000E+00 
                 100000  1.000000000E+00 
501251   Sn125m1 1       1.213492963E-03   1.150793800E+00   8.050327000E-01   3.457611000E-01   0.000000000E+00 
                 100000  1.000000000E+00 
501260   Sn126   2       9.549783771E-14   1.638549300E-01   1.073793000E-01   5.647563000E-02   0.000000000E+00 
                 100001  3.300499000E-01 
                 100002  6.699501000E-01 
501270   Sn127   1       9.168613499E-05   2.443979500E+00   5.770925000E-01   1.866887000E+00   0.000000000E+00 
                 100000  1.000000000E+00 
501271   Sn127m1 1       2.797204118E-03   1.662228700E+00   1.075863000E+00   5.863657000E-01   0.000000000E+00 
                 100000  1.000000000E+00 
501280   Sn128   1       1.955722534E-04   8.562807000E-01   2.524923000E-01   6.037884000E-01   0.000000000E+00 
                 100001  1.000000000E+00 
501281   Sn128m1 1       1.066380278E-01   2.090903180E+00   8.176118000E-02   2.009142000E+00   0.000000000E+00 
                 300000  1.000000000E+00 
501290   Sn129   1       5.180472201E-03   2.322109000E+00   1.314174000E+00   1.007935000E+00   0.000000000E+00 
                 100000  1.000000000E+00 
501291   Sn129m1 2       1.674268552E-03   2.731478400E+00   9.227594000E-01   1.808719000E+00   0.000000000E+00 
                 100000  9.433168000E-01 
                 100001  5.668313000E-02 
501300   Sn130   1       3.105498121E-03   1.399431700E+00   4.623092000E-01   9.371225000E-01   0.000000000E+00 
                 100001  1.000000000E+00 
501301   Sn130m1 2       6.795560594E-03   2.254567100E+00   1.369533000E+00   8.850341000E-01   0.000000000E+00 
                 100000  8.622232000E-01 
                 100001  1.377767000E-01 
501310   Sn131   1       1.237762822E-02   3.593757600E+00   7.042566000E-01   2.889501000E+00   0.000000000E+00 
                 100000  1.000000000E+00 
501311   Sn131m1 1       1.186895857E-02   3.115844000E+00   1.557922000E+00   1.557922000E+00   0.000000000E+00 
                 100000  1.000000000E+00 
501320   Sn132   1       1.745962671E-02   2.019172400E+00   7.268014000E-01   1.292371000E+00   0.000000000E+00 
                 100000  1.000000000E+00 
501330   Sn133   2       4.747583428E-01   3.810771795E+00   3.512344000E+00   2.984137000E-01   1.409532000E-05 
                 100000  9.997060000E-01 
                 150000  2.940000000E-04 
501340   Sn134   2       6.601401720E-01   3.359002140E+00   3.155932000E+00   1.052416000E-01   9.782854000E-02 
                 100000  8.300000000E-01 
                 150000  1.700000000E-01 
501350   Sn135   2       1.307824869E+00   3.779589000E+00   1.159644000E+00   1.339631000E+00   1.280314000E+00 
                 150000  9.849520000E-01 
                 155000  1.504800000E-02 
501360   Sn136   3       2.772588722E+00   2.977842200E+00   1.875931000E+00   4.859913000E-01   6.159199000E-01 
                 100000  6.000000000E-05 
                 150000  9.993604000E-01 
                 155000  5.795900000E-04 
501370   Sn137   2       3.648143056E+00   3.704100900E+00   1.787525000E+00   8.459419000E-01   1.070634000E+00 
                 150000  9.668520000E-01 
                 155000  3.314800000E-02 
511030   Sb103   1       4.620981204E+05   7.194000000E+00   3.597000000E+00   3.597000000E+00   0.000000000E+00 
                 200000  1.000000000E+00 
511040   Sb104   3       1.506841697E+00   8.072263200E+00   3.963144000E+00   3.963144000E+00   1.459752000E-01 
                 200000  9.207920000E-01 
                 270000  6.930693000E-02 
                 700000  9.900990000E-03 
511050   Sb105   2       5.681534267E-01   6.264778000E+00   3.129976000E+00   3.129976000E+00   4.826000000E-03 
                 200000  9.900000000E-01 
                 700000  1.000000000E-02 
511060   Sb106   1       1.155245301E+00   7.253592000E+00   3.626796000E+00   3.626796000E+00   0.000000000E+00 
                 200000  1.000000000E+00 
511070   Sb107   1       1.732867951E-01   5.239338000E+00   2.619669000E+00   2.619669000E+00   0.000000000E+00 
                 200000  1.000000000E+00 
511080   Sb108   1       9.366853791E-02   6.417310000E+00   3.208655000E+00   3.208655000E+00   0.000000000E+00 
                 200000  1.000000000E+00 
511090   Sb109   1       4.077336356E-02   3.733944000E+00   1.879016000E+00   1.854928000E+00   0.000000000E+00 
                 200000  1.000000000E+00 
511100   Sb110   1       3.013683394E-02   5.640354000E+00   1.952915000E+00   3.687439000E+00   0.000000000E+00 
                 200000  1.000000000E+00 
511110   Sb111   1       9.241962407E-03   2.858557000E+00   1.379862000E+00   1.478695000E+00   0.000000000E+00 
                 200000  1.000000000E+00 
511120   Sb112   1       1.348535371E-02   4.526113000E+00   1.769486000E+00   2.756627000E+00   0.000000000E+00 
                 200000  1.000000000E+00 
511130   Sb113   1       1.732001950E-03   2.608864000E+00   1.304432000E+00   1.304432000E+00   0.000000000E+00 
                 200000  1.000000000E+00 
511140   Sb114   1       3.310158455E-03   3.913625000E+00   1.253429000E+00   2.660196000E+00   0.000000000E+00 
                 200000  1.000000000E+00 
511150   Sb115   1       3.598895018E-04   1.121663600E+00   2.341725000E-01   8.874911000E-01   0.000000000E+00 
                 200000  1.000000000E+00 
511160   Sb116   1       7.311679120E-04   2.809747500E+00   5.224355000E-01   2.287312000E+00   0.000000000E+00 
                 200000  1.000000000E+00 
511161   Sb116m1 1       1.915829686E-04   3.198879500E+00   1.381055000E-01   3.060774000E+00   0.000000000E+00 
                 200000  1.000000000E+00 
511170   Sb117   1       6.876460125E-05   2.155159500E-01   2.944025000E-02   1.860757000E-01   0.000000000E+00 
                 200000  1.000000000E+00 
511180   Sb118   1       3.209014725E-03   1.677712300E+00   8.736124000E-01   8.040999000E-01   0.000000000E+00 
                 200000  1.000000000E+00 
511181   Sb118m1 1       3.850817670E-05   2.635616750E+00   3.682775000E-02   2.598789000E+00   0.000000000E+00 
                 200000  1.000000000E+00 
511190   Sb119   1       5.041657070E-06   4.627154000E-02   2.302094000E-02   2.325060000E-02   0.000000000E+00 
                 200000  1.000000000E+00 
511191   Sb119m1 1       8.154672712E-01   2.841700000E+00   0.000000000E+00   2.841700000E+00   0.000000000E+00 
                 300000  1.000000000E+00 
511200   Sb120   1       7.270266211E-04   7.599147000E-01   3.078237000E-01   4.520910000E-01   0.000000000E+00 
                 200000  1.000000000E+00 
511201   Sb120m1 1       1.392801530E-06   2.510677400E+00   4.442040000E-02   2.466257000E+00   0.000000000E+00 
                 200000  1.000000000E+00 
511210   Sb121   0       0.000000000E+00   0.000000000E+00   0.000000000E+00   0.000000000E+00   0.000000000E+00 
511220   Sb122   2       2.945347490E-06   1.009825200E+00   5.644977000E-01   4.453275000E-01   0.000000000E+00 
                 100000  9.759000000E-01 
                 200000  2.410000000E-02 
511221   Sb122m1 1       2.756490816E-03   1.615786200E-01   9.072502000E-02   7.085360000E-02   0.000000000E+00 
                 300000  1.000000000E+00 
511230   Sb123   0       0.000000000E+00   0.000000000E+00   0.000000000E+00   0.000000000E+00   0.000000000E+00 
511240   Sb124   1       1.332647311E-07   2.235130200E+00   3.891312000E-01   1.845999000E+00   0.000000000E+00 
                 100000  1.000000000E+00 
511241   Sb124m1 2       7.453195490E-03   5.559987000E-01   1.160380000E-01   4.399607000E-01   0.000000000E+00 
                 100000  2.500000000E-01 
                 300000  7.500000000E-01 
511242   Sb124m2 1       5.719036143E-04   2.466491040E-02   2.446524000E-02   1.996704000E-04   0.000000000E+00 
                 300001  1.000000000E+00 
511250   Sb125   2       7.962309863E-09   5.335179000E-01   1.001324000E-01   4.333855000E-01   0.000000000E+00 
                 100000  7.690832000E-01 
                 100001  2.309168000E-01 
511260   Sb126   1       6.495981224E-07   3.120451700E+00   3.653507000E-01   2.755101000E+00   0.000000000E+00 
                 100000  1.000000000E+00 
511261   Sb126m1 2       6.032612538E-04   2.197266000E+00   6.490000000E-01   1.548266000E+00   0.000000000E+00 
                 100000  8.600000000E-01 
                 300000  1.400000000E-01 
511262   Sb126m2 1       6.301338005E-02   2.140158730E-02   2.118233000E-02   2.192573000E-04   0.000000000E+00 
                 300001  1.000000000E+00 
511270   Sb127   2       2.083775795E-06   1.005423200E+00   3.133553000E-01   6.920679000E-01   0.000000000E+00 
                 100000  8.351952000E-01 
                 100001  1.648048000E-01 
511280   Sb128   1       2.136968740E-05   3.530880500E+00   4.824645000E-01   3.048416000E+00   0.000000000E+00 
                 100000  1.000000000E+00 
511281   Sb128m1 2       1.110812789E-03   2.841929200E+00   9.600062000E-01   1.881923000E+00   0.000000000E+00 
                 100000  9.640000000E-01 
                 300000  3.600000000E-02 
511290   Sb129   2       4.375929170E-05   1.771174000E+00   3.462340000E-01   1.424940000E+00   0.000000000E+00 
                 100000  8.484150000E-01 
                 100001  1.515850000E-01 
511291   Sb129m1 2       6.526809610E-04   1.563960000E+00   6.430000000E-01   9.209600000E-01   0.000000000E+00 
                 100001  8.500000000E-01 
                 300000  1.500000000E-01 
511300   Sb130   1       2.924671648E-04   4.001809700E+00   7.294887000E-01   3.272321000E+00   0.000000000E+00 
                 100000  1.000000000E+00 
511301   Sb130m1 1       1.833722700E-03   3.404313900E+00   8.798299000E-01   2.524484000E+00   0.000000000E+00 
                 100000  1.000000000E+00 
511310   Sb131   2       5.016262705E-04   2.364172800E+00   6.253248000E-01   1.738848000E+00   0.000000000E+00 
                 100000  9.376721000E-01 
                 100001  6.232790000E-02 
511320   Sb132   1       4.140664161E-03   3.701652000E+00   1.205822000E+00   2.495830000E+00   0.000000000E+00 
                 100000  1.000000000E+00 
511321   Sb132m1 1       2.817671466E-03   3.694354000E+00   1.286214000E+00   2.408140000E+00   0.000000000E+00 
                 100000  1.000000000E+00 
511330   Sb133   2       4.620981204E-03   2.863738500E+00   6.801465000E-01   2.183592000E+00   0.000000000E+00 
                 100000  8.271128000E-01 
                 100001  1.728872000E-01 
511340   Sb134   2       8.886502315E-01   2.893992426E+00   2.778920000E+00   1.111616000E-01   3.910826000E-03 
                 100000  9.705420000E-01 
                 150000  2.945800000E-02 
511341   Sb134m1 2       6.883288784E-02   4.953524140E+00   2.882617000E+00   2.070810000E+00   9.714001000E-05 
                 100000  9.991200000E-01 
                 150000  8.800000000E-04 
511350   Sb135   2       4.128333416E-01   3.522260200E+00   2.749962000E+00   5.770986000E-01   1.951996000E-01 
                 100000  7.800000000E-01 
                 150000  2.200000000E-01 
511360   Sb136   3       7.509720266E-01   5.149753000E+00   1.984696000E+00   2.702615000E+00   4.624420000E-01 
                 100000  5.231000000E-01 
                 150000  4.667370000E-01 
                 155000  1.016300000E-02 
511370   Sb137   3       1.540327068E+00   3.520501300E+00   1.914720000E+00   8.513226000E-01   7.544587000E-01 
                 100000  1.300000000E-04 
                 150000  9.994535000E-01 
                 155000  4.165000000E-04 
511380   Sb138   3       4.125876075E+00   6.315606300E+00   2.999680000E+00   3.132415000E+00   1.835113000E-01 
                 100000  7.984300000E-01 
                 150000  1.934287000E-01 
                 155000  8.141300000E-03 
511390   Sb139   2       5.457851815E+00   4.137609000E+00   2.584467000E+00   5.227550000E-01   1.030387000E+00 
                 150000  9.979637000E-01 
                 155000  2.036300000E-03 
521050   Te105   1       1.117979323E+06   4.636000000E+00   0.000000000E+00   0.000000000E+00   4.636000000E+00 
                 400000  1.000000000E+00 
521060   Te106   1       1.155245301E+04   4.283774000E+00   0.000000000E+00   0.000000000E+00   4.283774000E+00 
                 400000  1.000000000E+00 
521070   Te107   2       2.235958647E+02   4.829159000E+00   1.011685000E+00   1.011685000E+00   2.805789000E+00 
                 200000  3.000000000E-01 
                 400000  7.000000000E-01 
521080   Te108   3       3.300700860E-01   3.946510000E+00   1.112586000E+00   1.112586000E+00   1.721338000E+00 
                 200000  4.860000000E-01 
                 270000  2.400000000E-02 
                 400000  4.900000000E-01 
521090   Te109   4       1.506841697E-01   5.562979200E+00   2.634636000E+00   2.634636000E+00   2.937072000E-01 
                 240000  5.000000000E-05 
                 200000  8.669500000E-01 
                 270000  9.400000000E-02 
                 400000  3.900000000E-02 
521100   Te110   2       3.726597745E-02   3.479917693E+00   1.739918000E+00   1.739918000E+00   8.169265000E-05 
                 200000  9.999700000E-01 
                 400000  3.000000000E-05 
521110   Te111   1       3.591436169E-02   4.832840000E+00   2.416420000E+00   2.416420000E+00   0.000000000E+00 
                 200000  1.000000000E+00 
521120   Te112   1       5.776226505E-03   2.688816000E+00   1.344408000E+00   1.344408000E+00   0.000000000E+00 
                 200000  1.000000000E+00 
521130   Te113   1       6.795560594E-03   3.555946000E+00   1.669344000E+00   1.886602000E+00   0.000000000E+00 
                 200000  1.000000000E+00 
521140   Te114   1       7.600298032E-04   1.188376600E+00   1.325736000E-01   1.055803000E+00   0.000000000E+00 
                 200000  1.000000000E+00 
521150   Te115   1       1.991802243E-03   2.917608300E+00   8.119363000E-01   2.105672000E+00   0.000000000E+00 
                 200000  1.000000000E+00 
521151   Te115m1 1       1.724246718E-03   2.591347600E+00   5.034076000E-01   2.087940000E+00   0.000000000E+00 
                 200000  1.000000000E+00 
521160   Te116   1       7.732565602E-05   1.733999000E-01   6.087010000E-02   1.125298000E-01   0.000000000E+00 
                 200000  1.000000000E+00 
521170   Te117   1       1.863298872E-04   1.771431200E+00   2.180702000E-01   1.553361000E+00   0.000000000E+00 
                 200000  1.000000000E+00 
521171   Te117m1 1       6.729584277E+00   2.956918700E-01   3.116187000E-02   2.645300000E-01   0.000000000E+00 
                 300000  1.000000000E+00 
521180   Te118   1       1.337089469E-06   2.636246300E-02   6.290693000E-03   2.007177000E-02   0.000000000E+00 
                 200000  1.000000000E+00 
521190   Te119   1       1.199631673E-05   7.831303700E-01   1.434387000E-02   7.687865000E-01   0.000000000E+00 
                 200000  1.000000000E+00 
521191   Te119m1 1       1.706922726E-06   1.513249700E+00   1.749070000E-02   1.495759000E+00   0.000000000E+00 
                 200000  1.000000000E+00 
521200   Te120   0       0.000000000E+00   0.000000000E+00   0.000000000E+00   0.000000000E+00   0.000000000E+00 
521210   Te121   1       4.184943564E-07   5.880945830E-01   9.913083000E-03   5.781815000E-01   0.000000000E+00 
                 200000  1.000000000E+00 
521211   Te121m1 2       4.885832407E-08   2.955777800E-01   7.811188000E-02   2.174659000E-01   0.000000000E+00 
                 200000  1.140000000E-01 
                 300000  8.860000000E-01 
521220   Te122   0       0.000000000E+00   0.000000000E+00   0.000000000E+00   0.000000000E+00   0.000000000E+00 
521230   Te123   1       0.000000000E+00   3.285095300E-03   3.005754000E-03   2.793413000E-04   0.000000000E+00 
                 200000  1.000000000E+00 
521231   Te123m1 1       6.730316117E-08   2.488243000E-01   1.005146000E-01   1.483097000E-01   0.000000000E+00 
                 300000  1.000000000E+00 
521240   Te124   0       0.000000000E+00   0.000000000E+00   0.000000000E+00   0.000000000E+00   0.000000000E+00 
521250   Te125   0       0.000000000E+00   0.000000000E+00   0.000000000E+00   0.000000000E+00   0.000000000E+00 
521251   Te125m1 1       1.397654497E-07   1.454588100E-01   1.080450000E-01   3.741381000E-02   0.000000000E+00 
                 300000  1.000000000E+00 
521260   Te126   0       0.000000000E+00   0.000000000E+00   0.000000000E+00   0.000000000E+00   0.000000000E+00 
521270   Te127   1       2.059260786E-05   2.294619280E-01   2.245829000E-01   4.879028000E-03   0.000000000E+00 
                 100000  1.000000000E+00 
521271   Te127m1 2       7.360125516E-08   9.218395000E-02   8.080788000E-02   1.137607000E-02   0.000000000E+00 
                 100000  2.400000000E-02 
                 300000  9.760000000E-01 
521280   Te128   1       2.495965822E-27   4.339750000E-01   4.339750000E-01   0.000000000E+00   0.000000000E+00 
                 110000  1.000000000E+00 
521290   Te129   1       1.659835202E-04   6.086577600E-01   5.462738000E-01   6.238396000E-02   0.000000000E+00 
                 100000  1.000000000E+00 
521291   Te129m1 2       2.387659765E-07   3.089479000E-01   2.713680000E-01   3.757990000E-02   0.000000000E+00 
                 100000  3.700000000E-01 
                 300000  6.300000000E-01 
521300   Te130   1       0.000000000E+00   1.265150000E+00   1.265150000E+00   0.000000000E+00   0.000000000E+00 
                 110000  1.000000000E+00 
521310   Te131   1       4.620981204E-04   1.130830900E+00   7.112317000E-01   4.195992000E-01   0.000000000E+00 
                 100000  1.000000000E+00 
521311   Te131m1 2       5.790703263E-06   1.562000900E+00   1.893719000E-01   1.372629000E+00   0.000000000E+00 
                 100000  7.410000000E-01 
                 300000  2.590000000E-01 
521320   Te132   1       2.503912863E-06   3.435950000E-01   1.097842000E-01   2.338108000E-01   0.000000000E+00 
                 100000  1.000000000E+00 
521330   Te133   1       9.241962407E-04   1.884490300E+00   6.934673000E-01   1.191023000E+00   0.000000000E+00 
                 100000  1.000000000E+00 
521331   Te133m1 3       2.085280327E-04   1.936041600E+00   3.054606000E-01   1.630581000E+00   0.000000000E+00 
                 100000  7.351199000E-01 
                 100001  9.988001000E-02 
                 300000  1.650000000E-01 
521340   Te134   1       2.763744739E-04   1.094596700E+00   2.236461000E-01   8.709506000E-01   0.000000000E+00 
                 100000  1.000000000E+00 
521350   Te135   1       3.648143056E-02   2.792642100E+00   2.408251000E+00   3.843911000E-01   0.000000000E+00 
                 100000  1.000000000E+00 
521360   Te136   2       3.960841032E-02   3.358557120E+00   1.312872000E+00   2.041875000E+00   3.810120000E-03 
                 100000  9.869000000E-01 
                 150000  1.310000000E-02 
521370   Te137   2       2.783723617E-01   6.041980110E+00   6.228717000E-01   5.407939000E+00   1.116941000E-02 
                 100000  9.701000000E-01 
                 150000  2.990000000E-02 
521380   Te138   2       4.951051290E-01   3.966822890E+00   1.429515000E+00   2.495658000E+00   4.164989000E-02 
                 100000  9.370000000E-01 
                 150000  6.300000000E-02 
521390   Te139   2       1.997542307E+00   4.933238904E+00   2.483544000E+00   2.439914000E+00   9.780904000E-03 
                 100000  9.796160000E-01 
                 150000  2.038400000E-02 
521400   Te140   2       2.280089410E+00   3.948324600E+00   2.359459000E+00   1.577438000E+00   1.142760000E-02 
                 100000  9.767190000E-01 
                 150000  2.328100000E-02 
521410   Te141   3       3.254212115E+00   5.884799740E+00   2.624165000E+00   3.234081000E+00   2.655374000E-02 
                 100000  9.597730000E-01 
                 150000  4.014444000E-02 
                 155000  8.256000000E-05 
521420   Te142   3       3.465735903E+00   4.257277110E+00   2.836915000E+00   1.373286000E+00   4.707611000E-02 
                 100000  8.668100000E-01 
                 150000  1.331899000E-01 
                 155000  1.767400000E-08 
531080   I108    3       1.925408835E+01   4.475624600E+00   3.882178000E-01   3.882178000E-01   3.699189000E+00 
                 200000  8.910891000E-02 
                 400000  9.009901000E-01 
                 700000  9.900990000E-03 
531090   I109    1       6.729584277E+03   8.195200000E-01   0.000000000E+00   0.000000000E+00   8.195200000E-01 
                 700000  1.000000000E+00 
531100   I110    4       1.066380278E+00   7.003419100E+00   3.058240000E+00   3.058240000E+00   8.869391000E-01 
                 240000  1.100000000E-02 
                 200000  7.090000000E-01 
                 270000  1.100000000E-01 
                 400000  1.700000000E-01 
531110   I111    2       2.772588722E-01   5.753301550E+00   2.875010000E+00   2.875010000E+00   3.281550000E-03 
                 200000  9.990000000E-01 
                 400000  1.000000000E-03 
531120   I112    2       2.026746142E-01   7.002737844E+00   3.501351000E+00   3.501351000E+00   3.584357000E-05 
                 200000  9.999880000E-01 
                 400000  1.200000000E-05 
531130   I113    2       1.050223001E-01   4.818352009E+00   2.409176000E+00   2.409176000E+00   8.929469000E-09 
                 200000  1.000000000E+00 
                 400000  3.300000000E-09 
531140   I114    1       3.300700860E-01   6.061334000E+00   3.030667000E+00   3.030667000E+00   0.000000000E+00 
                 200000  1.000000000E+00 
531141   I114m1  2       1.117979323E-01   5.701057000E+00   2.838563000E+00   2.862494000E+00   0.000000000E+00 
                 200000  9.100000000E-01 
                 300000  9.000000000E-02 
531150   I115    1       8.886502315E-03   3.816642000E+00   1.908321000E+00   1.908321000E+00   0.000000000E+00 
                 200000  1.000000000E+00 
531160   I116    1       2.381949074E-01   5.184486000E+00   2.592243000E+00   2.592243000E+00   0.000000000E+00 
                 200000  1.000000000E+00 
531170   I117    1       5.203807662E-03   3.108260000E+00   1.554130000E+00   1.554130000E+00   0.000000000E+00 
                 200000  1.000000000E+00 
531180   I118    1       8.432447452E-04   4.070648000E+00   2.109720000E+00   1.960928000E+00   0.000000000E+00 
                 200000  1.000000000E+00 
531181   I118m1  1       1.359112119E-03   4.691639000E+00   1.022988000E+00   3.668651000E+00   0.000000000E+00 
                 200000  1.000000000E+00 
531190   I119    2       6.048404717E-04   1.513957200E+00   5.755204000E-01   9.384368000E-01   0.000000000E+00 
                 200000  9.905067000E-01 
                 200001  9.493300000E-03 
531200   I120    1       1.415741790E-04   3.274442000E+00   1.168212000E+00   2.106230000E+00   0.000000000E+00 
                 200000  1.000000000E+00 
531201   I120m1  1       2.179708115E-04   3.956666000E+00   1.978333000E+00   1.978333000E+00   0.000000000E+00 
                 200000  1.000000000E+00 
531210   I121    2       9.082117146E-05   4.697530400E-01   7.003604000E-02   3.997170000E-01   0.000000000E+00 
                 200000  9.971488000E-01 
                 200001  2.851200000E-03 
531220   I122    1       3.182493942E-03   2.070754100E+00   1.107521000E+00   9.632331000E-01   0.000000000E+00 
                 200000  1.000000000E+00 
531230   I123    1       1.456061856E-05   2.006624000E-01   2.776030000E-02   1.729021000E-01   0.000000000E+00 
                 200000  1.000000000E+00 
531240   I124    1       1.921105558E-06   1.309608000E+00   1.929750000E-01   1.116633000E+00   0.000000000E+00 
                 200000  1.000000000E+00 
531250   I125    1       1.350595423E-07   6.046708000E-02   1.843556000E-02   4.203152000E-02   0.000000000E+00 
                 200000  1.000000000E+00 
531260   I126    2       6.204591502E-07   5.959313000E-01   1.606561000E-01   4.352752000E-01   0.000000000E+00 
                 200000  5.270000000E-01 
                 100000  4.730000000E-01 
531270   I127    0       0.000000000E+00   0.000000000E+00   0.000000000E+00   0.000000000E+00   0.000000000E+00 
531280   I128    2       4.622830336E-04   8.136066900E-01   7.459991000E-01   6.760759000E-02   0.000000000E+00 
                 100000  9.310000000E-01 
                 200000  6.900000000E-02 
531290   I129    1       1.399014198E-15   7.433768000E-02   5.015069000E-02   2.418699000E-02   0.000000000E+00 
                 100000  1.000000000E+00 
531300   I130    1       1.557774138E-05   2.416395400E+00   2.793494000E-01   2.137046000E+00   0.000000000E+00 
                 100000  1.000000000E+00 
531301   I130m1  2       1.306838576E-03   2.844132000E-01   1.748342000E-01   1.095790000E-01   0.000000000E+00 
                 100000  1.600000000E-01 
                 300000  8.400000000E-01 
531310   I131    2       9.996681180E-07   5.734375000E-01   1.916906000E-01   3.817469000E-01   0.000000000E+00 
                 100000  9.891523000E-01 
                 100001  1.084770000E-02 
531320   I132    1       8.389580980E-05   2.756312500E+00   4.936485000E-01   2.262664000E+00   0.000000000E+00 
                 100000  1.000000000E+00 
531321   I132m1  2       1.388182289E-04   4.918841000E-01   1.534721000E-01   3.384120000E-01   0.000000000E+00 
                 100000  1.400000000E-01 
                 300000  8.600000000E-01 
531330   I133    2       9.256773245E-06   1.018885500E+00   4.073727000E-01   6.115128000E-01   0.000000000E+00 
                 100000  9.715410000E-01 
                 100001  2.845900000E-02 
531331   I133m1  1       7.701635340E-02   1.633729100E+00   5.082910000E-02   1.582900000E+00   0.000000000E+00 
                 300000  1.000000000E+00 
531340   I134    1       2.200467240E-04   3.185878500E+00   5.823435000E-01   2.603535000E+00   0.000000000E+00 
                 100000  1.000000000E+00 
531341   I134m1  2       3.281946878E-03   3.306573500E-01   8.797995000E-02   2.426774000E-01   0.000000000E+00 
                 100001  2.300000000E-02 
                 300000  9.770000000E-01 
531350   I135    2       2.930607055E-05   1.916827500E+00   3.387785000E-01   1.578049000E+00   0.000000000E+00 
                 100000  8.349109000E-01 
                 100001  1.650891000E-01 
531360   I136    1       8.311117273E-03   4.307786000E+00   1.951910000E+00   2.355876000E+00   0.000000000E+00 
                 100000  1.000000000E+00 
531361   I136m1  1       1.477925758E-02   4.780306000E+00   2.644838000E+00   2.135468000E+00   0.000000000E+00 
                 100000  1.000000000E+00 
531370   I137    2       2.829172166E-02   3.099140620E+00   1.919914000E+00   1.134619000E+00   4.460762000E-02 
                 100000  9.286000000E-01 
                 150000  7.140000000E-02 
531380   I138    2       1.112595795E-01   3.911432480E+00   2.470628000E+00   1.419836000E+00   2.096848000E-02 
                 100000  9.444000000E-01 
                 150000  5.560000000E-02 
531390   I139    2       3.040119213E-01   4.567966880E+00   1.615653000E+00   2.911376000E+00   4.093788000E-02 
                 100000  9.000000000E-01 
                 150000  1.000000000E-01 
531400   I140    3       8.059850937E-01   5.952315490E+00   2.290581000E+00   3.620977000E+00   4.075749000E-02 
                 100000  9.023670000E-01 
                 150000  9.763300000E-02 
                 155000  1.240000000E-10 
531410   I141    2       1.611970187E+00   4.710949060E+00   1.902516000E+00   2.749909000E+00   5.852406000E-02 
                 100000  7.880000000E-01 
                 150000  2.120000000E-01 
531420   I142    3       3.122284597E+00   4.823450300E+00   2.101693000E+00   2.457017000E+00   2.647403000E-01 
                 100000  4.761200000E-01 
                 150000  5.225796000E-01 
                 155000  1.300400000E-03 
531430   I143    3       2.341713448E+00   3.369842500E+00   2.326814000E+00   4.889485000E-01   5.540800000E-01 
                 100000  7.535000000E-02 
                 150000  9.246255000E-01 
                 155000  2.442200000E-05 
531440   I144    3       3.572923611E+00   5.449667500E+00   3.217489000E+00   2.013869000E+00   2.183095000E-01 
                 100000  6.351000000E-01 
                 150000  3.594931000E-01 
                 155000  5.406900000E-03 
531450   I145    3       5.457851815E+00   4.326492600E+00   3.378611000E+00   6.061590000E-01   3.417226000E-01 
                 100000  4.304400000E-01 
                 150000  5.686386000E-01 
                 155000  9.213900000E-04 
541100   Xe110   3       7.453195490E+00   4.530000000E+00   1.025000000E+00   1.025000000E+00   2.480000000E+00 
                 200000  3.590000000E-01 
                 270000  1.000000000E-03 
                 400000  6.400000000E-01 
541110   Xe111   2       8.557372600E-01   6.708000000E+00   3.168000000E+00   3.168000000E+00   3.720000000E-01 
                 200000  9.000000000E-01 
                 400000  1.000000000E-01 
541120   Xe112   2       2.567211780E-01   4.678522770E+00   2.325274000E+00   2.325274000E+00   2.797477000E-02 
                 200000  9.916000000E-01 
                 400000  8.400000000E-03 
541130   Xe113   4       2.529734236E-01   6.018049100E+00   2.939474000E+00   2.939474000E+00   1.391011000E-01 
                 240000  6.999300000E-05 
                 200000  9.298370000E-01 
                 270000  6.999300000E-02 
                 400000  9.999000000E-05 
541140   Xe114   1       6.931471806E-02   3.806666000E+00   1.903333000E+00   1.903333000E+00   0.000000000E+00 
                 200000  1.000000000E+00 
541150   Xe115   3       3.850817670E-02   5.118420600E+00   2.556681000E+00   2.556681000E+00   5.058600000E-03 
                 200000  9.965970000E-01 
                 270000  3.399989000E-03 
                 400000  2.999991000E-06 
541160   Xe116   1       1.174825730E-02   2.963674000E+00   1.481837000E+00   1.481837000E+00   0.000000000E+00 
                 200000  1.000000000E+00 
541170   Xe117   2       1.136306853E-02   4.166077511E+00   2.083025000E+00   2.083025000E+00   2.751107000E-05 
                 200000  9.999710000E-01 
                 270000  2.900000000E-05 
541180   Xe118   1       3.040119213E-03   1.927996000E+00   9.639980000E-01   9.639980000E-01   0.000000000E+00 
                 200000  1.000000000E+00 
541190   Xe119   1       1.991802243E-03   3.314080000E+00   1.657040000E+00   1.657040000E+00   0.000000000E+00 
                 200000  1.000000000E+00 
541200   Xe120   1       2.888113252E-04   4.408836900E-01   3.945329000E-02   4.014304000E-01   0.000000000E+00 
                 200000  1.000000000E+00 
541210   Xe121   1       2.880910975E-04   2.015776600E+00   5.570466000E-01   1.458730000E+00   0.000000000E+00 
                 200000  1.000000000E+00 
541220   Xe122   1       9.579148432E-06   7.833769000E-02   1.004894000E-02   6.828875000E-02   0.000000000E+00 
                 200000  1.000000000E+00 
541230   Xe123   1       9.256773245E-05   8.415566000E-01   1.942098000E-01   6.473468000E-01   0.000000000E+00 
                 200000  1.000000000E+00 
541240   Xe124   0       0.000000000E+00   0.000000000E+00   0.000000000E+00   0.000000000E+00   0.000000000E+00 
541250   Xe125   1       1.139295169E-05   3.051291500E-01   3.423465000E-02   2.708945000E-01   0.000000000E+00 
                 200000  1.000000000E+00 
541251   Xe125m1 1       1.218184852E-02   2.519147000E-01   1.363829000E-01   1.155318000E-01   0.000000000E+00 
                 300000  1.000000000E+00 
541260   Xe126   0       0.000000000E+00   0.000000000E+00   0.000000000E+00   0.000000000E+00   0.000000000E+00 
541270   Xe127   1       2.203993630E-07   3.126763100E-01   3.214961000E-02   2.805267000E-01   0.000000000E+00 
                 200000  1.000000000E+00 
541271   Xe127m1 1       1.001657775E-02   2.967942000E-01   1.278513000E-01   1.689429000E-01   0.000000000E+00 
                 300000  1.000000000E+00 
541280   Xe128   0       0.000000000E+00   0.000000000E+00   0.000000000E+00   0.000000000E+00   0.000000000E+00 
541290   Xe129   0       0.000000000E+00   0.000000000E+00   0.000000000E+00   0.000000000E+00   0.000000000E+00 
541291   Xe129m1 1       9.034388302E-07   2.348038900E-01   1.829805000E-01   5.182339000E-02   0.000000000E+00 
                 300000  1.000000000E+00 
541300   Xe130   0       0.000000000E+00   0.000000000E+00   0.000000000E+00   0.000000000E+00   0.000000000E+00 
541310   Xe131   0       0.000000000E+00   0.000000000E+00   0.000000000E+00   0.000000000E+00   0.000000000E+00 
541311   Xe131m1 1       6.775791226E-07   1.629315900E-01   1.427804000E-01   2.015119000E-02   0.000000000E+00 
                 300000  1.000000000E+00 
541320   Xe132   0       0.000000000E+00   0.000000000E+00   0.000000000E+00   0.000000000E+00   0.000000000E+00 
541321   Xe132m1 1       8.261587373E+01   2.752092260E+00   4.747726000E-02   2.704615000E+00   0.000000000E+00 
                 300000  1.000000000E+00 
541330   Xe133   1       1.530142440E-06   1.830600600E-01   1.362164000E-01   4.684366000E-02   0.000000000E+00 
                 100000  1.000000000E+00 
541331   Xe133m1 1       3.663258818E-06   2.325651900E-01   1.913148000E-01   4.125039000E-02   0.000000000E+00 
                 300000  1.000000000E+00 
541340   Xe134   1       0.000000000E+00   4.126900000E-01   4.126900000E-01   0.000000000E+00   0.000000000E+00 
                 110000  1.000000000E+00 
541341   Xe134m1 1       2.390162692E+00   1.969802250E+00   6.910625000E-02   1.900696000E+00   0.000000000E+00 
                 300000  1.000000000E+00 
541350   Xe135   1       2.106574218E-05   5.679801000E-01   3.197764000E-01   2.482037000E-01   0.000000000E+00 
                 100000  1.000000000E+00 
541351   Xe135m1 2       7.555561157E-04   5.267291900E-01   9.805579000E-02   4.286734000E-01   0.000000000E+00 
                 100000  3.000000000E-03 
                 300000  9.970000000E-01 
541360   Xe136   1       0.000000000E+00   1.230900000E+00   1.230900000E+00   0.000000000E+00   0.000000000E+00 
                 110000  1.000000000E+00 
541370   Xe137   1       3.025786540E-03   1.889053300E+00   1.699516000E+00   1.895373000E-01   0.000000000E+00 
                 100000  1.000000000E+00 
541380   Xe138   1       8.204867194E-04   1.826459800E+00   7.005638000E-01   1.125896000E+00   0.000000000E+00 
                 100000  1.000000000E+00 
541390   Xe139   1       1.746842693E-02   2.834992000E+00   1.808393000E+00   1.026599000E+00   0.000000000E+00 
                 100000  1.000000000E+00 
541400   Xe140   1       5.096670445E-02   2.231243000E+00   1.110630000E+00   1.120613000E+00   0.000000000E+00 
                 100000  1.000000000E+00 
541410   Xe141   2       4.006631102E-01   3.101381926E+00   2.088622000E+00   1.012709000E+00   5.092571000E-05 
                 100000  9.995600000E-01 
                 150000  4.400000000E-04 
541420   Xe142   2       5.635342931E-01   2.882999390E+00   1.817732000E+00   1.064794000E+00   4.733898000E-04 
                 100000  9.979000000E-01 
                 150000  2.100000000E-03 
541430   Xe143   2       2.310490602E+00   4.841991330E+00   2.002294000E+00   2.837840000E+00   1.857330000E-03 
                 100000  9.947506000E-01 
                 150000  5.249400000E-03 
541440   Xe144   2       6.027366787E-01   3.511188916E+00   2.238639000E+00   1.268517000E+00   4.032916000E-03 
                 100000  9.925408000E-01 
                 150000  7.459200000E-03 
541450   Xe145   3       3.686953088E+00   5.349331220E+00   2.429599000E+00   2.902704000E+00   1.702822000E-02 
                 100000  9.704330000E-01 
                 150000  2.956700000E-02 
                 155000  1.701100000E-15 
541460   Xe146   2       1.878447644E+00   4.129729430E+00   2.732860000E+00   1.384589000E+00   1.228043000E-02 
                 100000  9.762290000E-01 
                 150000  2.377100000E-02 
541470   Xe147   2       6.931471806E+00   5.148638380E+00   3.274273000E+00   1.838879000E+00   3.548638000E-02 
                 100000  9.200000000E-01 
                 150000  8.000000000E-02 
551120   Cs112   1       1.386294361E+03   8.143000000E-01   0.000000000E+00   0.000000000E+00   8.143000000E-01 
                 700000  1.000000000E+00 
551130   Cs113   1       4.150581920E+04   9.735300000E-01   0.000000000E+00   0.000000000E+00   9.735300000E-01 
                 700000  1.000000000E+00 
551140   Cs114   4       1.216047685E+00   8.161353700E+00   3.975612000E+00   3.975612000E+00   2.101297000E-01 
                 240000  1.900000000E-03 
                 200000  9.109000000E-01 
                 270000  8.700000000E-02 
                 400000  2.000000000E-04 
551150   Cs115   2       4.951051290E-01   5.970202400E+00   2.984593000E+00   2.984593000E+00   1.016400000E-03 
                 200000  9.993000000E-01 
                 270000  7.000000000E-04 
551160   Cs116   3       9.902102579E-01   7.262235320E+00   3.605867000E+00   3.605867000E+00   5.050132000E-02 
                 240000  5.000000000E-04 
                 200000  9.715000000E-01 
                 270000  2.800000000E-02 
551161   Cs116m1 3       1.800382287E-01   7.375615767E+00   3.683162000E+00   3.683162000E+00   9.291767000E-03 
                 240000  8.000000000E-05 
                 200000  9.948200000E-01 
                 270000  5.100000000E-03 
551170   Cs117   1       8.251752150E-02   5.128164000E+00   2.564082000E+00   2.564082000E+00   0.000000000E+00 
                 200000  1.000000000E+00 
551171   Cs117m1 1       1.066380278E-01   5.228164000E+00   2.614082000E+00   2.614082000E+00   0.000000000E+00 
                 200000  1.000000000E+00 
551180   Cs118   3       4.951051290E-02   6.445345941E+00   3.222403000E+00   3.222403000E+00   5.399407000E-04 
                 240000  2.400000000E-05 
                 200000  9.995760000E-01 
                 270000  4.000000000E-04 
551181   Cs118m1 3       4.077336356E-02   6.445345941E+00   3.222403000E+00   3.222403000E+00   5.399407000E-04 
                 240000  2.400000000E-05 
                 200000  9.995760000E-01 
                 270000  4.000000000E-04 
551190   Cs119   1       1.611970187E-02   4.326240000E+00   2.163120000E+00   2.163120000E+00   0.000000000E+00 
                 200000  1.000000000E+00 
551191   Cs119m1 1       2.280089410E-02   4.326000000E+00   2.163000000E+00   2.163000000E+00   0.000000000E+00 
                 200000  1.000000000E+00 
551200   Cs120   3       1.130745808E-02   5.522522493E+00   2.761261000E+00   2.761261000E+00   4.930588000E-07 
                 240000  2.000000000E-07 
                 200000  9.999997000E-01 
                 270000  7.000000000E-08 
551201   Cs120m1 1       1.216047685E-02   5.522666000E+00   2.761333000E+00   2.761333000E+00   0.000000000E+00 
                 200000  1.000000000E+00 
551210   Cs121   1       4.471917294E-03   2.893053000E+00   1.723841000E+00   1.169212000E+00   0.000000000E+00 
                 200000  1.000000000E+00 
551211   Cs121m1 2       5.681534267E-03   3.022195000E+00   1.505275000E+00   1.516920000E+00   0.000000000E+00 
                 200000  8.300000000E-01 
                 300000  1.700000000E-01 
551220   Cs122   1       3.272649578E-02   3.927813000E+00   2.599737000E+00   1.328076000E+00   0.000000000E+00 
                 200000  1.000000000E+00 
551221   Cs122m1 1       1.925408835E+00   1.271000000E-01   0.000000000E+00   1.271000000E-01   0.000000000E+00 
                 300000  1.000000000E+00 
551222   Cs122m2 1       3.122284597E-03   4.901920000E+00   2.450960000E+00   2.450960000E+00   0.000000000E+00 
                 200000  1.000000000E+00 
551230   Cs123   1       1.964702893E-03   2.073808400E+00   9.700184000E-01   1.103790000E+00   0.000000000E+00 
                 200000  1.000000000E+00 
551231   Cs123m1 1       4.226507199E-01   1.582518200E-01   1.114887000E-01   4.676312000E-02   0.000000000E+00 
                 300000  1.000000000E+00 
551240   Cs124   1       2.250477859E-02   3.282092000E+00   1.907519000E+00   1.374573000E+00   0.000000000E+00 
                 200000  1.000000000E+00 
551241   Cs124m1 1       1.100233620E-01   4.626000000E-01   0.000000000E+00   4.626000000E-01   0.000000000E+00 
                 300000  1.000000000E+00 
551250   Cs125   1       2.473758674E-04   1.107470400E+00   3.518738000E-01   7.555966000E-01   0.000000000E+00 
                 200000  1.000000000E+00 
551251   Cs125m1 1       7.701635340E+02   2.661000000E-01   0.000000000E+00   2.661000000E-01   0.000000000E+00 
                 300000  1.000000000E+00 
551260   Cs126   1       7.044178664E-03   2.471372000E+00   1.317987000E+00   1.153385000E+00   0.000000000E+00 
                 200000  1.000000000E+00 
551270   Cs127   1       3.080654136E-05   4.598358200E-01   2.858922000E-02   4.312466000E-01   0.000000000E+00 
                 200000  1.000000000E+00 
551280   Cs128   1       3.191285362E-03   1.769378200E+00   8.768438000E-01   8.925344000E-01   0.000000000E+00 
                 200000  1.000000000E+00 
551290   Cs129   1       6.005642030E-06   2.972338900E-01   1.757849000E-02   2.796554000E-01   0.000000000E+00 
                 200000  1.000000000E+00 
551300   Cs130   2       3.954965084E-04   8.899781000E-01   3.871667000E-01   5.028114000E-01   0.000000000E+00 
                 200000  9.840000000E-01 
                 100000  1.600000000E-02 
551301   Cs130m1 2       3.338859251E-03   1.594305200E-01   9.011458000E-02   6.931594000E-02   0.000000000E+00 
                 200000  1.600000000E-03 
                 300000  9.984000000E-01 
551310   Cs131   1       8.280046250E-07   2.963879700E-02   6.512717000E-03   2.312608000E-02   0.000000000E+00 
                 200000  1.000000000E+00 
551320   Cs132   2       1.238045804E-06   7.284256700E-01   1.390087000E-02   7.145248000E-01   0.000000000E+00 
                 200000  9.813000000E-01 
                 100000  1.870000000E-02 
551330   Cs133   0       0.000000000E+00   0.000000000E+00   0.000000000E+00   0.000000000E+00   0.000000000E+00 
551340   Cs134   2       1.063553516E-08   1.718501400E+00   1.640724000E-01   1.554429000E+00   0.000000000E+00 
                 100000  9.999970000E-01 
                 200000  3.000000000E-06 
551341   Cs134m1 1       6.611980889E-05   1.340965600E-01   1.069663000E-01   2.713026000E-02   0.000000000E+00 
                 300000  1.000000000E+00 
551350   Cs135   1       9.549783771E-15   7.570000000E-02   7.570000000E-02   0.000000000E+00   0.000000000E+00 
                 100000  1.000000000E+00 
551351   Cs135m1 1       2.179708115E-04   1.633299890E+00   3.544889000E-02   1.597851000E+00   0.000000000E+00 
                 300000  1.000000000E+00 
551360   Cs136   2       6.096152593E-07   2.050675700E+00   1.338687000E-01   1.916807000E+00   0.000000000E+00 
                 100000  8.892560000E-01 
                 100001  1.107439000E-01 
551361   Cs136m1 2       3.648143056E-02   8.744000000E-01   4.247000000E-01   4.497000000E-01   0.000000000E+00 
                 100000  5.000000000E-01 
                 300000  5.000000000E-01 
551370   Cs137   2       7.302030888E-10   1.794476443E-01   1.794460000E-01   1.644300000E-06   0.000000000E+00 
                 100000  5.300549000E-02 
                 100001  9.469945000E-01 
551380   Cs138   1       3.457783002E-04   3.605192000E+00   1.244128000E+00   2.361064000E+00   0.000000000E+00 
                 100000  1.000000000E+00 
551381   Cs138m1 2       3.969915123E-03   7.385590000E-01   3.240419000E-01   4.145171000E-01   0.000000000E+00 
                 100000  1.900000000E-01 
                 300000  8.100000000E-01 
551390   Cs139   1       1.246219311E-03   1.967493400E+00   1.664482000E+00   3.030114000E-01   0.000000000E+00 
                 100000  1.000000000E+00 
551400   Cs140   1       1.088143141E-02   3.760070000E+00   1.895655000E+00   1.864415000E+00   0.000000000E+00 
                 100000  1.000000000E+00 
551410   Cs141   2       2.790447587E-02   3.220958107E+00   1.513023000E+00   1.707861000E+00   7.410657000E-05 
                 100000  9.996500000E-01 
                 150000  3.500000000E-04 
551420   Cs142   2       4.116075894E-01   4.159631502E+00   2.455654000E+00   1.703745000E+00   2.325020000E-04 
                 100000  9.991000000E-01 
                 150000  9.000000000E-04 
551430   Cs143   2       3.870168512E-01   2.822768691E+00   2.406801000E+00   4.117624000E-01   4.205291000E-03 
                 100000  9.836000000E-01 
                 150000  1.640000000E-02 
551440   Cs144   2       6.973311676E-01   6.271622094E+00   1.490236000E+00   4.771913000E+00   9.473094000E-03 
                 100000  9.697000000E-01 
                 150000  3.030000000E-02 
551441   Cs144m1 1       6.931471806E-01   5.666666000E+00   2.833333000E+00   2.833333000E+00   0.000000000E+00 
                 100000  1.000000000E+00 
551450   Cs145   2       1.180829950E+00   3.233734980E+00   2.617570000E+00   5.666999000E-01   4.946508000E-02 
                 100000  8.530000000E-01 
                 150000  1.470000000E-01 
551460   Cs146   2       2.159337011E+00   6.111551440E+00   1.884205000E+00   4.166746000E+00   6.060044000E-02 
                 100000  8.580000000E-01 
                 150000  1.420000000E-01 
551470   Cs147   2       3.013683394E+00   4.715615000E+00   1.961732000E+00   2.603161000E+00   1.507220000E-01 
                 100000  7.150000000E-01 
                 150000  2.850000000E-01 
551480   Cs148   3       4.747583428E+00   5.741168610E+00   2.711091000E+00   2.931507000E+00   9.857061000E-02 
                 100000  7.813800000E-01 
                 150000  2.184474000E-01 
                 155000  1.725600000E-04 
551490   Cs149   3       1.386294361E+01   3.877946100E+00   2.305398000E+00   1.199548000E+00   3.730001000E-01 
                 100000  3.115500000E-01 
                 150000  6.884495000E-01 
                 155000  4.097800000E-07 
551500   Cs150   3       1.386294361E+01   3.835198500E+00   2.469313000E+00   9.417695000E-01   4.241160000E-01 
                 100000  1.586600000E-01 
                 150000  8.382308000E-01 
                 155000  3.109200000E-03 
551510   Cs151   3       1.386294361E+01   4.293893900E+00   2.710189000E+00   9.630247000E-01   6.206802000E-01 
                 100000  1.407900000E-01 
                 150000  8.586876000E-01 
                 155000  5.224000000E-04 
561140   Ba114   3       1.611970187E+00   5.912133100E+00   2.734621000E+00   2.734621000E+00   4.428911000E-01 
                 270000  2.000000000E-01 
                 200000  8.000000000E-01 
                 400000  9.000000000E-07 
561150   Ba115   2       1.540327068E+00   7.261016000E+00   3.428533000E+00   3.428533000E+00   4.039500000E-01 
                 270000  1.500000000E-01 
                 200000  8.500000000E-01 
561160   Ba116   2       5.331901389E-01   4.978910000E+00   2.464090000E+00   2.464090000E+00   5.073000000E-02 
                 200000  9.700000000E-01 
                 270000  3.000000000E-02 
561170   Ba117   1       3.960841032E-01   6.023558000E+00   3.011779000E+00   3.011779000E+00   0.000000000E+00 
                 200000  1.000000000E+00 
561180   Ba118   1       1.260267601E-01   4.024666000E+00   2.012333000E+00   2.012333000E+00   0.000000000E+00 
                 200000  1.000000000E+00 
561190   Ba119   2       1.283605890E-01   5.019982000E+00   2.316241000E+00   2.316241000E+00   3.875000000E-01 
                 200000  7.500000000E-01 
                 270000  2.500000000E-01 
561200   Ba120   1       2.888113252E-02   3.333334000E+00   1.666667000E+00   1.666667000E+00   0.000000000E+00 
                 200000  1.000000000E+00 
561210   Ba121   1       2.333828891E-02   4.238478000E+00   2.119239000E+00   2.119239000E+00   0.000000000E+00 
                 200000  1.000000000E+00 
561220   Ba122   1       5.924334877E-03   2.355434000E+00   1.177717000E+00   1.177717000E+00   0.000000000E+00 
                 200000  1.000000000E+00 
561230   Ba123   1       4.278686300E-03   3.592462000E+00   1.796231000E+00   1.796231000E+00   0.000000000E+00 
                 200000  1.000000000E+00 
561240   Ba124   1       1.050223001E-03   8.694929000E-01   1.070282000E-01   7.624647000E-01   0.000000000E+00 
                 200000  1.000000000E+00 
561250   Ba125   1       3.300700860E-03   2.946642000E+00   1.473321000E+00   1.473321000E+00   0.000000000E+00 
                 200000  1.000000000E+00 
561260   Ba126   1       1.155245301E-04   5.882965600E-01   1.398126000E-02   5.743153000E-01   0.000000000E+00 
                 200000  1.000000000E+00 
561270   Ba127   1       9.096419692E-04   1.285463800E+00   5.789432000E-01   7.065206000E-01   0.000000000E+00 
                 200000  1.000000000E+00 
561271   Ba127m1 1       3.648143056E-01   8.030000000E-02   0.000000000E+00   8.030000000E-02   0.000000000E+00 
                 300000  1.000000000E+00 
561280   Ba128   1       3.301455478E-06   7.456204900E-02   8.289539000E-03   6.627251000E-02   0.000000000E+00 
                 200000  1.000000000E+00 
561290   Ba129   1       8.634120336E-05   4.788231000E-01   1.279475000E-01   3.508756000E-01   0.000000000E+00 
                 200000  1.000000000E+00 
561291   Ba129m1 1       8.913929791E-05   1.623334000E+00   8.116670000E-01   8.116670000E-01   0.000000000E+00 
                 200000  1.000000000E+00 
561300   Ba130   0       0.000000000E+00   0.000000000E+00   0.000000000E+00   0.000000000E+00   0.000000000E+00 
561301   Ba130m1 1       7.373906176E+01   2.475100000E+00   0.000000000E+00   2.475100000E+00   0.000000000E+00 
                 300000  1.000000000E+00 
561310   Ba131   1       6.976118967E-07   5.353273800E-01   4.649548000E-02   4.888319000E-01   0.000000000E+00 
                 200000  1.000000000E+00 
561311   Ba131m1 1       7.912639047E-04   1.906593900E-01   1.133316000E-01   7.732779000E-02   0.000000000E+00 
                 300000  1.000000000E+00 
561320   Ba132   0       0.000000000E+00   0.000000000E+00   0.000000000E+00   0.000000000E+00   0.000000000E+00 
561330   Ba133   1       2.088658373E-09   4.572026100E-01   5.433801000E-02   4.028646000E-01   0.000000000E+00 
                 200000  1.000000000E+00 
561331   Ba133m1 2       4.949637108E-06   2.864324700E-01   2.187685000E-01   6.766397000E-02   0.000000000E+00 
                 200000  9.600000000E-05 
                 300000  9.999040000E-01 
561340   Ba134   0       0.000000000E+00   0.000000000E+00   0.000000000E+00   0.000000000E+00   0.000000000E+00 
561350   Ba135   0       0.000000000E+00   0.000000000E+00   0.000000000E+00   0.000000000E+00   0.000000000E+00 
561351   Ba135m1 1       6.708741585E-06   2.664183200E-01   2.057447000E-01   6.067362000E-02   0.000000000E+00 
                 300000  1.000000000E+00 
561360   Ba136   0       0.000000000E+00   0.000000000E+00   0.000000000E+00   0.000000000E+00   0.000000000E+00 
561361   Ba136m1 1       2.247558951E+00   2.029530100E+00   1.062571000E-01   1.923273000E+00   0.000000000E+00 
                 300000  1.000000000E+00 
561370   Ba137   0       0.000000000E+00   0.000000000E+00   0.000000000E+00   0.000000000E+00   0.000000000E+00 
561371   Ba137m1 1       4.526823280E-03   6.613966400E-01   6.414334000E-02   5.972533000E-01   0.000000000E+00 
                 300000  1.000000000E+00 
561380   Ba138   0       0.000000000E+00   0.000000000E+00   0.000000000E+00   0.000000000E+00   0.000000000E+00 
561390   Ba139   1       1.390856370E-04   9.464438100E-01   9.007724000E-01   4.567141000E-02   0.000000000E+00 
                 100000  1.000000000E+00 
561400   Ba140   1       6.290855153E-07   5.004113000E-01   3.181621000E-01   1.822492000E-01   0.000000000E+00 
                 100000  1.000000000E+00 
561410   Ba141   1       6.323181724E-04   1.863290000E+00   9.379295000E-01   9.253605000E-01   0.000000000E+00 
                 100000  1.000000000E+00 
561420   Ba142   1       1.089854057E-03   1.442459600E+00   3.965556000E-01   1.045904000E+00   0.000000000E+00 
                 100000  1.000000000E+00 
561430   Ba143   1       4.780325383E-02   2.542075000E+00   1.199482000E+00   1.342593000E+00   0.000000000E+00 
                 100000  1.000000000E+00 
561440   Ba144   1       6.027366787E-02   1.687320300E+00   9.022703000E-01   7.850500000E-01   0.000000000E+00 
                 100000  1.000000000E+00 
561450   Ba145   1       1.608230117E-01   3.289368000E+00   1.458388000E+00   1.830980000E+00   0.000000000E+00 
                 100000  1.000000000E+00 
561460   Ba146   1       3.122284597E-01   2.183755400E+00   1.379173000E+00   8.045824000E-01   0.000000000E+00 
                 100000  1.000000000E+00 
561470   Ba147   2       7.753324167E-01   3.042660832E+00   2.637395000E+00   4.052419000E-01   2.393201000E-05 
                 100000  9.994000000E-01 
                 150000  6.000000000E-04 
561480   Ba148   2       1.132593432E+00   2.774950502E+00   1.735985000E+00   1.037830000E+00   1.135502000E-03 
                 100000  9.960000000E-01 
                 150000  4.000000000E-03 
561490   Ba149   2       2.014962734E+00   4.000700815E+00   2.379090000E+00   1.620842000E+00   7.688145000E-04 
                 100000  9.957000000E-01 
                 150000  4.300000000E-03 
561500   Ba150   2       2.310490602E+00   3.566295583E+00   1.982195000E+00   1.581456000E+00   2.644583000E-03 
                 100000  9.900000000E-01 
                 150000  1.000000000E-02 
561510   Ba151   2       2.676243940E+00   5.345922131E+00   2.164784000E+00   3.172234000E+00   8.904131000E-03 
                 100000  9.665880000E-01 
                 150000  3.341200000E-02 
561520   Ba152   2       3.040119213E+00   4.113095770E+00   2.409855000E+00   1.686006000E+00   1.723477000E-02 
                 100000  9.498540000E-01 
                 150000  5.014600000E-02 
561530   Ba153   3       4.387007472E+00   5.463667390E+00   3.066527000E+00   2.380428000E+00   1.671239000E-02 
                 100000  9.663560000E-01 
                 150000  3.364393000E-02 
                 155000  6.227600000E-08 
571170   La117   2       2.949562470E+01   1.215902500E+00   2.229143000E-01   2.229143000E-01   7.700739000E-01 
                 200000  6.100000000E-02 
                 700000  9.390000000E-01 
571171   La117m1 2       6.931471806E+01   1.138494060E+00   9.632133000E-02   9.632133000E-02   9.458514000E-01 
                 200000  2.600000000E-02 
                 700000  9.740000000E-01 
571180   La118   1       6.931471806E-01   8.501334000E+00   4.250667000E+00   4.250667000E+00   0.000000000E+00 
                 200000  1.000000000E+00 
571190   La119   1       3.465735903E-01   6.415334000E+00   3.207667000E+00   3.207667000E+00   0.000000000E+00 
                 200000  1.000000000E+00 
571200   La120   1       2.475525645E-01   7.467334000E+00   3.733667000E+00   3.733667000E+00   0.000000000E+00 
                 200000  1.000000000E+00 
571210   La121   1       1.307824869E-01   5.561334000E+00   2.780667000E+00   2.780667000E+00   0.000000000E+00 
                 200000  1.000000000E+00 
571220   La122   1       8.059850937E-02   6.710666000E+00   3.355333000E+00   3.355333000E+00   0.000000000E+00 
                 200000  1.000000000E+00 
571230   La123   1       4.077336356E-02   4.632000000E+00   2.316000000E+00   2.316000000E+00   0.000000000E+00 
                 200000  1.000000000E+00 
571240   La124   1       2.372979050E-02   5.887442000E+00   2.943721000E+00   2.943721000E+00   0.000000000E+00 
                 200000  1.000000000E+00 
571241   La124m1 1       3.300700860E-02   5.887274000E+00   2.943637000E+00   2.943637000E+00   0.000000000E+00 
                 200000  1.000000000E+00 
571250   La125   1       1.069671575E-02   3.939036000E+00   1.969518000E+00   1.969518000E+00   0.000000000E+00 
                 200000  1.000000000E+00 
571251   La125m1 1       1.732867951E+00   1.070000000E-01   0.000000000E+00   1.070000000E-01   0.000000000E+00 
                 300000  1.000000000E+00 
571260   La126   1       1.283605890E-02   5.130956000E+00   2.565478000E+00   2.565478000E+00   0.000000000E+00 
                 200000  1.000000000E+00 
571261   La126m1 1       1.386294361E-02   5.130662000E+00   2.565331000E+00   2.565331000E+00   0.000000000E+00 
                 200000  1.000000000E+00 
571270   La127   1       2.265186865E-03   3.279866000E+00   1.639933000E+00   1.639933000E+00   0.000000000E+00 
                 200000  1.000000000E+00 
571271   La127m1 1       3.122284597E-03   3.289732000E+00   1.644866000E+00   1.644866000E+00   0.000000000E+00 
                 200000  1.000000000E+00 
571280   La128   1       2.230203284E-03   4.498182000E+00   2.249091000E+00   2.249091000E+00   0.000000000E+00 
                 200000  1.000000000E+00 
571281   La128m1 1       1.155245301E-02   4.498666000E+00   2.249333000E+00   2.249333000E+00   0.000000000E+00 
                 200000  1.000000000E+00 
571290   La129   2       9.959011215E-04   1.553749600E+00   6.290718000E-01   9.246778000E-01   0.000000000E+00 
                 200000  9.259310000E-01 
                 200001  7.406900000E-02 
571291   La129m1 1       1.237762822E+00   1.721000000E-01   0.000000000E+00   1.721000000E-01   0.000000000E+00 
                 300000  1.000000000E+00 
571300   La130   1       1.327868162E-03   3.325563000E+00   1.096011000E+00   2.229552000E+00   0.000000000E+00 
                 200000  1.000000000E+00 
571310   La131   1       1.958042883E-04   8.645702000E-01   1.984093000E-01   6.661609000E-01   0.000000000E+00 
                 200000  1.000000000E+00 
571320   La132   1       4.011268406E-05   2.714315800E+00   5.568338000E-01   2.157482000E+00   0.000000000E+00 
                 200000  1.000000000E+00 
571321   La132m1 2       4.754095889E-04   9.269606000E-01   3.919643000E-01   5.349963000E-01   0.000000000E+00 
                 200000  2.400000000E-01 
                 300000  7.600000000E-01 
571330   La133   1       4.921801725E-05   1.779985400E-01   3.963774000E-02   1.383608000E-01   0.000000000E+00 
                 200000  1.000000000E+00 
571340   La134   1       1.791077986E-03   1.500912500E+00   7.766914000E-01   7.242211000E-01   0.000000000E+00 
                 200000  1.000000000E+00 
571350   La135   1       9.873891461E-06   4.205674300E-02   6.290083000E-03   3.576666000E-02   0.000000000E+00 
                 200000  1.000000000E+00 
571360   La136   1       1.170461298E-03   7.189276000E-01   3.040471000E-01   4.148805000E-01   0.000000000E+00 
                 200000  1.000000000E+00 
571361   La136m1 1       6.080238426E+00   2.300000000E-01   0.000000000E+00   2.300000000E-01   0.000000000E+00 
                 300000  1.000000000E+00 
571370   La137   1       3.660743721E-13   3.218336300E-02   6.646123000E-03   2.553724000E-02   0.000000000E+00 
                 200000  1.000000000E+00 
571380   La138   2       2.153379997E-19   1.264157240E+00   3.826624000E-02   1.225891000E+00   0.000000000E+00 
                 200000  6.560000000E-01 
                 100000  3.440000000E-01 
571390   La139   0       0.000000000E+00   0.000000000E+00   0.000000000E+00   0.000000000E+00   0.000000000E+00 
571400   La140   1       4.779445306E-06   2.843816100E+00   5.354761000E-01   2.308340000E+00   0.000000000E+00 
                 100000  1.000000000E+00 
571410   La141   1       4.911757232E-05   9.893040800E-01   9.625182000E-01   2.678588000E-02   0.000000000E+00 
                 100000  1.000000000E+00 
571420   La142   1       1.268106807E-04   3.071782000E+00   9.543600000E-01   2.117422000E+00   0.000000000E+00 
                 100000  1.000000000E+00 
571430   La143   1       8.135530288E-04   1.670418700E+00   1.232097000E+00   4.383217000E-01   0.000000000E+00 
                 100000  1.000000000E+00 
571440   La144   1       1.698890148E-02   4.189288000E+00   1.030973000E+00   3.158315000E+00   0.000000000E+00 
                 100000  1.000000000E+00 
571450   La145   1       2.794948309E-02   2.997536800E+00   8.536578000E-01   2.143879000E+00   0.000000000E+00 
                 100000  1.000000000E+00 
571460   La146   1       1.105497896E-01   3.589187000E+00   2.345281000E+00   1.243906000E+00   0.000000000E+00 
                 100000  1.000000000E+00 
571461   La146m1 1       6.931471806E-02   4.393334000E+00   2.196667000E+00   2.196667000E+00   0.000000000E+00 
                 100000  1.000000000E+00 
571470   La147   2       1.707259065E-01   2.476982137E+00   2.196658000E+00   2.802847000E-01   3.943698000E-05 
                 100000  9.995900000E-01 
                 150000  4.100000000E-04 
571480   La148   2       5.501168100E-01   4.128806299E+00   2.873117000E+00   1.255611000E+00   7.829869000E-05 
                 100000  9.985000000E-01 
                 150000  1.500000000E-03 
571490   La149   2       6.601401720E-01   4.312074947E+00   1.510283000E+00   2.795234000E+00   6.557947000E-03 
                 100000  9.857000000E-01 
                 150000  1.430000000E-02 
571500   La150   2       8.059850937E-01   5.429073030E+00   2.075385000E+00   3.339217000E+00   1.447103000E-02 
                 100000  9.730000000E-01 
                 150000  2.700000000E-02 
571510   La151   2       8.909346794E-01   4.918571490E+00   1.599795000E+00   3.293417000E+00   2.535949000E-02 
                 100000  9.447210000E-01 
                 150000  5.527900000E-02 
571520   La152   2       1.536911709E+00   6.683137160E+00   1.814569000E+00   4.831286000E+00   3.728216000E-02 
                 100000  9.216630000E-01 
                 150000  7.833700000E-02 
571530   La153   2       2.026746142E+00   3.802712200E+00   2.088565000E+00   1.442217000E+00   2.719302000E-01 
                 100000  4.634500000E-01 
                 150000  5.365500000E-01 
571540   La154   3       3.040119213E+00   6.112578700E+00   2.795185000E+00   3.209004000E+00   1.083897000E-01 
                 100000  8.041800000E-01 
                 150000  1.957961000E-01 
                 155000  2.384200000E-05 
571550   La155   3       3.767104242E+00   4.623508500E+00   2.523896000E+00   1.670634000E+00   4.289785000E-01 
                 100000  4.529100000E-01 
                 150000  5.470894000E-01 
                 155000  5.657900000E-07 
581190   Ce119   1       3.465735903E+00   7.402000000E+00   3.701000000E+00   3.701000000E+00   0.000000000E+00 
                 200000  1.000000000E+00 
581200   Ce120   1       2.772588722E+00   5.427334000E+00   2.713667000E+00   2.713667000E+00   0.000000000E+00 
                 200000  1.000000000E+00 
581210   Ce121   2       6.301338005E-01   6.583560000E+00   3.280660000E+00   3.280660000E+00   2.224000000E-02 
                 200000  9.900000000E-01 
                 270000  1.000000000E-02 
581220   Ce122   2       2.539000661E-01   4.388375000E+00   1.843125000E+00   1.843125000E+00   7.021250000E-01 
                 200000  5.000000000E-01 
                 270000  5.000000000E-01 
581230   Ce123   1       1.824071528E-01   5.744000000E+00   2.872000000E+00   2.872000000E+00   0.000000000E+00 
                 200000  1.000000000E+00 
581240   Ce124   1       1.155245301E-01   3.754666000E+00   1.877333000E+00   1.877333000E+00   0.000000000E+00 
                 200000  1.000000000E+00 
581250   Ce125   1       6.795560594E-02   4.734666000E+00   2.367333000E+00   2.367333000E+00   0.000000000E+00 
                 200000  1.000000000E+00 
581260   Ce126   1       1.359112119E-02   2.768606000E+00   1.384303000E+00   1.384303000E+00   0.000000000E+00 
                 200000  1.000000000E+00 
581270   Ce127   1       2.235958647E-02   3.946772000E+00   1.973386000E+00   1.973386000E+00   0.000000000E+00 
                 200000  1.000000000E+00 
581271   Ce127m1 1       2.423591540E-02   3.946800000E+00   1.973400000E+00   1.973400000E+00   0.000000000E+00 
                 200000  1.000000000E+00 
581280   Ce128   1       2.939555473E-03   2.065322000E+00   1.032661000E+00   1.032661000E+00   0.000000000E+00 
                 200000  1.000000000E+00 
581290   Ce129   1       3.300700860E-03   3.359082000E+00   1.679541000E+00   1.679541000E+00   0.000000000E+00 
                 200000  1.000000000E+00 
581300   Ce130   1       5.044739305E-04   5.682557100E-01   6.687141000E-02   5.013843000E-01   0.000000000E+00 
                 200000  1.000000000E+00 
581310   Ce131   1       1.121597380E-03   2.707806000E+00   1.353903000E+00   1.353903000E+00   0.000000000E+00 
                 200000  1.000000000E+00 
581311   Ce131m1 1       2.139343150E-03   2.749872000E+00   1.374936000E+00   1.374936000E+00   0.000000000E+00 
                 200000  1.000000000E+00 
581320   Ce132   1       5.485495256E-05   2.901562500E-01   1.760905000E-02   2.725472000E-01   0.000000000E+00 
                 200000  1.000000000E+00 
581321   Ce132m1 1       7.373906176E+01   2.341100000E+00   0.000000000E+00   2.341100000E+00   0.000000000E+00 
                 300000  1.000000000E+00 
581330   Ce133   1       1.190974537E-04   9.195779000E-01   3.778378000E-01   5.417401000E-01   0.000000000E+00 
                 200000  1.000000000E+00 
581331   Ce133m1 1       3.929405785E-05   2.072170000E+00   1.036085000E+00   1.036085000E+00   0.000000000E+00 
                 200000  1.000000000E+00 
581340   Ce134   1       2.538777472E-06   3.528733900E-02   7.340539000E-03   2.794680000E-02   0.000000000E+00 
                 200000  1.000000000E+00 
581350   Ce135   1       1.087801602E-05   8.529796400E-01   2.917004000E-02   8.238096000E-01   0.000000000E+00 
                 200000  1.000000000E+00 
581351   Ce135m1 1       3.465735903E-02   4.452233000E-01   1.541418000E-01   2.910815000E-01   0.000000000E+00 
                 300000  1.000000000E+00 
581360   Ce136   0       0.000000000E+00   0.000000000E+00   0.000000000E+00   0.000000000E+00   0.000000000E+00 
581370   Ce137   1       2.139343150E-05   5.389465000E-02   1.610541000E-02   3.778924000E-02   0.000000000E+00 
                 200000  1.000000000E+00 
581371   Ce137m1 2       5.597118706E-06   2.592346300E-01   2.034147000E-01   5.581993000E-02   0.000000000E+00 
                 200000  7.900000000E-03 
                 300000  9.921000000E-01 
581380   Ce138   0       0.000000000E+00   0.000000000E+00   0.000000000E+00   0.000000000E+00   0.000000000E+00 
581381   Ce138m1 1       8.013262203E+01   2.129043890E+00   4.742589000E-02   2.081618000E+00   0.000000000E+00 
                 300000  1.000000000E+00 
581390   Ce139   1       5.828596444E-08   1.957464200E-01   3.519402000E-02   1.605524000E-01   0.000000000E+00 
                 200000  1.000000000E+00 
581391   Ce139m1 1       1.264867118E-02   7.529715900E-01   5.372979000E-02   6.992418000E-01   0.000000000E+00 
                 300000  1.000000000E+00 
581400   Ce140   0       0.000000000E+00   0.000000000E+00   0.000000000E+00   0.000000000E+00   0.000000000E+00 
581410   Ce141   1       2.467865566E-07   2.468308800E-01   1.702664000E-01   7.656448000E-02   0.000000000E+00 
                 100000  1.000000000E+00 
581420   Ce142   1       0.000000000E+00   7.083600000E-01   7.083600000E-01   0.000000000E+00   0.000000000E+00 
                 110000  1.000000000E+00 
581430   Ce143   1       5.827684963E-06   7.093444000E-01   4.307979000E-01   2.785465000E-01   0.000000000E+00 
                 100000  1.000000000E+00 
581440   Ce144   2       2.815814859E-08   1.105881000E-01   9.133901000E-02   1.924909000E-02   0.000000000E+00 
                 100000  9.904522000E-01 
                 100001  9.547800000E-03 
581450   Ce145   1       3.838024256E-03   1.502657300E+00   6.181525000E-01   8.845048000E-01   0.000000000E+00 
                 100000  1.000000000E+00 
581460   Ce146   1       8.544713764E-04   5.727342000E-01   2.199343000E-01   3.527999000E-01   0.000000000E+00 
                 100000  1.000000000E+00 
581470   Ce147   1       1.228984363E-02   2.245535100E+00   7.488301000E-01   1.496705000E+00   0.000000000E+00 
                 100000  1.000000000E+00 
581480   Ce148   1       1.237762822E-02   1.103860200E+00   6.178947000E-01   4.859655000E-01   0.000000000E+00 
                 100000  1.000000000E+00 
581490   Ce149   1       1.307824869E-01   3.167113700E+00   7.535957000E-01   2.413518000E+00   0.000000000E+00 
                 100000  1.000000000E+00 
581500   Ce150   1       1.732867951E-01   1.885713900E+00   1.055213000E+00   8.305009000E-01   0.000000000E+00 
                 100000  1.000000000E+00 
581510   Ce151   1       3.938336253E-01   2.973742000E+00   1.965175000E+00   1.008567000E+00   0.000000000E+00 
                 100000  1.000000000E+00 
581520   Ce152   1       4.951051290E-01   2.615621000E+00   1.291734000E+00   1.323887000E+00   0.000000000E+00 
                 100000  1.000000000E+00 
581530   Ce153   2       7.080155062E-01   4.433564852E+00   1.364085000E+00   3.069475000E+00   4.851593000E-06 
                 100000  9.999162000E-01 
                 150000  8.377300000E-05 
581540   Ce154   2       8.943834588E-01   3.119409289E+00   1.742334000E+00   1.377046000E+00   2.928949000E-05 
                 100000  9.998569000E-01 
                 150000  1.431000000E-04 
581550   Ce155   2       1.471650065E+00   4.312702341E+00   2.533815000E+00   1.778645000E+00   2.423413000E-04 
                 100000  9.988517000E-01 
                 150000  1.148300000E-03 
581560   Ce156   2       1.878447644E+00   3.692551008E+00   2.213536000E+00   1.477230000E+00   1.785008000E-03 
                 100000  9.937210000E-01 
                 150000  6.279000000E-03 
581570   Ce157   2       2.854807169E+00   5.374461764E+00   2.390970000E+00   2.976425000E+00   7.066764000E-03 
                 100000  9.822070000E-01 
                 150000  1.779300000E-02 
591210   Pr121   1       4.951051290E-01   8.896000000E-01   0.000000000E+00   0.000000000E+00   8.896000000E-01 
                 700000  1.000000000E+00 
591220   Pr122   1       1.386294361E+00   8.638000000E+00   4.319000000E+00   4.319000000E+00   0.000000000E+00 
                 200000  1.000000000E+00 
591230   Pr123   1       8.664339757E-01   6.669334000E+00   3.334667000E+00   3.334667000E+00   0.000000000E+00 
                 200000  1.000000000E+00 
591240   Pr124   1       5.776226505E-01   7.756000000E+00   3.878000000E+00   3.878000000E+00   0.000000000E+00 
                 200000  1.000000000E+00 
591250   Pr125   1       2.100446002E-01   5.949334000E+00   2.974667000E+00   2.974667000E+00   0.000000000E+00 
                 200000  1.000000000E+00 
591260   Pr126   1       2.207475097E-01   7.122000000E+00   3.561000000E+00   3.561000000E+00   0.000000000E+00 
                 200000  1.000000000E+00 
591270   Pr127   1       1.650350430E-01   5.104000000E+00   2.552000000E+00   2.552000000E+00   0.000000000E+00 
                 200000  1.000000000E+00 
591280   Pr128   1       2.432095370E-01   5.051696000E+00   3.481265000E+00   1.570431000E+00   0.000000000E+00 
                 200000  1.000000000E+00 
591290   Pr129   1       2.166084939E-02   4.342626000E+00   2.171313000E+00   2.171313000E+00   0.000000000E+00 
                 200000  1.000000000E+00 
591300   Pr130   1       1.732867951E-02   5.498298000E+00   2.749149000E+00   2.749149000E+00   0.000000000E+00 
                 200000  1.000000000E+00 
591310   Pr131   1       7.650631132E-03   3.604654000E+00   1.802327000E+00   1.802327000E+00   0.000000000E+00 
                 200000  1.000000000E+00 
591311   Pr131m1 2       1.209680943E-01   2.803387600E-01   6.671256000E-02   2.136262000E-01   0.000000000E+00 
                 200000  3.600000000E-02 
                 300000  9.640000000E-01 
591320   Pr132   1       7.220283131E-03   4.838474000E+00   2.419237000E+00   2.419237000E+00   0.000000000E+00 
                 200000  1.000000000E+00 
591330   Pr133   1       1.777300463E-03   2.990432000E+00   1.495216000E+00   1.495216000E+00   0.000000000E+00 
                 200000  1.000000000E+00 
591340   Pr134   1       6.795560594E-04   3.742082000E+00   1.565760000E+00   2.176322000E+00   0.000000000E+00 
                 200000  1.000000000E+00 
591341   Pr134m1 1       1.050223001E-03   4.214648000E+00   2.107324000E+00   2.107324000E+00   0.000000000E+00 
                 200000  1.000000000E+00 
591350   Pr135   1       4.813522087E-04   2.459572000E+00   1.229786000E+00   1.229786000E+00   0.000000000E+00 
                 200000  1.000000000E+00 
591360   Pr136   1       8.818666419E-04   2.837115500E+00   7.661745000E-01   2.070941000E+00   0.000000000E+00 
                 200000  1.000000000E+00 
591370   Pr137   1       1.504225652E-04   5.577322000E-01   1.938136000E-01   3.639186000E-01   0.000000000E+00 
                 200000  1.000000000E+00 
591380   Pr138   1       7.967208972E-03   1.976373900E+00   1.161376000E+00   8.149979000E-01   0.000000000E+00 
                 200000  1.000000000E+00 
591381   Pr138m1 1       9.082117146E-05   2.666564500E+00   2.237815000E-01   2.442783000E+00   0.000000000E+00 
                 200000  1.000000000E+00 
591390   Pr139   2       4.366006428E-05   1.766713200E-01   4.734632000E-02   1.293250000E-01   0.000000000E+00 
                 200000  9.998359000E-01 
                 200001  1.641000000E-04 
591400   Pr140   1       3.407803248E-03   1.094068900E+00   5.496005000E-01   5.444684000E-01   0.000000000E+00 
                 200000  1.000000000E+00 
591410   Pr141   0       0.000000000E+00   0.000000000E+00   0.000000000E+00   0.000000000E+00   0.000000000E+00 
591420   Pr142   2       1.007012989E-05   8.674124600E-01   8.093074000E-01   5.810506000E-02   0.000000000E+00 
                 100000  9.998360000E-01 
                 200000  1.640000000E-04 
591421   Pr142m1 1       7.912639047E-04   3.694000000E-03   0.000000000E+00   3.694000000E-03   0.000000000E+00 
                 300000  1.000000000E+00 
591430   Pr143   1       5.911965226E-07   3.151200089E-01   3.151200000E-01   8.906781000E-09   0.000000000E+00 
                 100000  1.000000000E+00 
591440   Pr144   1       6.685447343E-04   1.237389690E+00   1.208530000E+00   2.885969000E-02   0.000000000E+00 
                 100000  1.000000000E+00 
591441   Pr144m1 2       1.604507362E-03   5.846648000E-02   4.498613000E-02   1.348035000E-02   0.000000000E+00 
                 100000  7.000000000E-04 
                 300000  9.993000000E-01 
591450   Pr145   1       3.217594978E-05   6.940692100E-01   6.754929000E-01   1.857631000E-02   0.000000000E+00 
                 100000  1.000000000E+00 
591460   Pr146   1       4.783624435E-04   2.359883000E+00   1.304866000E+00   1.055017000E+00   0.000000000E+00 
                 100000  1.000000000E+00 
591470   Pr147   1       8.621233589E-04   1.602491500E+00   6.733411000E-01   9.291504000E-01   0.000000000E+00 
                 100000  1.000000000E+00 
591480   Pr148   1       5.044739305E-03   3.056612000E+00   1.280008000E+00   1.776604000E+00   0.000000000E+00 
                 100000  1.000000000E+00 
591481   Pr148m1 1       5.747489059E-03   3.391403000E+00   1.059154000E+00   2.332249000E+00   0.000000000E+00 
                 100000  1.000000000E+00 
591490   Pr149   1       5.111704871E-03   2.111868700E+00   7.799217000E-01   1.331947000E+00   0.000000000E+00 
                 100000  1.000000000E+00 
591500   Pr150   1       1.119785429E-01   2.614931100E+00   2.060777000E+00   5.541541000E-01   0.000000000E+00 
                 100000  1.000000000E+00 
591510   Pr151   1       3.667445400E-02   2.500403000E+00   1.137042000E+00   1.363361000E+00   0.000000000E+00 
                 100000  1.000000000E+00 
591520   Pr152   1       1.909496365E-01   3.759008000E+00   2.073725000E+00   1.685283000E+00   0.000000000E+00 
                 100000  1.000000000E+00 
591530   Pr153   2       1.619502758E-01   3.217344762E+00   1.918221000E+00   1.299123000E+00   7.615868000E-07 
                 100000  9.999883000E-01 
                 150000  1.161600000E-05 
591540   Pr154   2       3.013683394E-01   4.927079761E+00   1.929517000E+00   2.997257000E+00   3.057612000E-04 
                 100000  9.985470000E-01 
                 150000  1.453000000E-03 
591550   Pr155   2       8.135530288E-01   3.832418874E+00   2.196558000E+00   1.634897000E+00   9.638744000E-04 
                 100000  9.980061000E-01 
                 150000  1.993900000E-03 
591560   Pr156   2       9.456305328E-01   5.570070780E+00   2.317180000E+00   3.251026000E+00   1.864780000E-03 
                 100000  9.905203000E-01 
                 150000  9.479700000E-03 
591570   Pr157   2       1.159108998E+00   4.402605000E+00   2.500707000E+00   1.881255000E+00   2.064300000E-02 
                 100000  9.457110000E-01 
                 150000  5.428900000E-02 
591580   Pr158   2       5.165031152E+00   5.511738200E+00   2.574710000E+00   2.889063000E+00   4.796520000E-02 
                 100000  8.421800000E-01 
                 150000  1.578200000E-01 
591590   Pr159   2       6.570115456E+00   4.355671300E+00   2.731607000E+00   1.513944000E+00   1.101203000E-01 
                 100000  7.480300000E-01 
                 150000  2.519700000E-01 
601240   Nd124   1       1.386294361E+00   5.794000000E+00   2.897000000E+00   2.897000000E+00   0.000000000E+00 
                 200000  1.000000000E+00 
601250   Nd125   1       1.155245301E+00   6.862000000E+00   3.431000000E+00   3.431000000E+00   0.000000000E+00 
                 200000  1.000000000E+00 
601260   Nd126   2       3.465735903E+06   4.885625000E+00   2.037875000E+00   2.037875000E+00   8.098750000E-01 
                 200000  5.000000000E-01 
                 270000  5.000000000E-01 
601270   Nd127   1       3.850817670E-01   6.005334000E+00   3.002667000E+00   3.002667000E+00   0.000000000E+00 
                 200000  1.000000000E+00 
601280   Nd128   1       1.386294361E-01   4.098000000E+00   2.049000000E+00   2.049000000E+00   0.000000000E+00 
                 200000  1.000000000E+00 
601290   Nd129   1       1.414586083E-01   5.026000000E+00   2.513000000E+00   2.513000000E+00   0.000000000E+00 
                 200000  1.000000000E+00 
601300   Nd130   1       3.300700860E-02   3.052816000E+00   1.526408000E+00   1.526408000E+00   0.000000000E+00 
                 200000  1.000000000E+00 
601310   Nd131   1       2.665950694E-02   3.620933000E+00   2.233757000E+00   1.387176000E+00   0.000000000E+00 
                 200000  1.000000000E+00 
601320   Nd132   1       7.373906176E-03   1.483930200E+00   5.242666000E-01   9.596636000E-01   0.000000000E+00 
                 200000  1.000000000E+00 
601330   Nd133   1       9.902102579E-03   3.736824000E+00   1.868412000E+00   1.868412000E+00   0.000000000E+00 
                 200000  1.000000000E+00 
601331   Nd133m1 1       9.902102579E-03   3.822138000E+00   1.911069000E+00   1.911069000E+00   0.000000000E+00 
                 200000  1.000000000E+00 
601340   Nd134   1       1.359112119E-03   7.114215000E-01   1.696928000E-01   5.417287000E-01   0.000000000E+00 
                 200000  1.000000000E+00 
601350   Nd135   1       9.316494362E-04   2.214043600E+00   9.932686000E-01   1.220775000E+00   0.000000000E+00 
                 200000  1.000000000E+00 
601351   Nd135m1 2       2.100446002E-03   3.190415000E+00   1.595198000E+00   1.595217000E+00   0.000000000E+00 
                 200000  9.997000000E-01 
                 300000  3.000000000E-04 
601360   Nd136   1       2.280839686E-04   3.556925300E-01   7.651683000E-02   2.791757000E-01   0.000000000E+00 
                 200000  1.000000000E+00 
601370   Nd137   1       3.000637145E-04   1.422888800E+00   3.493768000E-01   1.073512000E+00   0.000000000E+00 
                 200000  1.000000000E+00 
601371   Nd137m1 1       4.332169878E-01   5.151439000E-01   1.435676000E-01   3.715763000E-01   0.000000000E+00 
                 300000  1.000000000E+00 
601380   Nd138   1       3.820255625E-05   5.117519600E-02   7.628716000E-03   4.354648000E-02   0.000000000E+00 
                 200000  1.000000000E+00 
601390   Nd139   1       3.889714818E-04   6.294773000E-01   2.084504000E-01   4.210269000E-01   0.000000000E+00 
                 200000  1.000000000E+00 
601391   Nd139m1 2       3.500743336E-05   1.677442510E+00   8.363651000E-02   1.593806000E+00   0.000000000E+00 
                 200000  8.820000000E-01 
                 300000  1.180000000E-01 
601400   Nd140   1       2.380574722E-06   3.566371600E-02   7.008906000E-03   2.865481000E-02   0.000000000E+00 
                 200000  1.000000000E+00 
601410   Nd141   1       7.732565602E-05   9.280331000E-02   1.648357000E-02   7.631974000E-02   0.000000000E+00 
                 200000  1.000000000E+00 
601411   Nd141m1 1       1.117979323E-02   7.543571600E-01   6.082696000E-02   6.935302000E-01   0.000000000E+00 
                 300000  1.000000000E+00 
601420   Nd142   0       0.000000000E+00   0.000000000E+00   0.000000000E+00   0.000000000E+00   0.000000000E+00 
601430   Nd143   0       0.000000000E+00   0.000000000E+00   0.000000000E+00   0.000000000E+00   0.000000000E+00 
601440   Nd144   1       9.591489057E-24   1.903630000E+00   0.000000000E+00   0.000000000E+00   1.903630000E+00 
                 400000  1.000000000E+00 
601450   Nd145   0       0.000000000E+00   0.000000000E+00   0.000000000E+00   0.000000000E+00   0.000000000E+00 
601460   Nd146   0       0.000000000E+00   0.000000000E+00   0.000000000E+00   0.000000000E+00   0.000000000E+00 
601470   Nd147   1       7.306499829E-07   4.122414000E-01   2.680441000E-01   1.441973000E-01   0.000000000E+00 
                 100000  1.000000000E+00 
601480   Nd148   0       0.000000000E+00   0.000000000E+00   0.000000000E+00   0.000000000E+00   0.000000000E+00 
601490   Nd149   1       1.114241224E-04   8.629241000E-01   4.608871000E-01   4.020370000E-01   0.000000000E+00 
                 100000  1.000000000E+00 
601500   Nd150   1       2.780318006E-27   1.683840000E+00   1.683840000E+00   0.000000000E+00   0.000000000E+00 
                 110000  1.000000000E+00 
601510   Nd151   1       9.286537789E-04   1.472030000E+00   5.773586000E-01   8.946714000E-01   0.000000000E+00 
                 100000  1.000000000E+00 
601520   Nd152   1       1.013373071E-03   5.009035000E-01   3.366676000E-01   1.642359000E-01   0.000000000E+00 
                 100000  1.000000000E+00 
601530   Nd153   1       2.193503736E-02   1.618991400E+00   1.176140000E+00   4.428514000E-01   0.000000000E+00 
                 100000  1.000000000E+00 
601540   Nd154   1       2.676243940E-02   1.383241100E+00   8.372458000E-01   5.459953000E-01   0.000000000E+00 
                 100000  1.000000000E+00 
601550   Nd155   1       7.788170568E-02   2.797685000E+00   1.214544000E+00   1.583141000E+00   0.000000000E+00 
                 100000  1.000000000E+00 
601560   Nd156   1       1.262563170E-01   1.925678600E+00   1.226215000E+00   6.994636000E-01   0.000000000E+00 
                 100000  1.000000000E+00 
601570   Nd157   1       3.636658870E-01   3.089974000E+00   1.856045000E+00   1.233929000E+00   0.000000000E+00 
                 100000  1.000000000E+00 
601580   Nd158   1       5.207717360E-01   2.534209700E+00   1.602494000E+00   9.317157000E-01   0.000000000E+00 
                 100000  1.000000000E+00 
601590   Nd159   2       8.966975169E-01   4.270005888E+00   1.721450000E+00   2.548508000E+00   4.788832000E-05 
                 100000  9.996549000E-01 
                 150000  3.450800000E-04 
601600   Nd160   2       1.178220603E+00   3.166544583E+00   1.883343000E+00   1.283037000E+00   1.645833000E-04 
                 100000  9.993704000E-01 
                 150000  6.295100000E-04 
601610   Nd161   2       1.419220271E+00   4.858556914E+00   1.937932000E+00   2.919132000E+00   1.492914000E-03 
                 100000  9.925643000E-01 
                 150000  7.435700000E-03 
611260   Pm126   1       1.386294361E+00   9.178000000E+00   4.589000000E+00   4.589000000E+00   0.000000000E+00 
                 200000  1.000000000E+00 
611270   Pm127   2       6.931471806E-01   4.111500000E+00   1.819500000E+00   1.819500000E+00   4.725000000E-01 
                 200000  5.000000000E-01 
                 700000  5.000000000E-01 
611280   Pm128   1       6.931471806E-01   8.091334000E+00   4.045667000E+00   4.045667000E+00   0.000000000E+00 
                 200000  1.000000000E+00 
611290   Pm129   1       2.888113252E-01   6.192666000E+00   3.096333000E+00   3.096333000E+00   0.000000000E+00 
                 200000  1.000000000E+00 
611300   Pm130   1       2.665950694E-01   7.417334000E+00   3.708667000E+00   3.708667000E+00   0.000000000E+00 
                 200000  1.000000000E+00 
611310   Pm131   1       1.100233620E-01   5.354666000E+00   2.677333000E+00   2.677333000E+00   0.000000000E+00 
                 200000  1.000000000E+00 
611320   Pm132   2       1.117979323E-01   6.525998660E+00   3.262999000E+00   3.262999000E+00   6.597500000E-07 
                 200000  9.999995000E-01 
                 270000  5.000000000E-07 
611330   Pm133   1       4.620981204E-02   4.616484000E+00   2.308242000E+00   2.308242000E+00   0.000000000E+00 
                 200000  1.000000000E+00 
611331   Pm133m1 2       7.876672506E-02   2.372000000E+00   1.154000000E+00   1.218000000E+00   0.000000000E+00 
                 200000  5.000000000E-01 
                 300000  5.000000000E-01 
611340   Pm134   1       1.386294361E-01   5.031808000E+00   3.252585000E+00   1.779223000E+00   0.000000000E+00 
                 200000  1.000000000E+00 
611341   Pm134m1 1       3.150669003E-02   5.938472000E+00   2.969236000E+00   2.969236000E+00   0.000000000E+00 
                 200000  1.000000000E+00 
611350   Pm135   1       1.414586083E-02   4.157468000E+00   2.078734000E+00   2.078734000E+00   0.000000000E+00 
                 200000  1.000000000E+00 
611351   Pm135m1 1       1.540327068E-02   4.203250000E+00   2.101625000E+00   2.101625000E+00   0.000000000E+00 
                 200000  1.000000000E+00 
611360   Pm136   1       1.474781235E-02   5.334228000E+00   2.667114000E+00   2.667114000E+00   0.000000000E+00 
                 200000  1.000000000E+00 
611361   Pm136m1 1       6.478011033E-03   5.334228000E+00   2.667114000E+00   2.667114000E+00   0.000000000E+00 
                 200000  1.000000000E+00 
611370   Pm137   2       4.813522087E-03   2.606181000E+00   1.071051000E+00   1.535130000E+00   0.000000000E+00 
                 200000  6.361985000E-01 
                 200001  3.638014000E-01 
611380   Pm138   1       6.931471806E-02   4.718526000E+00   2.359263000E+00   2.359263000E+00   0.000000000E+00 
                 200000  1.000000000E+00 
611381   Pm138m1 1       3.565571916E-03   4.731842000E+00   2.365921000E+00   2.365921000E+00   0.000000000E+00 
                 200000  1.000000000E+00 
611390   Pm139   1       2.783723617E-03   1.990343200E+00   1.047428000E+00   9.429152000E-01   0.000000000E+00 
                 200000  1.000000000E+00 
611391   Pm139m1 2       3.850817670E+00   1.857045400E-01   1.007763000E-01   8.492824000E-02   0.000000000E+00 
                 300000  9.994000000E-01 
                 200000  6.000000000E-04 
611400   Pm140   1       1.941588741E-03   3.942903200E+00   9.800632000E-01   2.962840000E+00   0.000000000E+00 
                 200000  1.000000000E+00 
611401   Pm140m1 1       1.941588741E-03   4.030134000E+00   2.015067000E+00   2.015067000E+00   0.000000000E+00 
                 200000  1.000000000E+00 
611410   Pm141   2       5.527489478E-04   1.344540500E+00   6.069445000E-01   7.375960000E-01   0.000000000E+00 
                 200000  9.983640000E-01 
                 200001  1.636000000E-03 
611420   Pm142   1       1.711474520E-02   2.168950200E+00   1.312832000E+00   8.561182000E-01   0.000000000E+00 
                 200000  1.000000000E+00 
611421   Pm142m1 1       3.465735903E+02   8.832000000E-01   0.000000000E+00   8.832000000E-01   0.000000000E+00 
                 300000  1.000000000E+00 
611430   Pm143   1       3.027372382E-08   3.239673360E-01   8.333836000E-03   3.156335000E-01   0.000000000E+00 
                 200000  1.000000000E+00 
611440   Pm144   1       2.210065237E-08   1.580021310E+00   1.708031000E-02   1.562941000E+00   0.000000000E+00 
                 200000  1.000000000E+00 
611450   Pm145   2       1.240932741E-09   4.505561645E-02   1.295135000E-02   3.210426000E-02   6.445021000E-09 
                 400000  2.800000000E-09 
                 200000  1.000000000E+00 
611460   Pm146   2       3.971882866E-09   8.427705800E-01   9.144658000E-02   7.513240000E-01   0.000000000E+00 
                 100000  3.400000000E-01 
                 200000  6.600000000E-01 
611470   Pm147   1       8.372534937E-09   6.178220252E-02   6.177785000E-02   4.352522000E-06   0.000000000E+00 
                 100000  1.000000000E+00 
611480   Pm148   1       1.494511329E-06   1.303844500E+00   7.295087000E-01   5.743358000E-01   0.000000000E+00 
                 100000  1.000000000E+00 
611481   Pm148m1 2       1.942973314E-07   2.159965900E+00   1.685149000E-01   1.991451000E+00   0.000000000E+00 
                 100000  9.580000000E-01 
                 300000  4.200000000E-02 
611490   Pm149   1       3.627371580E-06   3.759342300E-01   3.640792000E-01   1.185503000E-02   0.000000000E+00 
                 100000  1.000000000E+00 
611500   Pm150   1       7.184361324E-05   2.239790300E+00   7.702343000E-01   1.469556000E+00   0.000000000E+00 
                 100000  1.000000000E+00 
611510   Pm151   1       6.779608574E-06   6.327348000E-01   3.045195000E-01   3.282153000E-01   0.000000000E+00 
                 100000  1.000000000E+00 
611520   Pm152   1       2.803993449E-03   1.623335400E+00   1.305016000E+00   3.183194000E-01   0.000000000E+00 
                 100000  1.000000000E+00 
611521   Pm152m1 1       1.536230453E-03   2.395192100E+00   9.197201000E-01   1.475472000E+00   0.000000000E+00 
                 100000  1.000000000E+00 
611522   Pm152m2 2       8.371342760E-04   1.245000000E+00   5.850000000E-01   6.600000000E-01   0.000000000E+00 
                 100000  5.000000000E-01 
                 300000  5.000000000E-01 
611530   Pm153   1       2.200467240E-03   7.827392000E-01   6.614148000E-01   1.213244000E-01   0.000000000E+00 
                 100000  1.000000000E+00 
611540   Pm154   1       6.677718503E-03   2.686699500E+00   8.097965000E-01   1.876903000E+00   0.000000000E+00 
                 100000  1.000000000E+00 
611541   Pm154m1 1       4.310616795E-03   2.533493600E+00   8.403906000E-01   1.693103000E+00   0.000000000E+00 
                 100000  1.000000000E+00 
611550   Pm155   1       1.670234170E-02   1.631187600E+00   1.067204000E+00   5.639836000E-01   0.000000000E+00 
                 100000  1.000000000E+00 
611560   Pm156   1       2.596056856E-02   3.398419000E+00   1.193704000E+00   2.204715000E+00   0.000000000E+00 
                 100000  1.000000000E+00 
611570   Pm157   1       6.563893755E-02   2.305526800E+00   1.456114000E+00   8.494128000E-01   0.000000000E+00 
                 100000  1.000000000E+00 
611580   Pm158   1       1.444056626E-01   3.752627000E+00   1.718454000E+00   2.034173000E+00   0.000000000E+00 
                 100000  1.000000000E+00 
611590   Pm159   2       4.715286943E-01   2.911537177E+00   1.887527000E+00   1.024010000E+00   1.765331000E-07 
                 100000  9.999977000E-01 
                 150000  2.207000000E-06 
611600   Pm160   2       4.440404744E-01   4.674510860E+00   1.981911000E+00   2.692404000E+00   1.958602000E-04 
                 100000  9.981015000E-01 
                 150000  1.898500000E-03 
611610   Pm161   2       6.508424231E-01   3.428382883E+00   2.211402000E+00   1.215404000E+00   1.576883000E-03 
                 100000  9.970703000E-01 
                 150000  2.929700000E-03 
611620   Pm162   2       2.587335500E+00   5.337577819E+00   2.387035000E+00   2.947806000E+00   2.736819000E-03 
                 100000  9.935718000E-01 
                 150000  6.428200000E-03 
611630   Pm163   1       3.465735903E+00   5.200000000E+00   2.600000000E+00   2.600000000E+00   0.000000000E+00 
                 100000  1.000000000E+00 
621280   Sm128   1       1.386294361E+00   6.384000000E+00   3.192000000E+00   3.192000000E+00   0.000000000E+00 
                 200000  1.000000000E+00 
621290   Sm129   1       1.260267601E+00   7.129334000E+00   3.564667000E+00   3.564667000E+00   0.000000000E+00 
                 200000  1.000000000E+00 
621300   Sm130   1       6.931471806E-01   5.545334000E+00   2.772667000E+00   2.772667000E+00   0.000000000E+00 
                 200000  1.000000000E+00 
621310   Sm131   1       5.776226505E-01   6.358666000E+00   3.179333000E+00   3.179333000E+00   0.000000000E+00 
                 200000  1.000000000E+00 
621320   Sm132   1       1.732867951E-01   4.310000000E+00   2.155000000E+00   2.155000000E+00   0.000000000E+00 
                 200000  1.000000000E+00 
621330   Sm133   1       1.873370758E-01   5.519334000E+00   2.759667000E+00   2.759667000E+00   0.000000000E+00 
                 200000  1.000000000E+00 
621340   Sm134   1       7.296286111E-02   2.849348000E+00   1.715523000E+00   1.133825000E+00   0.000000000E+00 
                 200000  1.000000000E+00 
621350   Sm135   2       6.729584277E-02   4.746769013E+00   2.373247000E+00   2.373247000E+00   2.750135000E-04 
                 200000  9.998000000E-01 
                 270000  2.000000000E-04 
621360   Sm136   1       1.474781235E-02   1.939917400E+00   1.013609000E+00   9.263084000E-01   0.000000000E+00 
                 200000  1.000000000E+00 
621370   Sm137   1       1.540327068E-02   4.031664000E+00   2.015832000E+00   2.015832000E+00   0.000000000E+00 
                 200000  1.000000000E+00 
621380   Sm138   1       3.726597745E-03   2.295020000E+00   1.147510000E+00   1.147510000E+00   0.000000000E+00 
                 200000  1.000000000E+00 
621390   Sm139   1       4.495117902E-03   2.548227000E+00   1.089798000E+00   1.458429000E+00   0.000000000E+00 
                 200000  1.000000000E+00 
621391   Sm139m1 2       6.478011033E-02   6.628502000E-01   1.171332000E-01   5.457170000E-01   0.000000000E+00 
                 200000  6.300000000E-02 
                 300000  9.370000000E-01 
621400   Sm140   1       7.795177469E-04   6.864168000E-01   1.618239000E-01   5.245929000E-01   0.000000000E+00 
                 200000  1.000000000E+00 
621410   Sm141   1       1.132593432E-03   2.128325700E+00   7.170847000E-01   1.411241000E+00   0.000000000E+00 
                 200000  1.000000000E+00 
621411   Sm141m1 2       5.111704871E-04   3.167055000E+00   1.583255000E+00   1.583800000E+00   0.000000000E+00 
                 200000  9.969000000E-01 
                 300000  3.100000000E-03 
621420   Sm142   1       1.593661610E-04   1.502459200E-01   4.475222000E-02   1.054937000E-01   0.000000000E+00 
                 200000  1.000000000E+00 
621430   Sm143   1       1.320280344E-03   9.912680000E-01   4.785692000E-01   5.126988000E-01   0.000000000E+00 
                 200000  1.000000000E+00 
621431   Sm143m1 2       1.050223001E-02   7.505088000E-01   6.670970000E-02   6.837991000E-01   0.000000000E+00 
                 200000  2.400000000E-03 
                 300000  9.976000000E-01 
621432   Sm143m2 1       2.310490602E+01   2.794000000E+00   0.000000000E+00   2.794000000E+00   0.000000000E+00 
                 300000  1.000000000E+00 
621440   Sm144   0       0.000000000E+00   0.000000000E+00   0.000000000E+00   0.000000000E+00   0.000000000E+00 
621450   Sm145   1       2.359569651E-08   9.207013000E-02   2.906969000E-02   6.300044000E-02   0.000000000E+00 
                 200000  1.000000000E+00 
621460   Sm146   1       2.132478412E-16   2.527397000E+00   0.000000000E+00   0.000000000E+00   2.527397000E+00 
                 400000  1.000000000E+00 
621470   Sm147   1       2.072120739E-19   2.308759000E+00   0.000000000E+00   0.000000000E+00   2.308759000E+00 
                 400000  1.000000000E+00 
621480   Sm148   1       3.137789802E-24   1.984524000E+00   0.000000000E+00   0.000000000E+00   1.984524000E+00 
                 400000  1.000000000E+00 
621490   Sm149   0       0.000000000E+00   0.000000000E+00   0.000000000E+00   0.000000000E+00   0.000000000E+00 
621500   Sm150   0       0.000000000E+00   0.000000000E+00   0.000000000E+00   0.000000000E+00   0.000000000E+00 
621510   Sm151   1       2.440500970E-10   1.981712946E-02   1.980255000E-02   1.457946000E-05   0.000000000E+00 
                 100000  1.000000000E+00 
621520   Sm152   0       0.000000000E+00   0.000000000E+00   0.000000000E+00   0.000000000E+00   0.000000000E+00 
621530   Sm153   1       4.140664161E-06   3.288979400E-01   2.672208000E-01   6.167714000E-02   0.000000000E+00 
                 100000  1.000000000E+00 
621531   Sm153m1 1       6.539124345E+01   8.863875000E-02   6.548519000E-02   2.315356000E-02   0.000000000E+00 
                 300000  1.000000000E+00 
621540   Sm154   0       0.000000000E+00   0.000000000E+00   0.000000000E+00   0.000000000E+00   0.000000000E+00 
621550   Sm155   1       5.180472201E-04   6.708867000E-01   5.681223000E-01   1.027644000E-01   0.000000000E+00 
                 100000  1.000000000E+00 
621560   Sm156   1       2.048307271E-05   3.168054000E-01   2.032690000E-01   1.135364000E-01   0.000000000E+00 
                 100000  1.000000000E+00 
621570   Sm157   1       1.438064690E-03   1.423792000E+00   8.386833000E-01   5.851087000E-01   0.000000000E+00 
                 100000  1.000000000E+00 
621580   Sm158   1       2.179708115E-03   1.108364400E+00   5.141122000E-01   5.942522000E-01   0.000000000E+00 
                 100000  1.000000000E+00 
621590   Sm159   1       6.096281271E-02   1.841932100E+00   1.411371000E+00   4.305611000E-01   0.000000000E+00 
                 100000  1.000000000E+00 
621600   Sm160   1       7.220283131E-02   1.478244500E+00   8.640657000E-01   6.141788000E-01   0.000000000E+00 
                 100000  1.000000000E+00 
621610   Sm161   1       1.444056626E-01   3.354514000E+00   1.155962000E+00   2.198552000E+00   0.000000000E+00 
                 100000  1.000000000E+00 
621620   Sm162   1       2.888113252E-01   2.205059000E+00   1.186501000E+00   1.018558000E+00   0.000000000E+00 
                 100000  1.000000000E+00 
621630   Sm163   1       3.965372886E-01   4.020767000E+00   1.311202000E+00   2.709565000E+00   0.000000000E+00 
                 100000  1.000000000E+00 
621640   Sm164   2       5.653729042E-01   3.027979000E+00   1.603387000E+00   1.424592000E+00   9.577734000E-15 
                 100000  1.000000000E+00 
                 150000  3.831100000E-12 
621650   Sm165   2       9.072607075E-01   4.120791313E+00   2.208420000E+00   1.912219000E+00   1.523133000E-04 
                 100000  9.988874000E-01 
                 150000  1.112600000E-03 
631300   Eu130   1       6.931471806E+02   1.028000000E+00   0.000000000E+00   0.000000000E+00   1.028000000E+00 
                 700000  1.000000000E+00 
631310   Eu131   2       3.894085284E+01   1.631261400E+00   3.976867000E-01   3.976867000E-01   8.358880000E-01 
                 200000  1.100000000E-01 
                 700000  8.900000000E-01 
631320   Eu132   2       6.931471806E+00   4.450166000E+00   2.123833000E+00   2.123833000E+00   2.025000000E-01 
                 200000  5.000000000E-01 
                 700000  5.000000000E-01 
631330   Eu133   1       6.931471806E-01   6.502000000E+00   3.251000000E+00   3.251000000E+00   0.000000000E+00 
                 200000  1.000000000E+00 
631340   Eu134   1       1.386294361E+00   7.787334000E+00   3.893667000E+00   3.893667000E+00   0.000000000E+00 
                 200000  1.000000000E+00 
631350   Eu135   1       4.620981204E-01   5.775334000E+00   2.887667000E+00   2.887667000E+00   0.000000000E+00 
                 200000  1.000000000E+00 
631360   Eu136   1       1.824071528E-01   7.138000000E+00   3.569000000E+00   3.569000000E+00   0.000000000E+00 
                 200000  1.000000000E+00 
631361   Eu136m1 2       2.100446002E-01   7.135913850E+00   3.567234000E+00   3.567234000E+00   1.445850000E-03 
                 200000  9.991000000E-01 
                 270000  9.000000000E-04 
631362   Eu136m2 1       1.824071528E-01   4.819500000E+00   1.606500000E+00   1.606500000E+00   1.606500000E+00 
                 270000  1.000000000E+00 
631370   Eu137   1       6.301338005E-02   5.339334000E+00   2.669667000E+00   2.669667000E+00   0.000000000E+00 
                 200000  1.000000000E+00 
631380   Eu138   1       5.728489096E-02   6.498748000E+00   3.249374000E+00   3.249374000E+00   0.000000000E+00 
                 200000  1.000000000E+00 
631390   Eu139   1       3.872330618E-02   4.654784000E+00   2.327392000E+00   2.327392000E+00   0.000000000E+00 
                 200000  1.000000000E+00 
631400   Eu140   1       4.590378679E-01   4.421815000E+00   3.167129000E+00   1.254686000E+00   0.000000000E+00 
                 200000  1.000000000E+00 
631401   Eu140m1 2       5.545177444E+00   5.590760000E-02   2.795380000E-02   2.795380000E-02   0.000000000E+00 
                 200000  1.000000000E-02 
                 300000  9.900000000E-01 
631410   Eu141   2       1.703064326E-02   2.988463000E+00   1.915678000E+00   1.072785000E+00   0.000000000E+00 
                 200000  9.789118000E-01 
                 200001  2.108820000E-02 
631411   Eu141m1 2       2.567211780E-01   4.734685000E-01   3.281035000E-01   1.453650000E-01   0.000000000E+00 
                 200000  1.300000000E-01 
                 300000  8.700000000E-01 
631420   Eu142   1       2.962167438E-01   3.962923000E+00   2.765535000E+00   1.197388000E+00   0.000000000E+00 
                 200000  1.000000000E+00 
631421   Eu142m1 1       9.445995919E-03   4.860702000E+00   1.494484000E+00   3.366218000E+00   0.000000000E+00 
                 200000  1.000000000E+00 
631430   Eu143   2       4.460406567E-03   2.484495000E+00   1.368804000E+00   1.115691000E+00   0.000000000E+00 
                 200000  9.987986000E-01 
                 200001  1.201400000E-03 
631440   Eu144   1       6.795560594E-02   3.166374000E+00   2.075114000E+00   1.091260000E+00   0.000000000E+00 
                 200000  1.000000000E+00 
631450   Eu145   1       1.352872987E-06   1.305205130E+00   2.533613000E-02   1.279869000E+00   0.000000000E+00 
                 200000  1.000000000E+00 
631460   Eu146   1       1.747829371E-06   2.445899280E+00   4.506728000E-02   2.400832000E+00   0.000000000E+00 
                 200000  1.000000000E+00 
631470   Eu147   2       3.328853449E-07   4.772304668E-01   3.919945000E-02   4.379653000E-01   6.571684000E-05 
                 400000  2.200000000E-05 
                 200000  9.999780000E-01 
631480   Eu148   2       1.472025103E-07   2.249060755E+00   2.126873000E-02   2.227792000E+00   2.539016000E-08 
                 200000  1.000000000E+00 
                 400000  9.400000000E-09 
631490   Eu149   1       8.617117951E-08   8.516477000E-02   1.993674000E-02   6.522803000E-02   0.000000000E+00 
                 200000  1.000000000E+00 
631500   Eu150   1       5.952418080E-10   1.634006430E+00   7.523543000E-02   1.558771000E+00   0.000000000E+00 
                 200000  1.000000000E+00 
631501   Eu150m1 2       1.504225652E-05   3.623421100E-01   3.127337000E-01   4.960841000E-02   0.000000000E+00 
                 200000  1.100000000E-01 
                 100000  8.900000000E-01 
631510   Eu151   1       0.000000000E+00   1.963930000E+00   0.000000000E+00   0.000000000E+00   1.963930000E+00 
                 400000  1.000000000E+00 
631520   Eu152   2       1.622553766E-09   1.297933600E+00   1.266856000E-01   1.171248000E+00   0.000000000E+00 
                 200000  7.210000000E-01 
                 100000  2.790000000E-01 
631521   Eu152m1 2       2.067752948E-05   8.053120000E-01   5.126053000E-01   2.927067000E-01   0.000000000E+00 
                 200000  2.700000000E-01 
                 100000  7.300000000E-01 
631522   Eu152m2 1       1.203380522E-04   1.447690600E-01   6.948694000E-02   7.528212000E-02   0.000000000E+00 
                 300000  1.000000000E+00 
631530   Eu153   0       0.000000000E+00   0.000000000E+00   0.000000000E+00   0.000000000E+00   0.000000000E+00 
631540   Eu154   2       2.553715864E-09   1.515486200E+00   2.727362000E-01   1.242750000E+00   0.000000000E+00 
                 100000  9.998200000E-01 
                 200000  1.800000000E-04 
631541   Eu154m1 1       2.511402828E-04   1.537025800E-01   6.975788000E-02   8.394470000E-02   0.000000000E+00 
                 300000  1.000000000E+00 
631550   Eu155   1       4.621187617E-09   1.240402600E-01   6.316924000E-02   6.087102000E-02   0.000000000E+00 
                 100000  1.000000000E+00 
631560   Eu156   1       5.281459389E-07   1.686431400E+00   4.525464000E-01   1.233885000E+00   0.000000000E+00 
                 100000  1.000000000E+00 
631570   Eu157   1       1.268385267E-05   6.837354000E-01   3.929960000E-01   2.907394000E-01   0.000000000E+00 
                 100000  1.000000000E+00 
631580   Eu158   1       2.516874294E-04   2.187109600E+00   8.191566000E-01   1.367953000E+00   0.000000000E+00 
                 100000  1.000000000E+00 
631590   Eu159   1       6.382570723E-04   1.208672700E+00   9.021938000E-01   3.064789000E-01   0.000000000E+00 
                 100000  1.000000000E+00 
631600   Eu160   1       1.824071528E-02   3.053334000E+00   1.526667000E+00   1.526667000E+00   0.000000000E+00 
                 100000  1.000000000E+00 
631610   Eu161   1       2.665950694E-02   2.914570600E+00   4.266566000E-01   2.487914000E+00   0.000000000E+00 
                 100000  1.000000000E+00 
631620   Eu162   1       6.539124345E-02   4.473188800E+00   6.788398000E-01   3.794349000E+00   0.000000000E+00 
                 100000  1.000000000E+00 
631630   Eu163   1       9.001911436E-02   3.585474600E+00   6.534826000E-01   2.931992000E+00   0.000000000E+00 
                 100000  1.000000000E+00 
631640   Eu164   1       2.437226373E-01   5.269394000E+00   7.166180000E-01   4.552776000E+00   0.000000000E+00 
                 100000  1.000000000E+00 
631650   Eu165   2       3.013683394E-01   4.226400807E+00   1.036361000E+00   3.189765000E+00   2.748069000E-04 
                 100000  9.972464000E-01 
                 150000  2.753600000E-03 
631660   Eu166   1       1.732867951E+00   5.129334000E+00   2.564667000E+00   2.564667000E+00   0.000000000E+00 
                 100000  1.000000000E+00 
631670   Eu167   1       3.465735903E+00   4.664000000E+00   2.332000000E+00   2.332000000E+00   0.000000000E+00 
                 100000  1.000000000E+00 
641340   Gd134   1       1.732867951E+00   5.502000000E+00   2.751000000E+00   2.751000000E+00   0.000000000E+00 
                 200000  1.000000000E+00 
641350   Gd135   2       6.301338005E-01   6.829315000E+00   3.188825000E+00   3.188825000E+00   4.516650000E-01 
                 270000  1.800000000E-01 
                 200000  8.200000000E-01 
641360   Gd136   1       3.465735903E+04   4.788000000E+00   2.394000000E+00   2.394000000E+00   0.000000000E+00 
                 200000  1.000000000E+00 
641370   Gd137   1       3.150669003E-01   5.868666000E+00   2.934333000E+00   2.934333000E+00   0.000000000E+00 
                 200000  1.000000000E+00 
641380   Gd138   1       1.474781235E-01   3.981334000E+00   1.990667000E+00   1.990667000E+00   0.000000000E+00 
                 200000  1.000000000E+00 
641390   Gd139   1       1.195081346E-01   5.246000000E+00   2.623000000E+00   2.623000000E+00   0.000000000E+00 
                 200000  1.000000000E+00 
641391   Gd139m1 1       1.444056626E-01   5.246000000E+00   2.623000000E+00   2.623000000E+00   0.000000000E+00 
                 200000  1.000000000E+00 
641400   Gd140   1       4.387007472E-02   3.469128000E+00   1.734564000E+00   1.734564000E+00   0.000000000E+00 
                 200000  1.000000000E+00 
641410   Gd141   1       4.951051290E-02   3.446722000E+00   2.153995000E+00   1.292727000E+00   0.000000000E+00 
                 200000  1.000000000E+00 
641411   Gd141m1 2       2.829172166E-02   4.241942000E+00   2.100192000E+00   2.141750000E+00   0.000000000E+00 
                 200000  8.900000000E-01 
                 300000  1.100000000E-01 
641420   Gd142   1       9.873891461E-03   1.770147500E+00   7.327635000E-01   1.037384000E+00   0.000000000E+00 
                 200000  1.000000000E+00 
641430   Gd143   1       1.777300463E-02   3.033885000E+00   1.812774000E+00   1.221111000E+00   0.000000000E+00 
                 200000  1.000000000E+00 
641431   Gd143m1 1       6.301338005E-03   3.347067000E+00   1.252541000E+00   2.094526000E+00   0.000000000E+00 
                 200000  1.000000000E+00 
641440   Gd144   1       2.584441389E-03   1.484729900E+00   5.804890000E-01   9.042409000E-01   0.000000000E+00 
                 200000  1.000000000E+00 
641450   Gd145   1       5.022805656E-04   2.789081000E+00   3.550260000E-01   2.434055000E+00   0.000000000E+00 
                 200000  1.000000000E+00 
641451   Gd145m1 2       8.154672712E-03   8.703461000E-01   1.895446000E-01   6.808015000E-01   0.000000000E+00 
                 200000  5.700000000E-02 
                 300000  9.430000000E-01 
641460   Gd146   1       1.662013013E-07   3.772870000E-01   1.237524000E-01   2.535346000E-01   0.000000000E+00 
                 200000  1.000000000E+00 
641470   Gd147   1       5.058877653E-06   1.352569040E+00   5.516504000E-02   1.297404000E+00   0.000000000E+00 
                 200000  1.000000000E+00 
641480   Gd148   1       2.944304069E-10   3.268709000E+00   0.000000000E+00   0.000000000E+00   3.268709000E+00 
                 400000  1.000000000E+00 
641490   Gd149   2       8.644975013E-07   5.952150100E-01   6.403861000E-02   5.311764000E-01   0.000000000E+00 
                 200000  9.995660000E-01 
                 400000  4.340000000E-04 
641500   Gd150   1       1.227067613E-14   2.798693000E+00   0.000000000E+00   0.000000000E+00   2.798693000E+00 
                 400000  1.000000000E+00 
641510   Gd151   2       6.469787752E-08   1.076319714E-01   3.718206000E-02   7.044989000E-02   2.135099000E-08 
                 400000  8.000000000E-09 
                 200000  1.000000000E+00 
641520   Gd152   1       2.033751285E-22   2.202987000E+00   0.000000000E+00   0.000000000E+00   2.202987000E+00 
                 400000  1.000000000E+00 
641530   Gd153   1       3.337161735E-08   1.472365400E-01   4.227724000E-02   1.049593000E-01   0.000000000E+00 
                 200000  1.000000000E+00 
641540   Gd154   0       0.000000000E+00   0.000000000E+00   0.000000000E+00   0.000000000E+00   0.000000000E+00 
641550   Gd155   0       0.000000000E+00   0.000000000E+00   0.000000000E+00   0.000000000E+00   0.000000000E+00 
641551   Gd155m1 1       2.168117549E+01   1.137229200E-01   4.024973000E-02   7.347319000E-02   0.000000000E+00 
                 300000  1.000000000E+00 
641560   Gd156   0       0.000000000E+00   0.000000000E+00   0.000000000E+00   0.000000000E+00   0.000000000E+00 
641570   Gd157   0       0.000000000E+00   0.000000000E+00   0.000000000E+00   0.000000000E+00   0.000000000E+00 
641580   Gd158   0       0.000000000E+00   0.000000000E+00   0.000000000E+00   0.000000000E+00   0.000000000E+00 
641590   Gd159   1       1.041944280E-05   3.650001400E-01   3.087112000E-01   5.628894000E-02   0.000000000E+00 
                 100000  1.000000000E+00 
641600   Gd160   1       0.000000000E+00   8.647200000E-01   8.647200000E-01   0.000000000E+00   0.000000000E+00 
                 110000  1.000000000E+00 
641610   Gd161   1       3.156407926E-03   9.714116000E-01   5.845121000E-01   3.868995000E-01   0.000000000E+00 
                 100000  1.000000000E+00 
641620   Gd162   1       1.375292025E-03   7.568365000E-01   3.400449000E-01   4.167916000E-01   0.000000000E+00 
                 100000  1.000000000E+00 
641630   Gd163   1       1.019334089E-02   1.960128100E+00   7.114701000E-01   1.248658000E+00   0.000000000E+00 
                 100000  1.000000000E+00 
641640   Gd164   1       1.540327068E-02   1.315468300E+00   5.062962000E-01   8.091721000E-01   0.000000000E+00 
                 100000  1.000000000E+00 
641650   Gd165   1       6.729584277E-02   3.088517800E+00   5.486838000E-01   2.539834000E+00   0.000000000E+00 
                 100000  1.000000000E+00 
641660   Gd166   1       1.444056626E-01   2.266666000E+00   1.133333000E+00   1.133333000E+00   0.000000000E+00 
                 100000  1.000000000E+00 
641670   Gd167   1       2.310490602E-01   3.400000000E+00   1.700000000E+00   1.700000000E+00   0.000000000E+00 
                 100000  1.000000000E+00 
641680   Gd168   1       2.310490602E+00   2.866666000E+00   1.433333000E+00   1.433333000E+00   0.000000000E+00 
                 100000  1.000000000E+00 
641690   Gd169   1       6.931471806E-01   4.066666000E+00   2.033333000E+00   2.033333000E+00   0.000000000E+00 
                 100000  1.000000000E+00 
651350   Tb135   1       6.966303322E-01   1.188000000E+00   0.000000000E+00   0.000000000E+00   1.188000000E+00 
                 700000  1.000000000E+00 
651360   Tb136   1       3.465735903E+00   8.688000000E+00   4.344000000E+00   4.344000000E+00   0.000000000E+00 
                 200000  1.000000000E+00 
651370   Tb137   2       1.155245301E+00   3.935000000E+00   1.745000000E+00   1.745000000E+00   4.450000000E-01 
                 200000  5.000000000E-01 
                 700000  5.000000000E-01 
651380   Tb138   1       3.465735903E+06   8.098000000E+00   4.049000000E+00   4.049000000E+00   0.000000000E+00 
                 200000  1.000000000E+00 
651390   Tb139   1       4.332169878E-01   6.241334000E+00   3.120667000E+00   3.120667000E+00   0.000000000E+00 
                 200000  1.000000000E+00 
651400   Tb140   2       2.888113252E-01   7.528619440E+00   3.761831000E+00   3.761831000E+00   4.957440000E-03 
                 200000  9.974000000E-01 
                 270000  2.600000000E-03 
651410   Tb141   1       1.980420516E-01   5.788924000E+00   2.894462000E+00   2.894462000E+00   0.000000000E+00 
                 200000  1.000000000E+00 
651411   Tb141m1 1       8.774014944E-02   5.788924000E+00   2.894462000E+00   2.894462000E+00   0.000000000E+00 
                 200000  1.000000000E+00 
651420   Tb142   1       1.161050554E+00   5.355256000E+00   4.105667000E+00   1.249589000E+00   0.000000000E+00 
                 200000  1.000000000E+00 
651421   Tb142m1 1       2.287614457E+00   2.802000000E-01   0.000000000E+00   2.802000000E-01   0.000000000E+00 
                 300000  1.000000000E+00 
651430   Tb143   1       5.776226505E-02   5.208788000E+00   2.604394000E+00   2.604394000E+00   0.000000000E+00 
                 200000  1.000000000E+00 
651431   Tb143m1 1       3.300700860E-02   5.198662000E+00   2.599331000E+00   2.599331000E+00   0.000000000E+00 
                 200000  1.000000000E+00 
651440   Tb144   1       6.931471806E-01   4.858494000E+00   3.595278000E+00   1.263216000E+00   0.000000000E+00 
                 200000  1.000000000E+00 
651441   Tb144m1 2       1.630934542E-01   2.480618000E+00   1.109332000E+00   1.371286000E+00   0.000000000E+00 
                 200000  3.400000000E-01 
                 300000  6.600000000E-01 
651450   Tb145   1       2.243194759E-02   4.697678000E+00   2.348839000E+00   2.348839000E+00   0.000000000E+00 
                 200000  1.000000000E+00 
651451   Tb145m1 1       2.243194759E-02   4.697334000E+00   2.348667000E+00   2.348667000E+00   0.000000000E+00 
                 200000  1.000000000E+00 
651460   Tb146   1       8.664339757E-02   4.321119000E+00   2.993797000E+00   1.327322000E+00   0.000000000E+00 
                 200000  1.000000000E+00 
651461   Tb146m1 1       3.013683394E-02   5.164557000E+00   1.539861000E+00   3.624696000E+00   0.000000000E+00 
                 200000  1.000000000E+00 
651462   Tb146m2 1       5.874128649E+02   7.800000000E-01   0.000000000E+00   7.800000000E-01   0.000000000E+00 
                 300000  1.000000000E+00 
651470   Tb147   1       1.174029777E-04   2.643605200E+00   1.962812000E-01   2.447324000E+00   0.000000000E+00 
                 200000  1.000000000E+00 
651471   Tb147m1 1       6.312815852E-03   2.209981800E+00   3.137948000E-01   1.896187000E+00   0.000000000E+00 
                 200000  1.000000000E+00 
651480   Tb148   1       1.925408835E-04   3.177302000E+00   8.246210000E-01   2.352681000E+00   0.000000000E+00 
                 200000  1.000000000E+00 
651481   Tb148m1 1       5.251115004E-03   3.467152300E+00   3.179623000E-01   3.149190000E+00   0.000000000E+00 
                 200000  1.000000000E+00 
651490   Tb149   2       4.675592120E-05   2.123753450E+00   8.502705000E-02   1.358265000E+00   6.804614000E-01 
                 400000  1.670000000E-01 
                 200000  8.330000000E-01 
651491   Tb149m1 2       2.777031973E-03   1.225167498E+00   1.789411000E-01   1.045323000E+00   9.033983000E-04 
                 400000  2.200000000E-04 
                 200000  9.997800000E-01 
651500   Tb150   2       5.532784008E-05   3.105724514E+00   1.551966000E+00   1.551966000E+00   1.792514000E-03 
                 200000  9.995000000E-01 
                 400000  5.000000000E-04 
651501   Tb150m1 1       1.991802243E-03   3.421048000E+00   1.710524000E+00   1.710524000E+00   0.000000000E+00 
                 200000  1.000000000E+00 
651510   Tb151   2       1.093423156E-05   1.064473117E+00   7.658977000E-02   9.875683000E-01   3.150467000E-04 
                 400000  9.500000000E-05 
                 200000  9.999050000E-01 
651511   Tb151m1 2       2.772588722E-02   1.545859200E-01   7.398025000E-02   8.060567000E-02   0.000000000E+00 
                 200000  6.600000000E-02 
                 300000  9.340000000E-01 
651520   Tb152   1       1.100233620E-05   1.672580200E+00   2.110052000E-01   1.461575000E+00   0.000000000E+00 
                 200000  1.000000000E+00 
651521   Tb152m1 2       2.750584050E-03   1.030166600E+00   3.174135000E-01   7.127531000E-01   0.000000000E+00 
                 200000  2.120000000E-01 
                 300000  7.880000000E-01 
651530   Tb153   1       3.428434535E-06   4.026997700E-01   4.635567000E-02   3.563441000E-01   0.000000000E+00 
                 200000  1.000000000E+00 
651540   Tb154   2       8.955389930E-06   2.365292000E+00   1.182646000E+00   1.182646000E+00   0.000000000E+00 
                 200000  9.990010000E-01 
                 100000  9.990010000E-04 
651541   Tb154m1 2       2.048307271E-05   1.851383400E+00   9.256917000E-01   9.256917000E-01   0.000000000E+00 
                 200000  7.820000000E-01 
                 300000  2.180000000E-01 
651542   Tb154m2 2       8.481977246E-06   2.324884000E+00   1.162442000E+00   1.162442000E+00   0.000000000E+00 
                 200000  9.820000000E-01 
                 300000  1.800000000E-02 
651550   Tb155   1       1.507995641E-06   2.166401600E-01   4.041466000E-02   1.762255000E-01   0.000000000E+00 
                 200000  1.000000000E+00 
651560   Tb156   1       1.499539591E-06   2.014292080E+00   8.093708000E-02   1.933355000E+00   0.000000000E+00 
                 200000  1.000000000E+00 
651561   Tb156m1 1       7.891019815E-06   4.860491000E-02   1.179124000E-02   3.681367000E-02   0.000000000E+00 
                 300000  1.000000000E+00 
651562   Tb156m2 1       3.632846858E-05   8.897585000E-02   8.430317000E-02   4.672680000E-03   0.000000000E+00 
                 300000  1.000000000E+00 
651570   Tb157   1       3.093592226E-10   1.694148900E-02   8.818287000E-03   8.123202000E-03   0.000000000E+00 
                 200000  1.000000000E+00 
651580   Tb158   2       1.220250485E-10   9.136069000E-01   1.091713000E-01   8.044356000E-01   0.000000000E+00 
                 200000  8.340000000E-01 
                 100000  1.660000000E-01 
651581   Tb158m1 1       6.478011033E-02   1.084579100E-01   8.445377000E-02   2.400414000E-02   0.000000000E+00 
                 300000  1.000000000E+00 
651590   Tb159   0       0.000000000E+00   0.000000000E+00   0.000000000E+00   0.000000000E+00   0.000000000E+00 
651600   Tb160   1       1.109617816E-07   1.382643000E+00   2.568260000E-01   1.125817000E+00   0.000000000E+00 
                 100000  1.000000000E+00 
651610   Tb161   1       1.161676341E-06   2.369129600E-01   2.009686000E-01   3.594436000E-02   0.000000000E+00 
                 100000  1.000000000E+00 
651620   Tb162   1       1.520059606E-03   1.636611600E+00   5.304146000E-01   1.106197000E+00   0.000000000E+00 
                 100000  1.000000000E+00 
651630   Tb163   1       5.924334877E-04   1.150310500E+00   3.618491000E-01   7.884614000E-01   0.000000000E+00 
                 100000  1.000000000E+00 
651640   Tb164   1       3.850817670E-03   2.987578600E+00   7.474756000E-01   2.240103000E+00   0.000000000E+00 
                 100000  1.000000000E+00 
651650   Tb165   1       5.475096213E-03   1.767187800E+00   9.314821000E-01   8.357057000E-01   0.000000000E+00 
                 100000  1.000000000E+00 
651660   Tb166   1       2.761542552E-02   3.220000000E+00   1.610000000E+00   1.610000000E+00   0.000000000E+00 
                 100000  1.000000000E+00 
651670   Tb167   1       3.572923611E-02   2.728666000E+00   1.364333000E+00   1.364333000E+00   0.000000000E+00 
                 100000  1.000000000E+00 
651680   Tb168   1       8.453014397E-02   4.043334000E+00   2.021667000E+00   2.021667000E+00   0.000000000E+00 
                 100000  1.000000000E+00 
651690   Tb169   1       3.465735903E-01   3.574000000E+00   1.787000000E+00   1.787000000E+00   0.000000000E+00 
                 100000  1.000000000E+00 
651700   Tb170   1       2.310490602E-01   4.782000000E+00   2.391000000E+00   2.391000000E+00   0.000000000E+00 
                 100000  1.000000000E+00 
651710   Tb171   1       1.386294361E+00   4.241334000E+00   2.120667000E+00   2.120667000E+00   0.000000000E+00 
                 100000  1.000000000E+00 
661380   Dy138   1       3.465735903E+00   5.774000000E+00   2.887000000E+00   2.887000000E+00   0.000000000E+00 
                 200000  1.000000000E+00 
661390   Dy139   2       1.155245301E+00   7.543375000E+00   3.096625000E+00   3.096625000E+00   1.350125000E+00 
                 270000  5.000000000E-01 
                 200000  5.000000000E-01 
661400   Dy140   1       8.251752150E-01   5.095334000E+00   2.547667000E+00   2.547667000E+00   0.000000000E+00 
                 200000  1.000000000E+00 
661410   Dy141   1       7.701635340E-01   6.149334000E+00   3.074667000E+00   3.074667000E+00   0.000000000E+00 
                 200000  1.000000000E+00 
661420   Dy142   2       3.013683394E-01   4.733182400E+00   2.366143000E+00   2.366143000E+00   8.964000000E-04 
                 200000  9.994000000E-01 
                 270000  6.000000000E-04 
661430   Dy143   1       2.166084939E-01   5.408000000E+00   2.704000000E+00   2.704000000E+00   0.000000000E+00 
                 200000  1.000000000E+00 
661431   Dy143m1 1       2.310490602E-01   5.408000000E+00   2.704000000E+00   2.704000000E+00   0.000000000E+00 
                 200000  1.000000000E+00 
661440   Dy144   1       7.617001984E-02   2.689913800E+00   1.764088000E+00   9.258258000E-01   0.000000000E+00 
                 200000  1.000000000E+00 
661450   Dy145   2       1.155245301E-01   4.849231500E+00   2.038222000E+00   2.038222000E+00   7.727875000E-01 
                 200000  5.000000000E-01 
                 270000  5.000000000E-01 
661451   Dy145m1 2       4.915937451E-02   4.921584000E+00   2.071417000E+00   2.071417000E+00   7.787500000E-01 
                 200000  5.000000000E-01 
                 270000  5.000000000E-01 
661460   Dy146   1       2.390162692E-02   2.506613900E+00   7.857569000E-01   1.720857000E+00   0.000000000E+00 
                 200000  1.000000000E+00 
661461   Dy146m1 1       4.620981204E+00   3.188633100E+00   1.090181000E-01   3.079615000E+00   0.000000000E+00 
                 300000  1.000000000E+00 
661470   Dy147   1       1.732867951E-02   4.376106000E+00   2.188053000E+00   2.188053000E+00   0.000000000E+00 
                 200000  1.000000000E+00 
661471   Dy147m1 2       1.244429409E-02   3.425750000E+00   1.581450000E+00   1.844300000E+00   0.000000000E+00 
                 200000  6.500000000E-01 
                 300000  3.500000000E-01 
661480   Dy148   1       3.500743336E-03   7.442657900E-01   2.769769000E-02   7.165681000E-01   0.000000000E+00 
                 200000  1.000000000E+00 
661490   Dy149   1       2.750584050E-03   1.721198200E+00   1.050162000E-01   1.616182000E+00   0.000000000E+00 
                 200000  1.000000000E+00 
661491   Dy149m1 2       1.414586083E+00   2.669322900E+00   1.275639000E-01   2.541759000E+00   0.000000000E+00 
                 200001  7.000000000E-03 
                 300000  9.930000000E-01 
661500   Dy150   2       1.611220782E-03   1.718989379E+00   6.615579000E-03   2.782338000E-01   1.434140000E+00 
                 400000  3.600000000E-01 
                 200000  6.400000000E-01 
661510   Dy151   2       6.453884363E-04   1.467943570E+00   8.838047000E-02   1.145640000E+00   2.339231000E-01 
                 400000  5.600000000E-02 
                 200000  9.440000000E-01 
661520   Dy152   2       8.089953088E-05   3.024607140E-01   1.230104000E-02   2.864362000E-01   3.723474000E-03 
                 400000  1.000000000E-03 
                 200000  9.990000000E-01 
661530   Dy153   2       3.008451305E-05   7.965897858E-01   8.566186000E-02   7.105938000E-01   3.341258000E-04 
                 400000  9.400000000E-05 
                 200000  9.999060000E-01 
661540   Dy154   1       7.321502909E-15   2.944545000E+00   0.000000000E+00   0.000000000E+00   2.944545000E+00 
                 400000  1.000000000E+00 
661550   Dy155   1       1.944857409E-05   6.721084800E-01   2.700198000E-02   6.451065000E-01   0.000000000E+00 
                 200000  1.000000000E+00 
661560   Dy156   0       0.000000000E+00   0.000000000E+00   0.000000000E+00   0.000000000E+00   0.000000000E+00 
661570   Dy157   1       2.365367119E-05   3.590219200E-01   1.177812000E-02   3.472438000E-01   0.000000000E+00 
                 200000  1.000000000E+00 
661571   Dy157m1 1       3.209014725E+01   1.989877600E-01   1.001845000E-01   9.880326000E-02   0.000000000E+00 
                 300000  1.000000000E+00 
661580   Dy158   0       0.000000000E+00   0.000000000E+00   0.000000000E+00   0.000000000E+00   0.000000000E+00 
661590   Dy159   1       5.555773416E-08   5.703000000E-02   1.212365000E-02   4.490635000E-02   0.000000000E+00 
                 200000  1.000000000E+00 
661600   Dy160   0       0.000000000E+00   0.000000000E+00   0.000000000E+00   0.000000000E+00   0.000000000E+00 
661610   Dy161   0       0.000000000E+00   0.000000000E+00   0.000000000E+00   0.000000000E+00   0.000000000E+00 
661620   Dy162   0       0.000000000E+00   0.000000000E+00   0.000000000E+00   0.000000000E+00   0.000000000E+00 
661630   Dy163   0       0.000000000E+00   0.000000000E+00   0.000000000E+00   0.000000000E+00   0.000000000E+00 
661640   Dy164   0       0.000000000E+00   0.000000000E+00   0.000000000E+00   0.000000000E+00   0.000000000E+00 
661650   Dy165   1       8.249395179E-05   4.759993500E-01   4.484218000E-01   2.757755000E-02   0.000000000E+00 
                 100000  1.000000000E+00 
661651   Dy165m1 2       9.190495632E-03   1.209743300E-01   1.018473000E-01   1.912703000E-02   0.000000000E+00 
                 100000  2.240000000E-02 
                 300000  9.776000000E-01 
661660   Dy166   1       2.359569651E-06   2.117261200E-01   1.695261000E-01   4.220002000E-02   0.000000000E+00 
                 100000  1.000000000E+00 
661670   Dy167   1       1.863298872E-03   1.238068400E+00   7.055235000E-01   5.325449000E-01   0.000000000E+00 
                 100000  1.000000000E+00 
661680   Dy168   1       1.327868162E-03   8.347434000E-01   4.404303000E-01   3.943131000E-01   0.000000000E+00 
                 100000  1.000000000E+00 
661690   Dy169   1       1.777300463E-02   1.474158100E+00   1.158505000E+00   3.156531000E-01   0.000000000E+00 
                 100000  1.000000000E+00 
661700   Dy170   1       2.310490602E-02   1.720000000E+00   8.600000000E-01   8.600000000E-01   0.000000000E+00 
                 100000  1.000000000E+00 
661710   Dy171   1       1.155245301E-01   2.932000000E+00   1.466000000E+00   1.466000000E+00   0.000000000E+00 
                 100000  1.000000000E+00 
661720   Dy172   1       2.310490602E-01   2.466000000E+00   1.233000000E+00   1.233000000E+00   0.000000000E+00 
                 100000  1.000000000E+00 
661730   Dy173   1       3.465735903E-01   3.666000000E+00   1.833000000E+00   1.833000000E+00   0.000000000E+00 
                 100000  1.000000000E+00 
671400   Ho140   1       1.155245301E+02   1.093900000E+00   0.000000000E+00   0.000000000E+00   1.093900000E+00 
                 700000  1.000000000E+00 
671410   Ho141   1       1.690602879E+02   1.176780000E+00   0.000000000E+00   0.000000000E+00   1.176780000E+00 
                 700000  1.000000000E+00 
671420   Ho142   1       1.732867951E+00   8.324000000E+00   4.162000000E+00   4.162000000E+00   0.000000000E+00 
                 200000  1.000000000E+00 
671430   Ho143   2       3.465735903E+06   6.156084000E+00   2.609917000E+00   2.609917000E+00   9.362500000E-01 
                 200000  5.000000000E-01 
                 270000  5.000000000E-01 
671440   Ho144   1       9.902102579E-01   7.592000000E+00   3.796000000E+00   3.796000000E+00   0.000000000E+00 
                 200000  1.000000000E+00 
671450   Ho145   1       2.888113252E-01   6.070000000E+00   3.035000000E+00   3.035000000E+00   0.000000000E+00 
                 200000  1.000000000E+00 
671460   Ho146   1       1.925408835E-01   7.324666000E+00   3.662333000E+00   3.662333000E+00   0.000000000E+00 
                 200000  1.000000000E+00 
671470   Ho147   1       1.195081346E-01   5.566918000E+00   2.783459000E+00   2.783459000E+00   0.000000000E+00 
                 200000  1.000000000E+00 
671480   Ho148   1       3.150669003E-01   5.020819000E+00   3.914058000E+00   1.106761000E+00   0.000000000E+00 
                 200000  1.000000000E+00 
671481   Ho148m1 2       7.227812102E-02   6.560807545E+00   3.279859000E+00   3.279859000E+00   1.089545000E-03 
                 200000  9.992000000E-01 
                 270000  8.000000000E-04 
671482   Ho148m2 1       2.937064324E+02   7.950000000E-01   0.000000000E+00   7.950000000E-01   0.000000000E+00 
                 300000  1.000000000E+00 
671490   Ho149   1       3.285057728E-02   4.017834000E+00   2.008917000E+00   2.008917000E+00   0.000000000E+00 
                 200000  1.000000000E+00 
671491   Ho149m1 1       1.237762822E-02   3.337784900E+00   7.393109000E-01   2.598474000E+00   0.000000000E+00 
                 200000  1.000000000E+00 
671500   Ho150   1       9.627044174E-03   4.912698000E+00   2.456349000E+00   2.456349000E+00   0.000000000E+00 
                 200000  1.000000000E+00 
671501   Ho150m1 1       2.974880603E-02   4.871589000E+00   1.582304000E+00   3.289285000E+00   0.000000000E+00 
                 200000  1.000000000E+00 
671510   Ho151   2       1.969168127E-02   3.698690000E+00   1.332894000E+00   1.332894000E+00   1.032902000E+00 
                 200000  7.800000000E-01 
                 400000  2.200000000E-01 
671511   Ho151m1 2       1.468532162E-02   4.478334000E+00   3.446670000E-01   3.446670000E-01   3.789000000E+00 
                 200000  2.000000000E-01 
                 400000  8.000000000E-01 
671520   Ho152   2       4.283975158E-03   4.363702400E+00   1.911415000E+00   1.911415000E+00   5.408724000E-01 
                 200000  8.800000000E-01 
                 400000  1.200000000E-01 
671521   Ho152m1 2       1.386294361E-02   3.887529900E+00   6.570576000E-01   2.735854000E+00   4.946183000E-01 
                 200000  8.920000000E-01 
                 400001  1.080000000E-01 
671530   Ho153   2       5.747489059E-03   1.448126533E+00   5.282227000E-01   9.178576000E-01   2.046233000E-03 
                 200000  9.994900000E-01 
                 400000  5.100000000E-04 
671531   Ho153m1 2       1.242199248E-03   2.801711000E+00   1.397147000E+00   1.397147000E+00   7.417000000E-03 
                 200000  9.982000000E-01 
                 400000  1.800000000E-03 
671540   Ho154   2       9.823514464E-04   3.836008284E+00   1.917600000E+00   1.917600000E+00   8.082840000E-04 
                 200000  9.998000000E-01 
                 400000  2.000000000E-04 
671541   Ho154m1 2       3.726597745E-03   3.835970414E+00   1.917965000E+00   1.917965000E+00   4.041380000E-05 
                 200000  9.999900000E-01 
                 400000  9.999900000E-06 
671550   Ho155   1       2.406761044E-04   2.075180000E+00   1.037590000E+00   1.037590000E+00   0.000000000E+00 
                 200000  1.000000000E+00 
671551   Ho155m1 1       7.876672506E+02   1.385030800E-01   7.418591000E-02   6.431717000E-02   0.000000000E+00 
                 300000  1.000000000E+00 
671560   Ho156   1       2.062938037E-04   3.450186000E+00   1.725093000E+00   1.725093000E+00   0.000000000E+00 
                 200000  1.000000000E+00 
671561   Ho156m1 1       7.296286111E-02   4.731799880E-02   4.687759000E-02   4.404088000E-04   0.000000000E+00 
                 300000  1.000000000E+00 
671562   Ho156m2 2       1.481083719E-03   2.600000000E+00   1.287500000E+00   1.312500000E+00   0.000000000E+00 
                 200000  7.500000000E-01 
                 300000  2.500000000E-01 
671570   Ho157   1       9.168613499E-04   6.131838500E-01   8.489365000E-02   5.282902000E-01   0.000000000E+00 
                 200000  1.000000000E+00 
671580   Ho158   1       1.022340974E-03   2.814056000E+00   1.407028000E+00   1.407028000E+00   0.000000000E+00 
                 200000  1.000000000E+00 
671581   Ho158m1 2       4.125876075E-04   5.976144000E-01   2.715912000E-01   3.260232000E-01   0.000000000E+00 
                 200000  1.900000000E-01 
                 300000  8.100000000E-01 
671582   Ho158m2 2       5.423686859E-04   2.741200000E+00   1.364300000E+00   1.376900000E+00   0.000000000E+00 
                 200000  9.300000000E-01 
                 300000  7.000000000E-02 
671590   Ho159   1       3.495447204E-04   4.340593600E-01   5.485216000E-02   3.792072000E-01   0.000000000E+00 
                 200000  1.000000000E+00 
671591   Ho159m1 1       8.351170850E-02   2.036577500E-01   1.037049000E-01   9.995285000E-02   0.000000000E+00 
                 300000  1.000000000E+00 
671600   Ho160   1       4.512676957E-04   2.192000000E+00   1.096000000E+00   1.096000000E+00   0.000000000E+00 
                 200000  1.000000000E+00 
671601   Ho160m1 2       3.835475767E-05   6.468000000E-01   3.015000000E-01   3.453000000E-01   0.000000000E+00 
                 200000  2.700000000E-01 
                 300000  7.300000000E-01 
671602   Ho160m2 1       2.310490602E-01   1.962627800E-01   6.235938000E-02   1.339034000E-01   0.000000000E+00 
                 300000  1.000000000E+00 
671610   Ho161   1       7.763745302E-05   8.886762000E-02   3.114027000E-02   5.772735000E-02   0.000000000E+00 
                 200000  1.000000000E+00 
671611   Ho161m1 1       1.025365652E-01   2.127807000E-01   1.065357000E-01   1.062450000E-01   0.000000000E+00 
                 300000  1.000000000E+00 
671620   Ho162   1       7.701635340E-04   2.184114400E-01   5.705794000E-02   1.613535000E-01   0.000000000E+00 
                 200000  1.000000000E+00 
671621   Ho162m1 2       1.724246718E-04   7.232669600E-01   7.030576000E-02   6.529612000E-01   0.000000000E+00 
                 200000  3.800000000E-01 
                 300000  6.200000000E-01 
671630   Ho163   1       4.806245965E-12   1.291450000E-03   1.291450000E-03   0.000000000E+00   0.000000000E+00 
                 200000  1.000000000E+00 
671631   Ho163m1 1       6.359148446E-01   2.977078900E-01   6.057309000E-02   2.371348000E-01   0.000000000E+00 
                 300000  1.000000000E+00 
671640   Ho164   2       3.983604486E-04   1.755175000E-01   1.459880000E-01   2.952950000E-02   0.000000000E+00 
                 200000  6.000000000E-01 
                 100000  4.000000000E-01 
671641   Ho164m1 1       3.080654136E-04   1.362694700E-01   8.836698000E-02   4.790249000E-02   0.000000000E+00 
                 300000  1.000000000E+00 
671650   Ho165   0       0.000000000E+00   0.000000000E+00   0.000000000E+00   0.000000000E+00   0.000000000E+00 
671660   Ho166   1       7.184361324E-06   7.235410200E-01   6.939201000E-01   2.962092000E-02   0.000000000E+00 
                 100000  1.000000000E+00 
671661   Ho166m1 1       1.830376694E-11   1.738393600E+00   1.459076000E-01   1.592486000E+00   0.000000000E+00 
                 100000  1.000000000E+00 
671670   Ho167   2       6.210996242E-05   5.725414000E-01   2.185827000E-01   3.539587000E-01   0.000000000E+00 
                 100000  8.807376000E-01 
                 100001  1.192624000E-01 
671680   Ho168   1       3.863696659E-03   1.654498900E+00   7.920347000E-01   8.624642000E-01   0.000000000E+00 
                 100000  1.000000000E+00 
671681   Ho168m1 1       5.251115004E-03   5.900000000E-02   0.000000000E+00   5.900000000E-02   0.000000000E+00 
                 300000  1.000000000E+00 
671690   Ho169   1       2.447553604E-03   1.417056600E+00   7.085283000E-01   7.085283000E-01   0.000000000E+00 
                 100000  1.000000000E+00 
671700   Ho170   1       4.185671380E-03   2.460775400E+00   7.405024000E-01   1.720273000E+00   0.000000000E+00 
                 100000  1.000000000E+00 
671701   Ho170m1 1       1.611970187E-02   2.078450600E+00   1.317838000E+00   7.606126000E-01   0.000000000E+00 
                 100000  1.000000000E+00 
671710   Ho171   1       1.307824869E-02   2.133334000E+00   1.066667000E+00   1.066667000E+00   0.000000000E+00 
                 100000  1.000000000E+00 
671720   Ho172   1       2.772588722E-02   3.393334000E+00   1.696667000E+00   1.696667000E+00   0.000000000E+00 
                 100000  1.000000000E+00 
671730   Ho173   1       6.931471806E-02   2.934000000E+00   1.467000000E+00   1.467000000E+00   0.000000000E+00 
                 100000  1.000000000E+00 
671740   Ho174   1       8.664339757E-02   4.200000000E+00   2.100000000E+00   2.100000000E+00   0.000000000E+00 
                 100000  1.000000000E+00 
671750   Ho175   1       1.386294361E-01   3.734000000E+00   1.867000000E+00   1.867000000E+00   0.000000000E+00 
                 100000  1.000000000E+00 
681430   Er143   1       3.465735903E+00   7.196000000E+00   3.598000000E+00   3.598000000E+00   0.000000000E+00 
                 200000  1.000000000E+00 
681440   Er144   1       3.465735903E+06   5.526666000E+00   2.763333000E+00   2.763333000E+00   0.000000000E+00 
                 200000  1.000000000E+00 
681450   Er145   0       0.000000000E+00   0.000000000E+00   0.000000000E+00   0.000000000E+00   0.000000000E+00 
681460   Er146   1       4.077336356E-01   4.716000000E+00   1.572000000E+00   1.572000000E+00   1.572000000E+00 
                 270000  1.000000000E+00 
681470   Er147   1       2.772588722E-01   5.858666000E+00   2.929333000E+00   2.929333000E+00   0.000000000E+00 
                 200000  1.000000000E+00 
681471   Er147m1 1       2.772588722E-01   5.858666000E+00   2.929333000E+00   2.929333000E+00   0.000000000E+00 
                 200000  1.000000000E+00 
681480   Er148   1       1.506841697E-01   4.242666000E+00   2.121333000E+00   2.121333000E+00   0.000000000E+00 
                 200000  1.000000000E+00 
681490   Er149   2       1.732867951E-01   5.285525900E+00   2.583010000E+00   2.583010000E+00   1.195059000E-01 
                 200000  9.300000000E-01 
                 270000  7.000000000E-02 
681491   Er149m1 3       7.788170568E-02   2.631625450E+00   1.868425000E+00   7.516432000E-01   1.155725000E-02 
                 200000  9.633000000E-01 
                 270000  1.700000000E-03 
                 300000  3.500000000E-02 
681500   Er150   1       3.746741517E-02   2.743348000E+00   1.371674000E+00   1.371674000E+00   0.000000000E+00 
                 200000  1.000000000E+00 
681510   Er151   1       2.949562470E-02   2.620620400E+00   8.423604000E-01   1.778260000E+00   0.000000000E+00 
                 200000  1.000000000E+00 
681511   Er151m1 2       1.195081346E+00   2.456044620E+00   3.332962000E-02   2.422715000E+00   0.000000000E+00 
                 200000  4.700000000E-02 
                 300000  9.530000000E-01 
681520   Er152   2       6.729584277E-02   4.547094910E+00   1.905078000E-02   4.108113000E-02   4.486963000E+00 
                 400000  9.000000000E-01 
                 200000  1.000000000E-01 
681530   Er153   2       1.868321241E-02   3.364713700E+00   2.860782000E-01   5.366515000E-01   2.541984000E+00 
                 400000  5.300000000E-01 
                 200000  4.700000000E-01 
681540   Er154   2       3.097172389E-03   1.299288600E-01   3.391999000E-02   7.591045000E-02   2.009842000E-02 
                 400000  4.700000000E-03 
                 200000  9.953000000E-01 
681550   Er155   2       2.179708115E-03   2.549785644E+00   1.274481000E+00   1.274481000E+00   8.236440000E-04 
                 400000  2.000000000E-04 
                 200000  9.998000000E-01 
681560   Er156   2       5.924334877E-04   9.697205000E-02   3.951206000E-02   5.745999000E-02   0.000000000E+00 
                 200000  2.207790000E-02 
                 200001  9.779221000E-01 
681570   Er157   1       6.194344777E-04   2.272728000E+00   1.136364000E+00   1.136364000E+00   0.000000000E+00 
                 200000  1.000000000E+00 
681571   Er157m1 1       9.120357639E+00   1.554000000E-01   0.000000000E+00   1.554000000E-01   0.000000000E+00 
                 300000  1.000000000E+00 
681580   Er158   1       8.407898842E-05   2.558265000E-01   1.062378000E-01   1.495887000E-01   0.000000000E+00 
                 200000  1.000000000E+00 
681590   Er159   2       3.209014725E-04   7.612840200E-01   4.497292000E-02   7.163111000E-01   0.000000000E+00 
                 200000  7.610015000E-01 
                 200001  2.389985000E-01 
681600   Er160   1       6.736909849E-06   2.197174000E-01   1.098587000E-01   1.098587000E-01   0.000000000E+00 
                 200000  1.000000000E+00 
681610   Er161   1       5.998158364E-05   1.014266400E+00   4.875370000E-02   9.655127000E-01   0.000000000E+00 
                 200000  1.000000000E+00 
681620   Er162   0       0.000000000E+00   0.000000000E+00   0.000000000E+00   0.000000000E+00   0.000000000E+00 
681630   Er163   2       1.540327068E-04   4.739331500E-02   7.450785000E-03   3.994253000E-02   0.000000000E+00 
                 200000  9.999865000E-01 
                 200001  1.350000000E-05 
681640   Er164   0       0.000000000E+00   0.000000000E+00   0.000000000E+00   0.000000000E+00   0.000000000E+00 
681650   Er165   1       1.858502736E-05   4.621324600E-02   8.273606000E-03   3.793964000E-02   0.000000000E+00 
                 200000  1.000000000E+00 
681660   Er166   0       0.000000000E+00   0.000000000E+00   0.000000000E+00   0.000000000E+00   0.000000000E+00 
681670   Er167   0       0.000000000E+00   0.000000000E+00   0.000000000E+00   0.000000000E+00   0.000000000E+00 
681671   Er167m1 1       3.054857561E-01   2.082765800E-01   1.098588000E-01   9.841778000E-02   0.000000000E+00 
                 300000  1.000000000E+00 
681680   Er168   0       0.000000000E+00   0.000000000E+00   0.000000000E+00   0.000000000E+00   0.000000000E+00 
681690   Er169   1       8.541883318E-07   1.027101715E-01   1.026929000E-01   1.727152000E-05   0.000000000E+00 
                 100000  1.000000000E+00 
681700   Er170   0       0.000000000E+00   0.000000000E+00   0.000000000E+00   0.000000000E+00   0.000000000E+00 
681710   Er171   1       2.561746720E-05   7.921721000E-01   4.192794000E-01   3.728927000E-01   0.000000000E+00 
                 100000  1.000000000E+00 
681720   Er172   1       3.905494594E-06   6.266806000E-01   1.267661000E-01   4.999145000E-01   0.000000000E+00 
                 100000  1.000000000E+00 
681730   Er173   1       8.251752150E-03   1.526586100E+00   6.972113000E-01   8.293748000E-01   0.000000000E+00 
                 100000  1.000000000E+00 
681740   Er174   1       3.610141565E-03   1.280000000E+00   6.400000000E-01   6.400000000E-01   0.000000000E+00 
                 100000  1.000000000E+00 
681750   Er175   1       9.627044174E-03   2.442666000E+00   1.221333000E+00   1.221333000E+00   0.000000000E+00 
                 100000  1.000000000E+00 
681760   Er176   1       3.465735903E-02   1.866000000E+00   9.330000000E-01   9.330000000E-01   0.000000000E+00 
                 100000  1.000000000E+00 
681770   Er177   1       2.310490602E-01   3.066000000E+00   1.533000000E+00   1.533000000E+00   0.000000000E+00 
                 100000  1.000000000E+00 
691450   Tm145   1       2.235958647E+05   1.740099000E+00   0.000000000E+00   0.000000000E+00   1.740099000E+00 
                 700000  1.000000000E+00 
691460   Tm146   2       8.664339757E+00   5.042500000E+00   2.239500000E+00   2.239500000E+00   5.635000000E-01 
                 200000  5.000000000E-01 
                 700000  5.000000000E-01 
691461   Tm146m1 2       3.465735903E+00   4.960000000E+00   2.211000000E+00   2.211000000E+00   5.380000000E-01 
                 200000  5.000000000E-01 
                 700000  5.000000000E-01 
691470   Tm147   2       1.195081346E+00   6.213564000E+00   3.027417000E+00   3.027417000E+00   1.587300000E-01 
                 200000  8.500000000E-01 
                 700000  1.500000000E-01 
691480   Tm148   1       9.902102579E-01   8.476000000E+00   4.238000000E+00   4.238000000E+00   0.000000000E+00 
                 200000  1.000000000E+00 
691490   Tm149   2       7.701635340E-01   6.464426500E+00   3.230542000E+00   3.230542000E+00   3.342500000E-03 
                 200000  9.980000000E-01 
                 270000  2.000000000E-03 
691500   Tm150   1       3.150669003E-01   7.480666000E+00   3.740333000E+00   3.740333000E+00   0.000000000E+00 
                 200000  1.000000000E+00 
691501   Tm150m1 1       1.332975347E+02   6.720000000E-01   0.000000000E+00   6.720000000E-01   0.000000000E+00 
                 300000  1.000000000E+00 
691510   Tm151   1       1.662223455E-01   4.219067000E+00   1.618785000E+00   2.600282000E+00   0.000000000E+00 
                 200000  1.000000000E+00 
691511   Tm151m1 1       1.536911709E+06   2.673437830E+00   5.545483000E-02   2.617983000E+00   0.000000000E+00 
                 300000  1.000000000E+00 
691520   Tm152   1       8.664339757E-02   5.819732000E+00   2.909866000E+00   2.909866000E+00   0.000000000E+00 
                 200000  1.000000000E+00 
691521   Tm152m1 1       1.332975347E-01   5.819732000E+00   2.909866000E+00   2.909866000E+00   0.000000000E+00 
                 200000  1.000000000E+00 
691530   Tm153   2       4.683426896E-01   5.051463600E+00   1.602825000E-01   1.260711000E-01   4.765110000E+00 
                 200000  9.000000000E-02 
                 400000  9.100000000E-01 
691531   Tm153m1 2       2.772588722E-01   5.215826000E+00   1.740530000E-01   1.740530000E-01   4.867720000E+00 
                 200000  8.000000000E-02 
                 400000  9.200000000E-01 
691540   Tm154   2       8.557372600E-02   5.260060000E+00   1.254715000E+00   1.254715000E+00   2.750630000E+00 
                 200000  4.600000000E-01 
                 400000  5.400000000E-01 
691541   Tm154m1 2       2.100446002E-01   5.245599000E+00   1.145609000E+00   1.145609000E+00   2.954381000E+00 
                 200000  4.200000000E-01 
                 400000  5.800000000E-01 
691550   Tm155   2       3.209014725E-02   3.727663290E+00   1.843487000E+00   1.843487000E+00   4.068929000E-02 
                 200000  9.911000000E-01 
                 400000  8.900000000E-03 
691551   Tm155m1 2       1.540327068E-02   3.766606000E+00   1.837173000E+00   1.837173000E+00   9.226000000E-02 
                 200000  9.800000000E-01 
                 400000  2.000000000E-02 
691560   Tm156   2       8.271446069E-03   4.914986112E+00   2.456190000E+00   2.456190000E+00   2.606112000E-03 
                 200000  9.994000000E-01 
                 400000  6.000000000E-04 
691570   Tm157   1       3.182493942E-03   3.140376000E+00   1.570188000E+00   1.570188000E+00   0.000000000E+00 
                 200000  1.000000000E+00 
691580   Tm158   1       2.902626384E-03   3.335222000E+00   1.594465000E+00   1.740757000E+00   0.000000000E+00 
                 200000  1.000000000E+00 
691590   Tm159   1       1.265328917E-03   2.664652000E+00   1.332326000E+00   1.332326000E+00   0.000000000E+00 
                 200000  1.000000000E+00 
691600   Tm160   1       1.228984363E-03   3.837450000E+00   1.918725000E+00   1.918725000E+00   0.000000000E+00 
                 200000  1.000000000E+00 
691601   Tm160m1 2       9.303989001E-03   4.106006000E-01   1.980560000E-01   2.125446000E-01   0.000000000E+00 
                 200000  1.500000000E-01 
                 300000  8.500000000E-01 
691610   Tm161   1       3.825315566E-04   2.206828000E+00   1.103414000E+00   1.103414000E+00   0.000000000E+00 
                 200000  1.000000000E+00 
691620   Tm162   1       5.323711064E-04   3.239374000E+00   1.619687000E+00   1.619687000E+00   0.000000000E+00 
                 200000  1.000000000E+00 
691621   Tm162m1 2       2.852457533E-02   6.154812000E-01   3.077406000E-01   3.077406000E-01   0.000000000E+00 
                 200000  1.900000000E-01 
                 300000  8.100000000E-01 
691630   Tm163   1       1.063761787E-04   1.348183110E+00   6.760611000E-02   1.280577000E+00   0.000000000E+00 
                 200000  1.000000000E+00 
691640   Tm164   1       5.776226505E-03   1.311990000E+00   5.737522000E-01   7.382378000E-01   0.000000000E+00 
                 200000  1.000000000E+00 
691641   Tm164m1 2       2.265186865E-03   5.684000000E-01   2.642000000E-01   3.042000000E-01   0.000000000E+00 
                 200000  2.000000000E-01 
                 300000  8.000000000E-01 
691650   Tm165   1       6.405219012E-06   5.911516900E-01   5.888759000E-02   5.322641000E-01   0.000000000E+00 
                 200000  1.000000000E+00 
691660   Tm166   1       2.500530954E-05   2.076759840E+00   8.264984000E-02   1.994110000E+00   0.000000000E+00 
                 200000  1.000000000E+00 
691661   Tm166m1 1       2.038668178E+00   1.093000000E-01   0.000000000E+00   1.093000000E-01   0.000000000E+00 
                 300000  1.000000000E+00 
691670   Tm167   1       8.673012770E-07   2.769961000E-01   1.293656000E-01   1.476305000E-01   0.000000000E+00 
                 200000  1.000000000E+00 
691680   Tm168   2       8.617117951E-08   1.346791210E+00   8.558221000E-02   1.261209000E+00   0.000000000E+00 
                 200000  9.999000000E-01 
                 100000  1.000000000E-04 
691690   Tm169   0       0.000000000E+00   0.000000000E+00   0.000000000E+00   0.000000000E+00   0.000000000E+00 
691700   Tm170   2       6.238364551E-08   3.320448210E-01   3.278510000E-01   4.193821000E-03   0.000000000E+00 
                 100000  9.986900000E-01 
                 200000  1.310000000E-03 
691710   Tm171   1       1.143984867E-08   2.604721320E-02   2.544368000E-02   6.035332000E-04   0.000000000E+00 
                 100000  1.000000000E+00 
691720   Tm172   1       3.027372382E-06   1.000235600E+00   5.266074000E-01   4.736282000E-01   0.000000000E+00 
                 100000  1.000000000E+00 
691730   Tm173   1       2.336661207E-05   6.976449000E-01   3.096092000E-01   3.880357000E-01   0.000000000E+00 
                 100000  1.000000000E+00 
691740   Tm174   1       2.139343150E-03   2.283312900E+00   5.064589000E-01   1.776854000E+00   0.000000000E+00 
                 100000  1.000000000E+00 
691750   Tm175   1       7.600298032E-04   1.590000000E+00   7.950000000E-01   7.950000000E-01   0.000000000E+00 
                 100000  1.000000000E+00 
691760   Tm176   1       6.080238426E-03   2.746666000E+00   1.373333000E+00   1.373333000E+00   0.000000000E+00 
                 100000  1.000000000E+00 
691770   Tm177   1       7.701635340E-03   2.346666000E+00   1.173333000E+00   1.173333000E+00   0.000000000E+00 
                 100000  1.000000000E+00 
691780   Tm178   1       2.310490602E-02   3.734000000E+00   1.867000000E+00   1.867000000E+00   0.000000000E+00 
                 100000  1.000000000E+00 
691790   Tm179   1       3.465735903E-02   3.200000000E+00   1.600000000E+00   1.600000000E+00   0.000000000E+00 
                 100000  1.000000000E+00 
701480   Yb148   1       2.772588722E+00   5.949334000E+00   2.974667000E+00   2.974667000E+00   0.000000000E+00 
                 200000  1.000000000E+00 
701490   Yb149   1       9.902102579E-01   8.149500000E+00   2.716500000E+00   2.716500000E+00   2.716500000E+00 
                 270000  1.000000000E+00 
701500   Yb150   1       3.465735903E+06   5.253334000E+00   2.626667000E+00   2.626667000E+00   0.000000000E+00 
                 200000  1.000000000E+00 
701510   Yb151   1       4.332169878E-01   6.158590000E+00   3.079295000E+00   3.079295000E+00   0.000000000E+00 
                 200000  1.000000000E+00 
701511   Yb151m1 2       4.332169878E-01   6.134054000E+00   3.067027000E+00   3.067027000E+00   0.000000000E+00 
                 200000  9.960159000E-01 
                 300000  3.984063000E-03 
701520   Yb152   1       2.280089410E-01   2.371011000E+00   1.207573000E+00   1.163438000E+00   0.000000000E+00 
                 200000  1.000000000E+00 
701530   Yb153   2       1.650350430E-01   4.409733400E+00   9.274667000E-01   9.274667000E-01   2.554800000E+00 
                 200000  4.000000000E-01 
                 400000  6.000000000E-01 
701540   Yb154   2       1.694736383E+00   5.290924000E+00   1.108890000E-01   1.108890000E-01   5.069146000E+00 
                 400000  9.260000000E-01 
                 200000  7.400000000E-02 
701550   Yb155   2       3.865851537E-01   5.200155200E+00   2.248366000E-01   2.248366000E-01   4.750482000E+00 
                 200000  1.100000000E-01 
                 400000  8.900000000E-01 
701560   Yb156   2       2.655736324E-02   2.626279000E+00   1.072601000E+00   1.072601000E+00   4.810770000E-01 
                 400000  1.000000000E-01 
                 200000  9.000000000E-01 
701570   Yb157   2       1.795718084E-02   3.517186200E+00   1.747040000E+00   1.747040000E+00   2.310620000E-02 
                 200000  9.950000000E-01 
                 400000  5.000000000E-03 
701580   Yb158   2       7.753324167E-03   1.792301219E+00   8.961068000E-01   8.961068000E-01   8.761898000E-05 
                 400000  2.099955000E-05 
                 200000  9.999790000E-01 
701590   Yb159   1       6.917636533E-03   3.151616000E+00   1.575808000E+00   1.575808000E+00   0.000000000E+00 
                 200000  1.000000000E+00 
701600   Yb160   1       2.406761044E-03   3.384334300E-01   5.268213000E-02   2.857513000E-01   0.000000000E+00 
                 200000  1.000000000E+00 
701610   Yb161   1       2.750584050E-03   2.702996000E+00   1.351498000E+00   1.351498000E+00   0.000000000E+00 
                 200000  1.000000000E+00 
701620   Yb162   1       6.122126661E-04   2.863081500E-01   3.441555000E-02   2.518926000E-01   0.000000000E+00 
                 200000  1.000000000E+00 
701630   Yb163   1       1.045470861E-03   2.287240000E+00   1.143620000E+00   1.143620000E+00   0.000000000E+00 
                 200000  1.000000000E+00 
701640   Yb164   1       1.524070318E-04   6.302326600E-02   9.458566000E-03   5.356470000E-02   0.000000000E+00 
                 200000  1.000000000E+00 
701650   Yb165   1       1.166914445E-03   4.531962000E-01   1.349289000E-01   3.182673000E-01   0.000000000E+00 
                 200000  1.000000000E+00 
701660   Yb166   1       3.395782778E-06   1.266788900E-01   4.041449000E-02   8.626440000E-02   0.000000000E+00 
                 200000  1.000000000E+00 
701670   Yb167   1       6.601401720E-04   3.437551400E-01   8.250164000E-02   2.612535000E-01   0.000000000E+00 
                 200000  1.000000000E+00 
701680   Yb168   0       0.000000000E+00   0.000000000E+00   0.000000000E+00   0.000000000E+00   0.000000000E+00 
701690   Yb169   1       2.505633516E-07   4.301314000E-01   1.173138000E-01   3.128176000E-01   0.000000000E+00 
                 200000  1.000000000E+00 
701691   Yb169m1 1       1.506841697E-02   2.179568400E-02   2.050374000E-02   1.291944000E-03   0.000000000E+00 
                 300000  1.000000000E+00 
701700   Yb170   0       0.000000000E+00   0.000000000E+00   0.000000000E+00   0.000000000E+00   0.000000000E+00 
701710   Yb171   0       0.000000000E+00   0.000000000E+00   0.000000000E+00   0.000000000E+00   0.000000000E+00 
701711   Yb171m1 1       1.320280344E+02   9.530000000E-02   0.000000000E+00   9.530000000E-02   0.000000000E+00 
                 300000  1.000000000E+00 
701720   Yb172   0       0.000000000E+00   0.000000000E+00   0.000000000E+00   0.000000000E+00   0.000000000E+00 
701730   Yb173   0       0.000000000E+00   0.000000000E+00   0.000000000E+00   0.000000000E+00   0.000000000E+00 
701740   Yb174   0       0.000000000E+00   0.000000000E+00   0.000000000E+00   0.000000000E+00   0.000000000E+00 
701750   Yb175   1       1.916974149E-06   2.006966400E-01   1.208809000E-01   7.981574000E-02   0.000000000E+00 
                 100000  1.000000000E+00 
701751   Yb175m1 1       1.016344840E+01   5.150000000E-01   0.000000000E+00   5.150000000E-01   0.000000000E+00 
                 300000  1.000000000E+00 
701760   Yb176   0       0.000000000E+00   0.000000000E+00   0.000000000E+00   0.000000000E+00   0.000000000E+00 
701761   Yb176m1 1       6.080238426E-02   1.052904100E+00   1.517398000E-01   9.011643000E-01   0.000000000E+00 
                 300000  1.000000000E+00 
701770   Yb177   1       1.007539945E-04   6.257892000E-01   4.267671000E-01   1.990221000E-01   0.000000000E+00 
                 100000  1.000000000E+00 
701771   Yb177m1 1       1.081352856E-01   3.309869000E-01   1.811098000E-01   1.498771000E-01   0.000000000E+00 
                 300000  1.000000000E+00 
701780   Yb178   1       1.561142299E-04   4.298046000E-01   2.149023000E-01   2.149023000E-01   0.000000000E+00 
                 100000  1.000000000E+00 
701790   Yb179   1       1.444056626E-03   1.588215000E+00   6.950107000E-01   8.932043000E-01   0.000000000E+00 
                 100000  1.000000000E+00 
701800   Yb180   1       4.813522087E-03   1.520666600E+00   7.603333000E-01   7.603333000E-01   0.000000000E+00 
                 100000  1.000000000E+00 
701810   Yb181   1       1.155245301E-02   2.600000000E+00   1.300000000E+00   1.300000000E+00   0.000000000E+00 
                 100000  1.000000000E+00 
711500   Lu150   2       1.611970187E+01   3.806048000E+00   1.471360000E+00   1.471360000E+00   8.633280000E-01 
                 200000  3.200000000E-01 
                 700000  6.800000000E-01 
711510   Lu151   2       8.599840950E+00   3.554242000E+00   1.383724000E+00   1.383724000E+00   7.867940000E-01 
                 200000  3.660000000E-01 
                 700000  6.340000000E-01 
711520   Lu152   2       9.902102579E-01   8.433920500E+00   4.028129000E+00   4.028129000E+00   3.776625000E-01 
                 200000  8.500000000E-01 
                 270000  1.500000000E-01 
711530   Lu153   2       7.701635340E-01   3.975800000E+00   8.651000000E-01   8.651000000E-01   2.245600000E+00 
                 200000  3.000000000E-01 
                 400000  7.000000000E-01 
711531   Lu153m1 2       6.931471806E-01   4.433664000E+00   1.441832000E+00   1.441832000E+00   1.550000000E+00 
                 200000  5.000000000E-01 
                 400000  5.000000000E-01 
711540   Lu154   1       3.465735903E-01   6.910666000E+00   3.455333000E+00   3.455333000E+00   0.000000000E+00 
                 200000  1.000000000E+00 
711541   Lu154m1 1       6.188814112E-01   6.910666000E+00   3.455333000E+00   3.455333000E+00   0.000000000E+00 
                 200000  1.000000000E+00 
711550   Lu155   2       1.019334089E+01   5.752398800E+00   2.649754000E-01   2.649754000E-01   5.222448000E+00 
                 200000  1.000000000E-01 
                 400000  9.000000000E-01 
711551   Lu155m1 2       5.022805656E+00   5.701158000E+00   6.378390000E-01   6.378390000E-01   4.425480000E+00 
                 200000  2.400000000E-01 
                 400000  7.600000000E-01 
711552   Lu155m2 1       2.576755318E+02   7.584000000E+00   0.000000000E+00   0.000000000E+00   7.584000000E+00 
                 400000  1.000000000E+00 
711560   Lu156   2       1.403131944E+00   5.633105200E+00   1.585761000E-01   1.585761000E-01   5.315953000E+00 
                 200000  5.000000000E-02 
                 400000  9.500000000E-01 
711561   Lu156m1 1       3.500743336E+00   5.595740000E+00   0.000000000E+00   0.000000000E+00   5.595740000E+00 
                 400000  1.000000000E+00 
711570   Lu157   1       1.019334089E-01   5.107320000E+00   0.000000000E+00   0.000000000E+00   5.107320000E+00 
                 400000  1.000000000E+00 
711571   Lu157m1 2       1.447071358E-01   4.693454000E+00   2.192707000E+00   2.192707000E+00   3.080400000E-01 
                 200000  9.400000000E-01 
                 400000  6.000000000E-02 
711580   Lu158   2       6.539124345E-02   5.857162550E+00   2.906787000E+00   2.906787000E+00   4.358855000E-02 
                 200000  9.909000000E-01 
                 400000  9.100000000E-03 
711590   Lu159   2       5.728489096E-02   4.085740959E+00   2.040625000E+00   2.040625000E+00   4.490959000E-03 
                 200000  9.990010000E-01 
                 400000  9.990010000E-04 
711600   Lu160   2       1.920075292E-02   5.266452145E+00   2.633224000E+00   2.633224000E+00   4.144966000E-06 
                 200000  9.999990000E-01 
                 400000  9.999990000E-07 
711601   Lu160m1 1       1.732867951E-02   5.266454000E+00   2.633227000E+00   2.633227000E+00   0.000000000E+00 
                 200000  1.000000000E+00 
711610   Lu161   1       9.001911436E-03   3.521246000E+00   1.760623000E+00   1.760623000E+00   0.000000000E+00 
                 200000  1.000000000E+00 
711611   Lu161m1 1       9.495166857E+01   1.660000000E-01   0.000000000E+00   1.660000000E-01   0.000000000E+00 
                 300000  1.000000000E+00 
711620   Lu162   1       8.432447452E-03   4.663108000E+00   2.331554000E+00   2.331554000E+00   0.000000000E+00 
                 200000  1.000000000E+00 
711621   Lu162m1 1       7.701635340E-03   4.663108000E+00   2.331554000E+00   2.331554000E+00   0.000000000E+00 
                 200000  1.000000000E+00 
711622   Lu162m2 1       6.080238426E-03   4.663108000E+00   2.331554000E+00   2.331554000E+00   0.000000000E+00 
                 200000  1.000000000E+00 
711630   Lu163   1       2.909937786E-03   3.008536000E+00   1.504268000E+00   1.504268000E+00   0.000000000E+00 
                 200000  1.000000000E+00 
711640   Lu164   1       3.679125162E-03   4.253564000E+00   2.126782000E+00   2.126782000E+00   0.000000000E+00 
                 200000  1.000000000E+00 
711650   Lu165   1       1.075647394E-03   2.563300000E+00   1.281650000E+00   1.281650000E+00   0.000000000E+00 
                 200000  1.000000000E+00 
711660   Lu166   1       4.359416230E-03   2.713145300E+00   5.451043000E-01   2.168041000E+00   0.000000000E+00 
                 200000  1.000000000E+00 
711661   Lu166m1 2       8.193229085E-03   2.182488000E+00   1.084020000E+00   1.098468000E+00   0.000000000E+00 
                 200000  5.800000000E-01 
                 300000  4.200000000E-01 
711662   Lu166m2 2       5.449270287E-03   3.000792000E+00   1.496106000E+00   1.504686000E+00   0.000000000E+00 
                 200000  8.000000000E-01 
                 300000  2.000000000E-01 
711670   Lu167   1       2.243194759E-04   1.339475400E+00   1.062404000E-01   1.233235000E+00   0.000000000E+00 
                 200000  1.000000000E+00 
711671   Lu167m1 2       1.155245301E-02   1.030976000E+00   5.154880000E-01   5.154880000E-01   0.000000000E+00 
                 200000  5.000000000E-01 
                 300000  5.000000000E-01 
711680   Lu168   1       2.100446002E-03   3.006996000E+00   1.503498000E+00   1.503498000E+00   0.000000000E+00 
                 200000  1.000000000E+00 
711681   Lu168m1 2       1.724246718E-03   2.505943400E+00   1.725114000E-01   2.333432000E+00   0.000000000E+00 
                 200000  9.960000000E-01 
                 300000  4.000000000E-03 
711690   Lu169   1       5.652991294E-06   1.200134720E+00   4.364472000E-02   1.156490000E+00   0.000000000E+00 
                 200000  1.000000000E+00 
711691   Lu169m1 1       4.332169878E-03   2.659307300E-02   2.514678000E-02   1.446293000E-03   0.000000000E+00 
                 300000  1.000000000E+00 
711700   Lu170   1       3.987344340E-06   2.561143730E+00   5.398873000E-02   2.507155000E+00   0.000000000E+00 
                 200000  1.000000000E+00 
711701   Lu170m1 1       1.034548031E+00   8.551069300E-02   8.214222000E-02   3.368473000E-03   0.000000000E+00 
                 300000  1.000000000E+00 
711710   Lu171   1       9.736088364E-07   7.331086200E-01   8.568612000E-02   6.474225000E-01   0.000000000E+00 
                 200000  1.000000000E+00 
711711   Lu171m1 1       8.774014944E-03   6.951906100E-02   6.749816000E-02   2.020901000E-03   0.000000000E+00 
                 300000  1.000000000E+00 
711720   Lu172   1       1.197393554E-06   2.058571600E+00   1.105106000E-01   1.948061000E+00   0.000000000E+00 
                 200000  1.000000000E+00 
711721   Lu172m1 1       3.122284597E-03   3.544322840E-02   3.502105000E-02   4.221784000E-04   0.000000000E+00 
                 300000  1.000000000E+00 
711730   Lu173   1       1.603248886E-08   2.305738300E-01   4.957083000E-02   1.810030000E-01   0.000000000E+00 
                 200000  1.000000000E+00 
711740   Lu174   1       6.635800445E-09   1.580403100E-01   4.245381000E-02   1.155865000E-01   0.000000000E+00 
                 200000  1.000000000E+00 
711741   Lu174m1 2       5.649673811E-08   1.671155000E-01   1.076168000E-01   5.949870000E-02   0.000000000E+00 
                 200000  6.200000000E-03 
                 300000  9.938000000E-01 
711750   Lu175   0       0.000000000E+00   0.000000000E+00   0.000000000E+00   0.000000000E+00   0.000000000E+00 
711760   Lu176   1       5.841603787E-19   7.723742000E-01   2.942141000E-01   4.781601000E-01   0.000000000E+00 
                 100000  1.000000000E+00 
711761   Lu176m1 2       5.296860619E-05   4.903203200E-01   4.757757000E-01   1.454462000E-02   0.000000000E+00 
                 100000  9.990500000E-01 
                 200000  9.500000000E-04 
711770   Lu177   1       1.206940998E-06   1.813265900E-01   1.481740000E-01   3.315259000E-02   0.000000000E+00 
                 100000  1.000000000E+00 
711771   Lu177m1 2       5.000333145E-08   2.476352600E-01   7.989046000E-02   1.677448000E-01   0.000000000E+00 
                 300000  2.140000000E-01 
                 100001  7.860000000E-01 
711772   Lu177m2 1       1.777300463E-03   2.133800000E+00   1.066900000E+00   1.066900000E+00   0.000000000E+00 
                 100000  1.000000000E+00 
711780   Lu178   1       4.067765144E-04   8.761029000E-01   7.580936000E-01   1.180093000E-01   0.000000000E+00 
                 100000  1.000000000E+00 
711781   Lu178m1 1       5.001061909E-04   1.535233600E+00   4.877396000E-01   1.047494000E+00   0.000000000E+00 
                 100000  1.000000000E+00 
711790   Lu179   1       4.194790490E-05   5.196962800E-01   4.889162000E-01   3.078008000E-02   0.000000000E+00 
                 100000  1.000000000E+00 
711791   Lu179m1 1       2.235958647E+02   5.920000000E-01   0.000000000E+00   5.920000000E-01   0.000000000E+00 
                 300000  1.000000000E+00 
711800   Lu180   1       2.026746142E-03   2.138133000E+00   6.246810000E-01   1.513452000E+00   0.000000000E+00 
                 100000  1.000000000E+00 
711801   Lu180m1 1       6.931471806E+02   6.240000000E-01   0.000000000E+00   6.240000000E-01   0.000000000E+00 
                 300000  1.000000000E+00 
711810   Lu181   1       3.300700860E-03   1.781333400E+00   8.906667000E-01   8.906667000E-01   0.000000000E+00 
                 100000  1.000000000E+00 
711820   Lu182   1       5.776226505E-03   2.786000000E+00   1.393000000E+00   1.393000000E+00   0.000000000E+00 
                 100000  1.000000000E+00 
711830   Lu183   1       1.195081346E-02   1.821218400E+00   1.123127000E+00   6.980914000E-01   0.000000000E+00 
                 100000  1.000000000E+00 
711840   Lu184   1       3.465735903E-02   3.392666000E+00   1.696333000E+00   1.696333000E+00   0.000000000E+00 
                 100000  1.000000000E+00 
721530   Hf153   1       1.155245301E+05   7.404000000E+00   3.702000000E+00   3.702000000E+00   0.000000000E+00 
                 200000  1.000000000E+00 
721540   Hf154   1       3.465735903E-01   4.556666000E+00   2.278333000E+00   2.278333000E+00   0.000000000E+00 
                 200000  1.000000000E+00 
721550   Hf155   1       7.788170568E-01   5.634666000E+00   2.817333000E+00   2.817333000E+00   0.000000000E+00 
                 200000  1.000000000E+00 
721560   Hf156   1       3.013683394E+01   5.842882000E+00   0.000000000E+00   0.000000000E+00   5.842882000E+00 
                 400000  1.000000000E+00 
721570   Hf157   2       6.301338005E+00   5.778113400E+00   3.606867000E-01   3.606867000E-01   5.056740000E+00 
                 200000  1.400000000E-01 
                 400000  8.600000000E-01 
721580   Hf158   2       2.432095370E-01   4.291889200E+00   9.488036000E-01   9.488036000E-01   2.394282000E+00 
                 400000  4.430000000E-01 
                 200000  5.570000000E-01 
721590   Hf159   2       1.237762822E-01   4.802057000E+00   1.486652000E+00   1.486652000E+00   1.828753000E+00 
                 200000  6.500000000E-01 
                 400000  3.500000000E-01 
721600   Hf160   2       5.096670445E-02   2.902584590E+00   1.434134000E+00   1.434134000E+00   3.431659000E-02 
                 400000  7.000000000E-03 
                 200000  9.930000000E-01 
721610   Hf161   2       3.808500992E-02   4.163135673E+00   2.078514000E+00   2.078514000E+00   6.107673000E-03 
                 200000  9.987000000E-01 
                 400000  1.300000000E-03 
721620   Hf162   2       1.759256803E-02   2.442665351E+00   1.221156000E+00   1.221156000E+00   3.533511000E-04 
                 400000  8.000160000E-05 
                 200000  9.999200000E-01 
721630   Hf163   2       1.732867951E-02   3.670086132E+00   1.835041000E+00   1.835041000E+00   4.131776000E-06 
                 200000  9.999990000E-01 
                 400000  9.999990000E-07 
721640   Hf164   1       6.244569194E-03   1.880552800E+00   9.402764000E-01   9.402764000E-01   0.000000000E+00 
                 200000  1.000000000E+00 
721650   Hf165   1       9.120357639E-03   3.204510000E+00   1.602255000E+00   1.602255000E+00   0.000000000E+00 
                 200000  1.000000000E+00 
721660   Hf166   2       1.706418465E-03   2.532195100E-01   4.164921000E-02   2.115703000E-01   0.000000000E+00 
                 200001  6.261739000E-01 
                 200002  3.738260000E-01 
721670   Hf167   1       5.635342931E-03   2.688912000E+00   1.344456000E+00   1.344456000E+00   0.000000000E+00 
                 200000  1.000000000E+00 
721680   Hf168   1       4.451812335E-04   1.135732600E+00   5.678663000E-01   5.678663000E-01   0.000000000E+00 
                 200000  1.000000000E+00 
721690   Hf169   1       3.565571916E-03   2.240280000E+00   1.120140000E+00   1.120140000E+00   0.000000000E+00 
                 200000  1.000000000E+00 
721700   Hf170   1       1.202628879E-05   7.042294000E-01   3.521147000E-01   3.521147000E-01   0.000000000E+00 
                 200000  1.000000000E+00 
721710   Hf171   1       1.591246971E-05   1.601464000E+00   8.007320000E-01   8.007320000E-01   0.000000000E+00 
                 200000  1.000000000E+00 
721711   Hf171m1 1       2.349651460E-02   1.932539100E-02   1.783875000E-02   1.486641000E-03   0.000000000E+00 
                 300000  1.000000000E+00 
721720   Hf172   1       1.174572699E-08   1.843438700E-01   7.724687000E-02   1.070970000E-01   0.000000000E+00 
                 200001  1.000000000E+00 
721730   Hf173   1       8.158512012E-06   4.455835000E-01   4.953950000E-02   3.960440000E-01   0.000000000E+00 
                 200000  1.000000000E+00 
721740   Hf174   1       1.098225436E-23   2.557471000E+00   0.000000000E+00   0.000000000E+00   2.557471000E+00 
                 400000  1.000000000E+00 
721750   Hf175   1       1.146076687E-07   3.972774500E-01   4.387115000E-02   3.534063000E-01   0.000000000E+00 
                 200000  1.000000000E+00 
721760   Hf176   0       0.000000000E+00   0.000000000E+00   0.000000000E+00   0.000000000E+00   0.000000000E+00 
721770   Hf177   0       0.000000000E+00   0.000000000E+00   0.000000000E+00   0.000000000E+00   0.000000000E+00 
721771   Hf177m1 1       6.359148446E-01   1.518972400E+00   4.722214000E-01   1.046751000E+00   0.000000000E+00 
                 300000  1.000000000E+00 
721772   Hf177m2 1       2.247558951E-04   1.392099500E+00   2.223115000E-01   1.169788000E+00   0.000000000E+00 
                 300001  1.000000000E+00 
721780   Hf178   0       0.000000000E+00   0.000000000E+00   0.000000000E+00   0.000000000E+00   0.000000000E+00 
721781   Hf178m1 1       1.732867951E-01   1.139108500E+00   1.359705000E-01   1.003138000E+00   0.000000000E+00 
                 300000  1.000000000E+00 
721782   Hf178m2 1       7.085325395E-10   1.299773580E+00   6.768058000E-02   1.232093000E+00   0.000000000E+00 
                 300001  1.000000000E+00 
721790   Hf179   0       0.000000000E+00   0.000000000E+00   0.000000000E+00   0.000000000E+00   0.000000000E+00 
721791   Hf179m1 1       3.712625498E-02   3.744407000E-01   1.318639000E-01   2.425768000E-01   0.000000000E+00 
                 300000  1.000000000E+00 
721792   Hf179m2 1       3.202609506E-07   1.100634500E+00   1.804706000E-01   9.201639000E-01   0.000000000E+00 
                 300000  1.000000000E+00 
721800   Hf180   0       0.000000000E+00   0.000000000E+00   0.000000000E+00   0.000000000E+00   0.000000000E+00 
721801   Hf180m1 2       3.500743336E-05   1.114789000E+00   1.280374000E-01   9.867516000E-01   0.000000000E+00 
                 300000  9.970000000E-01 
                 100001  3.000000000E-03 
721810   Hf181   1       1.892554096E-07   7.300997000E-01   1.991068000E-01   5.309929000E-01   0.000000000E+00 
                 100000  1.000000000E+00 
721820   Hf182   1       2.467919165E-15   3.032233700E-01   6.506947000E-02   2.381539000E-01   0.000000000E+00 
                 100000  1.000000000E+00 
721821   Hf182m1 4       1.878447644E-04   1.063561400E+00   2.032488000E-01   8.603126000E-01   0.000000000E+00 
                 100000  4.301644000E-01 
                 100001  3.533465000E-02 
                 300000  4.600000000E-01 
                 100002  7.450090000E-02 
721830   Hf183   1       1.804506874E-04   1.182856800E+00   4.253281000E-01   7.575287000E-01   0.000000000E+00 
                 100000  1.000000000E+00 
721840   Hf184   1       4.673322415E-05   7.107248000E-01   4.698475000E-01   2.408773000E-01   0.000000000E+00 
                 100000  1.000000000E+00 
721841   Hf184m1 1       1.444056626E-02   1.266329700E+00   1.359867000E-01   1.130343000E+00   0.000000000E+00 
                 300000  1.000000000E+00 
721850   Hf185   1       3.300700860E-03   2.024666000E+00   1.012333000E+00   1.012333000E+00   0.000000000E+00 
                 100000  1.000000000E+00 
721860   Hf186   1       4.443251157E-03   1.452000000E+00   7.260000000E-01   7.260000000E-01   0.000000000E+00 
                 100000  1.000000000E+00 
721870   Hf187   1       2.310490602E-02   2.666000000E+00   1.333000000E+00   1.333000000E+00   0.000000000E+00 
                 100000  1.000000000E+00 
721880   Hf188   1       3.465735903E-02   1.956000000E+00   9.780000000E-01   9.780000000E-01   0.000000000E+00 
                 100000  1.000000000E+00 
731550   Ta155   1       2.235958647E+02   1.776000000E+00   0.000000000E+00   0.000000000E+00   1.776000000E+00 
                 700000  1.000000000E+00 
731560   Ta156   1       4.813522087E+00   1.013600000E+00   0.000000000E+00   0.000000000E+00   1.013600000E+00 
                 700000  1.000000000E+00 
731561   Ta156m1 2       1.925408835E+00   7.805582000E+00   3.881497000E+00   3.881497000E+00   4.258800000E-02 
                 200000  9.580000000E-01 
                 700000  4.200000000E-02 
731570   Ta157   2       6.862843372E+01   6.170244000E+00   0.000000000E+00   0.000000000E+00   6.170244000E+00 
                 400000  9.660000000E-01 
                 700000  3.400000000E-02 
731571   Ta157m1 1       1.611970187E+02   6.372318000E+00   0.000000000E+00   0.000000000E+00   6.372318000E+00 
                 400000  1.000000000E+00 
731572   Ta157m2 1       4.077336356E+02   7.941299000E+00   0.000000000E+00   0.000000000E+00   7.941299000E+00 
                 400000  1.000000000E+00 
731580   Ta158   2       1.260267601E+01   6.237512000E+00   3.325500000E-01   3.325500000E-01   5.572412000E+00 
                 200000  9.000000000E-02 
                 400000  9.100000000E-01 
731581   Ta158m1 2       1.888684416E+01   6.325948000E+00   1.870990000E-01   1.870990000E-01   5.951750000E+00 
                 200000  5.000000000E-02 
                 400000  9.500000000E-01 
731590   Ta159   2       8.351170850E-01   5.629777000E+00   1.849134000E+00   1.849134000E+00   1.931509000E+00 
                 200000  6.600000000E-01 
                 400000  3.400000000E-01 
731591   Ta159m1 2       1.345916855E+00   5.700444000E+00   1.270372000E+00   1.270372000E+00   3.159700000E+00 
                 200000  4.500000000E-01 
                 400000  5.500000000E-01 
731600   Ta160   2       4.471917294E-01   6.279976000E+00   2.213573000E+00   2.213573000E+00   1.852830000E+00 
                 200000  6.600000000E-01 
                 400000  3.400000000E-01 
731601   Ta160m1 2       4.077336356E-01   6.079000000E+00   1.677000000E+00   1.677000000E+00   2.725000000E+00 
                 200000  5.000000000E-01 
                 400000  5.000000000E-01 
731610   Ta161   1       2.398433151E-01   5.056666000E+00   2.528333000E+00   2.528333000E+00   0.000000000E+00 
                 200000  1.000000000E+00 
731620   Ta162   2       1.941588741E-01   6.259606956E+00   3.128051000E+00   3.128051000E+00   3.504956000E-03 
                 200000  9.993000000E-01 
                 400000  7.000000000E-04 
731630   Ta163   2       6.539124345E-02   4.497305960E+00   2.243904000E+00   2.243904000E+00   9.497960000E-03 
                 200000  9.980000000E-01 
                 400000  2.000000000E-03 
731640   Ta164   1       4.881318173E-02   4.384089000E+00   2.762169000E+00   1.621920000E+00   0.000000000E+00 
                 200000  1.000000000E+00 
731650   Ta165   1       2.235958647E-02   3.853600000E+00   1.926800000E+00   1.926800000E+00   0.000000000E+00 
                 200000  1.000000000E+00 
731660   Ta166   1       2.014962734E-02   3.861231000E+00   2.379616000E+00   1.481615000E+00   0.000000000E+00 
                 200000  1.000000000E+00 
731670   Ta167   1       8.664339757E-03   3.411132000E+00   1.705566000E+00   1.705566000E+00   0.000000000E+00 
                 200000  1.000000000E+00 
731680   Ta168   1       5.776226505E-03   3.352401000E+00   1.840376000E+00   1.512025000E+00   0.000000000E+00 
                 200000  1.000000000E+00 
731690   Ta169   1       2.357643471E-03   2.950974000E+00   1.475487000E+00   1.475487000E+00   0.000000000E+00 
                 200000  1.000000000E+00 
731700   Ta170   1       1.708942753E-03   2.648193000E+00   1.592631000E+00   1.055562000E+00   0.000000000E+00 
                 200000  1.000000000E+00 
731710   Ta171   1       4.958134339E-04   2.474048000E+00   1.237024000E+00   1.237024000E+00   0.000000000E+00 
                 200000  1.000000000E+00 
731720   Ta172   1       3.139253535E-04   2.258881400E+00   4.909114000E-01   1.767970000E+00   0.000000000E+00 
                 200000  1.000000000E+00 
731730   Ta173   1       6.131875270E-05   7.400811000E-01   1.619305000E-01   5.781506000E-01   0.000000000E+00 
                 200000  1.000000000E+00 
731740   Ta174   1       1.688955118E-04   1.440156200E+00   4.626547000E-01   9.775015000E-01   0.000000000E+00 
                 200000  1.000000000E+00 
731750   Ta175   1       1.833722700E-05   1.021247000E+00   5.496420000E-02   9.662828000E-01   0.000000000E+00 
                 200000  1.000000000E+00 
731760   Ta176   1       2.379986199E-05   2.304190130E+00   7.543913000E-02   2.228751000E+00   0.000000000E+00 
                 200000  1.000000000E+00 
731761   Ta176m1 1       6.301338005E+02   1.030000000E-01   0.000000000E+00   1.030000000E-01   0.000000000E+00 
                 300000  1.000000000E+00 
731762   Ta176m2 1       7.145847222E+02   2.771000000E+00   0.000000000E+00   2.771000000E+00   0.000000000E+00 
                 300000  1.000000000E+00 
731770   Ta177   1       3.404188180E-06   8.968206000E-02   2.267473000E-02   6.700733000E-02   0.000000000E+00 
                 200000  1.000000000E+00 
731780   Ta178   1       1.240864985E-03   1.576452000E-01   3.655320000E-02   1.210920000E-01   0.000000000E+00 
                 200000  1.000000000E+00 
731781   Ta178m1 1       8.158512012E-05   1.291334000E+00   6.456670000E-01   6.456670000E-01   0.000000000E+00 
                 200000  1.000000000E+00 
731782   Ta178m2 1       1.195081346E+01   1.467000000E+00   0.000000000E+00   1.467000000E+00   0.000000000E+00 
                 300000  1.000000000E+00 
731790   Ta179   1       1.206841181E-08   3.396922600E-02   7.166046000E-03   2.680318000E-02   0.000000000E+00 
                 200000  1.000000000E+00 
731791   Ta179m1 1       7.701635340E+01   1.317000000E+00   0.000000000E+00   1.317000000E+00   0.000000000E+00 
                 300000  1.000000000E+00 
731792   Ta179m2 1       1.281233236E+01   2.639500000E+00   0.000000000E+00   2.639500000E+00   0.000000000E+00 
                 300000  1.000000000E+00 
731800   Ta180   2       2.361305905E-05   1.025057700E-01   5.485796000E-02   4.764781000E-02   0.000000000E+00 
                 200000  8.600000000E-01 
                 100000  1.400000000E-01 
731801   Ta180m1 0       0.000000000E+00   0.000000000E+00   0.000000000E+00   0.000000000E+00   0.000000000E+00 
731810   Ta181   0       0.000000000E+00   0.000000000E+00   0.000000000E+00   0.000000000E+00   0.000000000E+00 
731820   Ta182   1       6.991926801E-08   1.515610000E+00   2.091970000E-01   1.306413000E+00   0.000000000E+00 
                 100000  1.000000000E+00 
731821   Ta182m1 1       2.449283324E+00   1.217552500E-02   1.101568000E-02   1.159845000E-03   0.000000000E+00 
                 300000  1.000000000E+00 
731822   Ta182m2 1       7.293215284E-04   5.051713000E-01   2.436444000E-01   2.615269000E-01   0.000000000E+00 
                 300001  1.000000000E+00 
731830   Ta183   2       1.573046434E-06   6.343278000E-01   3.429088000E-01   2.914190000E-01   0.000000000E+00 
                 100000  9.490050000E-01 
                 100001  5.099500000E-02 
731840   Ta184   1       2.213113603E-05   2.126652600E+00   5.575666000E-01   1.569086000E+00   0.000000000E+00 
                 100000  1.000000000E+00 
731850   Ta185   1       2.338553241E-04   8.745154000E-01   7.303473000E-01   1.441681000E-01   0.000000000E+00 
                 100000  1.000000000E+00 
731851   Ta185m1 1       3.465735903E+02   1.258000000E+00   0.000000000E+00   1.258000000E+00   0.000000000E+00 
                 300000  1.000000000E+00 
731860   Ta186   1       1.100233620E-03   2.428384000E+00   1.124584000E+00   1.303800000E+00   0.000000000E+00 
                 100000  1.000000000E+00 
731870   Ta187   1       5.776226505E-03   2.092666000E+00   1.046333000E+00   1.046333000E+00   0.000000000E+00 
                 100000  1.000000000E+00 
731880   Ta188   1       3.465735903E-02   3.236000000E+00   1.618000000E+00   1.618000000E+00   0.000000000E+00 
                 100000  1.000000000E+00 
731890   Ta189   1       2.310490602E-01   2.432666000E+00   1.216333000E+00   1.216333000E+00   0.000000000E+00 
                 100000  1.000000000E+00 
731900   Ta190   1       2.310490602E+00   3.734000000E+00   1.867000000E+00   1.867000000E+00   0.000000000E+00 
                 100000  1.000000000E+00 
741580   W158    1       5.545177444E+02   6.608165000E+00   0.000000000E+00   0.000000000E+00   6.608165000E+00 
                 400000  1.000000000E+00 
741590   W159    2       9.495166857E+01   6.450108000E+00   3.074000000E-03   3.074000000E-03   6.443960000E+00 
                 200000  1.000000000E-03 
                 400000  9.990000000E-01 
741600   W160    2       7.617001984E+00   5.841374000E+00   2.821870000E-01   2.821870000E-01   5.277000000E+00 
                 200000  1.300000000E-01 
                 400000  8.700000000E-01 
741610   W161    2       1.694736383E+00   5.817790000E+00   7.470000000E-01   7.470000000E-01   4.323790000E+00 
                 200000  2.700000000E-01 
                 400000  7.300000000E-01 
741620   W162    2       5.096670445E-01   4.677914000E+00   1.055894000E+00   1.055894000E+00   2.566126000E+00 
                 200000  5.480000000E-01 
                 400000  4.520000000E-01 
741630   W163    2       2.475525645E-01   5.144083700E+00   2.213275000E+00   2.213275000E+00   7.175337000E-01 
                 200000  8.700000000E-01 
                 400000  1.300000000E-01 
741640   W164    2       1.100233620E-01   3.438710500E+00   1.619063000E+00   1.619063000E+00   2.005845000E-01 
                 400000  3.800000000E-02 
                 200000  9.620000000E-01 
741650   W165    2       1.359112119E-01   4.662825490E+00   2.326391000E+00   2.326391000E+00   1.004349000E-02 
                 200000  9.980039000E-01 
                 400000  1.996008000E-03 
741660   W166    2       3.610141565E-02   1.138498217E+00   6.124899000E-01   5.243097000E-01   1.698617000E-03 
                 400000  3.500000000E-04 
                 200000  9.996500000E-01 
741670   W167    2       3.483151661E-02   4.175205100E+00   2.086648000E+00   2.086648000E+00   1.909100000E-03 
                 200000  9.996000000E-01 
                 400000  4.000000000E-04 
741680   W168    2       1.307824869E-02   2.335880201E+00   1.167868000E+00   1.167868000E+00   1.442012000E-04 
                 400000  3.199897000E-05 
                 200000  9.999680000E-01 
741690   W169    1       9.366853791E-03   3.581774000E+00   1.790887000E+00   1.790887000E+00   0.000000000E+00 
                 200000  1.000000000E+00 
741700   W170    1       4.773740913E-03   1.896200600E+00   9.481003000E-01   9.481003000E-01   0.000000000E+00 
                 200000  1.000000000E+00 
741710   W171    1       4.853971853E-03   3.089456000E+00   1.544728000E+00   1.544728000E+00   0.000000000E+00 
                 200000  1.000000000E+00 
741720   W172    1       1.750371668E-03   1.488527400E+00   7.442637000E-01   7.442637000E-01   0.000000000E+00 
                 200000  1.000000000E+00 
741730   W173    1       1.520059606E-03   2.446104000E+00   1.223052000E+00   1.223052000E+00   0.000000000E+00 
                 200000  1.000000000E+00 
741740   W174    1       3.479654521E-04   1.009118600E+00   5.045593000E-01   5.045593000E-01   0.000000000E+00 
                 200000  1.000000000E+00 
741750   W175    1       3.281946878E-04   1.850568000E+00   9.252840000E-01   9.252840000E-01   0.000000000E+00 
                 200000  1.000000000E+00 
741760   W176    1       7.701635340E-05   4.800000000E-01   2.400000000E-01   2.400000000E-01   0.000000000E+00 
                 200000  1.000000000E+00 
741770   W177    1       8.751858340E-05   9.023612400E-01   8.843534000E-02   8.139259000E-01   0.000000000E+00 
                 200000  1.000000000E+00 
741780   W178    1       3.714137413E-07   2.827311000E-02   1.064505000E-02   1.762806000E-02   0.000000000E+00 
                 200000  1.000000000E+00 
741790   W179    1       3.118070988E-04   6.956357000E-02   1.586064000E-02   5.370293000E-02   0.000000000E+00 
                 200000  1.000000000E+00 
741791   W179m1  2       1.805070783E-03   2.203025300E-01   1.641297000E-01   5.617283000E-02   0.000000000E+00 
                 200000  2.900000000E-03 
                 300000  9.971000000E-01 
741800   W180    1       1.220250055E-26   2.508120000E+00   0.000000000E+00   0.000000000E+00   2.508120000E+00 
                 400000  1.000000000E+00 
741801   W180m1  1       1.267179489E+02   1.529000000E+00   0.000000000E+00   1.529000000E+00   0.000000000E+00 
                 300000  1.000000000E+00 
741810   W181    1       6.619254795E-08   5.184858000E-02   1.082705000E-02   4.102153000E-02   0.000000000E+00 
                 200000  1.000000000E+00 
741820   W182    1       0.000000000E+00   1.771830000E+00   0.000000000E+00   0.000000000E+00   1.771830000E+00 
                 400000  1.000000000E+00 
741830   W183    1       0.000000000E+00   1.680000000E+00   0.000000000E+00   0.000000000E+00   1.680000000E+00 
                 400000  1.000000000E+00 
741831   W183m1  1       1.332975347E-01   2.987621000E-01   1.706814000E-01   1.280807000E-01   0.000000000E+00 
                 300000  1.000000000E+00 
741840   W184    1       0.000000000E+00   1.656180000E+00   0.000000000E+00   0.000000000E+00   1.656180000E+00 
                 400000  1.000000000E+00 
741850   W185    1       1.068247245E-07   1.268963816E-01   1.268462000E-01   5.018160000E-05   0.000000000E+00 
                 100000  1.000000000E+00 
741851   W185m1  1       6.917636533E-03   1.945563300E-01   1.663186000E-01   2.823773000E-02   0.000000000E+00 
                 300000  1.000000000E+00 
741860   W186    1       1.293185038E-28   1.118000000E+00   0.000000000E+00   0.000000000E+00   1.118000000E+00 
                 400000  1.000000000E+00 
741861   W186m1  1       2.310490602E+02   3.543000000E+00   0.000000000E+00   3.543000000E+00   0.000000000E+00 
                 300000  1.000000000E+00 
741870   W187    1       8.022536812E-06   8.177342000E-01   2.736041000E-01   5.441301000E-01   0.000000000E+00 
                 100000  1.000000000E+00 
741880   W188    1       1.149689999E-07   1.014440380E-01   9.956701000E-02   1.877028000E-03   0.000000000E+00 
                 100000  1.000000000E+00 
741890   W189    1       1.079668506E-03   1.666666600E+00   8.333333000E-01   8.333333000E-01   0.000000000E+00 
                 100000  1.000000000E+00 
741900   W190    1       3.850817670E-04   6.146781000E-01   4.677991000E-01   1.468790000E-01   0.000000000E+00 
                 100000  1.000000000E+00 
741901   W190m1  1       2.235958647E+02   2.381000000E+00   0.000000000E+00   2.381000000E+00   0.000000000E+00 
                 300000  1.000000000E+00 
741910   W191    1       3.465735903E-02   2.160000000E+00   1.080000000E+00   1.080000000E+00   0.000000000E+00 
                 100000  1.000000000E+00 
741920   W192    1       6.931471806E-02   1.400000000E+00   7.000000000E-01   7.000000000E-01   0.000000000E+00 
                 100000  1.000000000E+00 
751600   Re160   2       8.154672712E+02   1.767393000E+00   0.000000000E+00   0.000000000E+00   1.767393000E+00 
                 400000  9.000000000E-02 
                 700000  9.100000000E-01 
751610   Re161   1       1.873370758E+03   1.197230000E+00   0.000000000E+00   0.000000000E+00   1.197230000E+00 
                 700000  1.000000000E+00 
751611   Re161m1 2       4.443251157E+01   6.205551000E+00   0.000000000E+00   0.000000000E+00   6.205551000E+00 
                 400000  9.520000000E-01 
                 700000  4.800000000E-02 
751620   Re162   2       6.478011033E+00   6.331793000E+00   2.329600000E-01   2.329600000E-01   5.865873000E+00 
                 200000  6.000000000E-02 
                 400000  9.400000000E-01 
751621   Re162m1 2       9.001911436E+00   6.545090000E+00   3.546300000E-01   3.546300000E-01   5.835830000E+00 
                 200000  9.000000000E-02 
                 400000  9.100000000E-01 
751630   Re163   2       1.777300463E+00   5.961018000E+00   2.017850000E+00   2.017850000E+00   1.925318000E+00 
                 200000  6.800000000E-01 
                 400000  3.200000000E-01 
751631   Re163m1 2       3.239005517E+00   6.087446000E+00   1.021813000E+00   1.021813000E+00   4.043820000E+00 
                 200000  3.400000000E-01 
                 400000  6.600000000E-01 
751640   Re164   2       1.307824869E+00   6.333260000E+00   1.482600000E+00   1.482600000E+00   3.368060000E+00 
                 200000  4.200000000E-01 
                 400000  5.800000000E-01 
751641   Re164m1 2       7.967208972E-01   7.103874000E+00   3.463547000E+00   3.462547000E+00   1.777800000E-01 
                 200000  9.700000000E-01 
                 400000  3.000000000E-02 
751650   Re165   2       6.931471806E-01   5.561056000E+00   1.367528000E+00   1.367528000E+00   2.826000000E+00 
                 200000  5.000000000E-01 
                 400000  5.000000000E-01 
751651   Re165m1 2       3.300700860E-01   5.529330000E+00   2.395400000E+00   2.395400000E+00   7.385300000E-01 
                 200000  8.700000000E-01 
                 400000  1.300000000E-01 
751660   Re166   2       3.080654136E-01   6.409866000E+00   2.543973000E+00   2.543973000E+00   1.321920000E+00 
                 200000  7.600000000E-01 
                 400000  2.400000000E-01 
751670   Re167   2       1.174825730E-01   4.838450000E+00   2.392830000E+00   2.392830000E+00   5.279000000E-02 
                 200000  9.900000000E-01 
                 400000  1.000000000E-02 
751671   Re167m1 1       2.038668178E-01   5.279000000E+00   0.000000000E+00   0.000000000E+00   5.279000000E+00 
                 400000  1.000000000E+00 
751680   Re168   2       1.575334501E-01   6.063487137E+00   3.031617000E+00   3.031617000E+00   2.531373000E-04 
                 200000  9.999500000E-01 
                 400000  4.999750000E-05 
751690   Re169   2       8.557372600E-02   4.354682384E+00   2.177089000E+00   2.177089000E+00   5.043835000E-04 
                 200000  9.999000000E-01 
                 400000  9.999000000E-05 
751691   Re169m1 2       4.590378679E-02   4.340078680E+00   2.164995000E+00   2.164995000E+00   1.008868000E-02 
                 200000  9.980000000E-01 
                 400000  2.000000000E-03 
751700   Re170   1       7.534208484E-02   5.583740000E+00   2.791870000E+00   2.791870000E+00   0.000000000E+00 
                 200000  1.000000000E+00 
751710   Re171   1       4.560178819E-02   2.264579300E+00   1.279042000E+00   9.855373000E-01   0.000000000E+00 
                 200000  1.000000000E+00 
751720   Re172   1       1.260267601E-02   5.049294000E+00   2.524647000E+00   2.524647000E+00   0.000000000E+00 
                 200000  1.000000000E+00 
751721   Re172m1 1       4.620981204E-02   5.049294000E+00   2.524647000E+00   2.524647000E+00   0.000000000E+00 
                 200000  1.000000000E+00 
751730   Re173   1       5.834572227E-03   3.449012000E+00   1.724506000E+00   1.724506000E+00   0.000000000E+00 
                 200000  1.000000000E+00 
751740   Re174   1       4.813522087E-03   4.369328000E+00   2.184664000E+00   2.184664000E+00   0.000000000E+00 
                 200000  1.000000000E+00 
751750   Re175   1       1.961367234E-03   2.896326000E+00   1.448163000E+00   1.448163000E+00   0.000000000E+00 
                 200000  1.000000000E+00 
751760   Re176   1       2.179708115E-03   2.263877800E+00   9.058298000E-01   1.358048000E+00   0.000000000E+00 
                 200000  1.000000000E+00 
751770   Re177   1       8.251752150E-04   2.288370000E+00   1.144185000E+00   1.144185000E+00   0.000000000E+00 
                 200000  1.000000000E+00 
751780   Re178   1       8.751858340E-04   3.175006000E+00   1.587503000E+00   1.587503000E+00   0.000000000E+00 
                 200000  1.000000000E+00 
751790   Re179   1       5.924334877E-04   1.056721730E+00   5.885653000E-02   9.978652000E-01   0.000000000E+00 
                 200000  1.000000000E+00 
751800   Re180   1       4.734611889E-03   1.355452100E+00   1.612961000E-01   1.194156000E+00   0.000000000E+00 
                 200000  1.000000000E+00 
751810   Re181   1       9.675421281E-06   9.311727000E-01   1.280776000E-01   8.030951000E-01   0.000000000E+00 
                 200000  1.000000000E+00 
751820   Re182   1       3.008451305E-06   1.992546700E+00   1.923117000E-01   1.800235000E+00   0.000000000E+00 
                 200000  1.000000000E+00 
751821   Re182m1 1       1.516069949E-05   1.292211560E+00   8.861256000E-02   1.203599000E+00   0.000000000E+00 
                 200000  1.000000000E+00 
751830   Re183   1       1.146076687E-07   2.591780000E-01   1.033796000E-01   1.557984000E-01   0.000000000E+00 
                 200000  1.000000000E+00 
751831   Re183m1 1       6.664876736E+02   1.869648500E+00   2.982865000E-01   1.571362000E+00   0.000000000E+00 
                 300000  1.000000000E+00 
751840   Re184   1       2.266253337E-07   9.507763400E-01   5.448984000E-02   8.962865000E-01   0.000000000E+00 
                 200000  1.000000000E+00 
751841   Re184m1 2       4.747063202E-08   5.173541000E-01   1.339070000E-01   3.834471000E-01   0.000000000E+00 
                 200000  2.550000000E-01 
                 300000  7.450000000E-01 
751850   Re185   0       0.000000000E+00   0.000000000E+00   0.000000000E+00   0.000000000E+00   0.000000000E+00 
751860   Re186   2       2.157582043E-06   3.569628500E-01   3.361814000E-01   2.078145000E-02   0.000000000E+00 
                 100000  9.253000000E-01 
                 200000  7.470000000E-02 
751861   Re186m1 1       1.098225436E-13   1.428341300E-01   1.228856000E-01   1.994853000E-02   0.000000000E+00 
                 300000  1.000000000E+00 
751870   Re187   1       5.072649956E-19   6.177000000E-04   6.177000000E-04   0.000000000E+00   0.000000000E+00 
                 100000  1.000000000E+00 
751880   Re188   1       1.132327002E-05   8.384293700E-01   7.774490000E-01   6.098037000E-02   0.000000000E+00 
                 100000  1.000000000E+00 
751881   Re188m1 1       6.214337283E-04   1.605892000E-01   8.866894000E-02   7.192026000E-02   0.000000000E+00 
                 300000  1.000000000E+00 
751890   Re189   2       7.923493148E-06   3.829805700E-01   3.277420000E-01   5.523857000E-02   0.000000000E+00 
                 100000  8.975795000E-01 
                 100001  1.024205000E-01 
751900   Re190   1       3.726597745E-03   2.021738900E+00   6.847049000E-01   1.337034000E+00   0.000000000E+00 
                 100000  1.000000000E+00 
751901   Re190m1 2       6.016902609E-05   1.310682000E+00   6.074610000E-01   7.032210000E-01   0.000000000E+00 
                 100000  5.440000000E-01 
                 300000  4.560000000E-01 
751910   Re191   1       1.178821736E-03   1.363334000E+00   6.816670000E-01   6.816670000E-01   0.000000000E+00 
                 100000  1.000000000E+00 
751920   Re192   1       4.332169878E-02   2.740000000E+00   1.370000000E+00   1.370000000E+00   0.000000000E+00 
                 100000  1.000000000E+00 
751930   Re193   1       1.335543701E-02   2.120000000E+00   1.060000000E+00   1.060000000E+00   0.000000000E+00 
                 100000  1.000000000E+00 
751940   Re194   1       6.931471806E-01   3.332000000E+00   1.666000000E+00   1.666000000E+00   0.000000000E+00 
                 100000  1.000000000E+00 
761620   Os162   1       3.381205759E+02   6.765012000E+00   0.000000000E+00   0.000000000E+00   6.765012000E+00 
                 400000  1.000000000E+00 
761630   Os163   1       1.260267601E+02   6.677470000E+00   0.000000000E+00   0.000000000E+00   6.677470000E+00 
                 400000  1.000000000E+00 
761640   Os164   2       3.300700860E+01   6.443471660E+00   4.789333000E-02   4.789333000E-02   6.347685000E+00 
                 200000  2.000000000E-02 
                 400000  9.800000000E-01 
761650   Os165   2       9.762636346E+00   6.204246000E+00   1.201467000E+00   1.201467000E+00   3.801312000E+00 
                 200000  4.000000000E-01 
                 400000  6.000000000E-01 
761660   Os166   2       3.483151661E+00   5.765696000E+00   4.274000000E-01   4.274000000E-01   4.910896000E+00 
                 200000  2.000000000E-01 
                 400000  8.000000000E-01 
761670   Os167   2       8.557372600E-01   5.798409000E+00   1.194540000E+00   1.194540000E+00   3.409329000E+00 
                 200000  4.300000000E-01 
                 400000  5.700000000E-01 
761680   Os168   2       3.300700860E-01   4.649598000E+00   1.161199000E+00   1.161199000E+00   2.327200000E+00 
                 400000  4.000000000E-01 
                 200000  6.000000000E-01 
761690   Os169   2       2.020837261E-01   5.192692300E+00   2.204820000E+00   2.204820000E+00   7.830523000E-01 
                 200000  8.630000000E-01 
                 400000  1.370000000E-01 
761700   Os170   2       9.404982097E-02   3.536837200E+00   1.505309000E+00   1.505309000E+00   5.262192000E-01 
                 400000  9.500000000E-02 
                 200000  9.050000000E-01 
761710   Os171   2       8.351170850E-02   3.125575610E+00   1.992008000E+00   1.037061000E+00   9.650661000E-02 
                 200000  9.820000000E-01 
                 400000  1.800000000E-02 
761720   Os172   2       3.610141565E-02   2.861534440E+00   1.425540000E+00   1.425540000E+00   1.045444000E-02 
                 400000  2.000000000E-03 
                 200000  9.980000000E-01 
761730   Os173   2       3.094407056E-02   4.080578520E+00   2.030180000E+00   2.030180000E+00   2.021852000E-02 
                 200000  9.960000000E-01 
                 400000  4.000000000E-03 
761740   Os174   2       1.575334501E-02   2.451682430E+00   1.225354000E+00   1.225354000E+00   9.744300000E-04 
                 400000  2.000000000E-04 
                 200000  9.998000000E-01 
761750   Os175   1       8.251752150E-03   3.455740000E+00   1.727870000E+00   1.727870000E+00   0.000000000E+00 
                 200000  1.000000000E+00 
761760   Os176   1       3.209014725E-03   1.976630000E+00   9.883150000E-01   9.883150000E-01   0.000000000E+00 
                 200000  1.000000000E+00 
761770   Os177   1       3.850817670E-03   2.879760000E+00   1.439880000E+00   1.439880000E+00   0.000000000E+00 
                 200000  1.000000000E+00 
761780   Os178   1       2.310490602E-03   1.404842600E+00   7.024213000E-01   7.024213000E-01   0.000000000E+00 
                 200000  1.000000000E+00 
761790   Os179   1       1.777300463E-03   2.377406000E+00   1.188703000E+00   1.188703000E+00   0.000000000E+00 
                 200000  1.000000000E+00 
761800   Os180   1       5.373233958E-04   9.880000000E-01   4.940000000E-01   4.940000000E-01   0.000000000E+00 
                 200000  1.000000000E+00 
761810   Os181   1       1.100233620E-04   1.972334600E+00   9.861673000E-01   9.861673000E-01   0.000000000E+00 
                 200000  1.000000000E+00 
761811   Os181m1 2       4.278686300E-03   2.012823000E+00   1.006000000E+00   1.006823000E+00   0.000000000E+00 
                 200000  9.900000000E-01 
                 300000  1.000000000E-02 
761820   Os182   1       8.815974519E-06   4.871496000E-01   5.356950000E-02   4.335801000E-01   0.000000000E+00 
                 200000  1.000000000E+00 
761830   Os183   1       1.481083719E-05   6.924495200E-01   7.531772000E-02   6.171318000E-01   0.000000000E+00 
                 200000  1.000000000E+00 
761831   Os183m1 2       1.944857409E-05   1.006100980E+00   3.797358000E-02   9.681274000E-01   0.000000000E+00 
                 200000  8.500000000E-01 
                 300000  1.500000000E-01 
761840   Os184   1       0.000000000E+00   2.963420000E+00   0.000000000E+00   0.000000000E+00   2.963420000E+00 
                 400000  1.000000000E+00 
761850   Os185   1       8.571086338E-08   7.081138100E-01   1.844161000E-02   6.896722000E-01   0.000000000E+00 
                 200000  1.000000000E+00 
761860   Os186   1       1.098225436E-23   2.823120000E+00   0.000000000E+00   0.000000000E+00   2.823120000E+00 
                 400000  1.000000000E+00 
761870   Os187   0       0.000000000E+00   0.000000000E+00   0.000000000E+00   0.000000000E+00   0.000000000E+00 
761880   Os188   0       0.000000000E+00   0.000000000E+00   0.000000000E+00   0.000000000E+00   0.000000000E+00 
761890   Os189   0       0.000000000E+00   0.000000000E+00   0.000000000E+00   0.000000000E+00   0.000000000E+00 
761891   Os189m1 1       3.313956687E-05   3.081000000E-02   0.000000000E+00   3.081000000E-02   0.000000000E+00 
                 300000  1.000000000E+00 
761900   Os190   0       0.000000000E+00   0.000000000E+00   0.000000000E+00   0.000000000E+00   0.000000000E+00 
761901   Os190m1 1       1.166914445E-03   1.701216700E+00   1.125957000E-01   1.588621000E+00   0.000000000E+00 
                 300000  1.000000000E+00 
761910   Os191   1       5.209439488E-07   3.750000000E-02   3.750000000E-02   0.000000000E+00   0.000000000E+00 
                 100001  1.000000000E+00 
761911   Os191m1 1       1.469777737E-05   7.438000000E-02   0.000000000E+00   7.438000000E-02   0.000000000E+00 
                 300000  1.000000000E+00 
761920   Os192   0       0.000000000E+00   0.000000000E+00   0.000000000E+00   0.000000000E+00   0.000000000E+00 
761921   Os192m1 2       1.174825730E-01   2.018432000E+00   1.224400000E-01   1.895992000E+00   0.000000000E+00 
                 100000  1.200000000E-01 
                 300000  8.800000000E-01 
761930   Os193   2       6.394582647E-06   4.443335600E-01   3.794793000E-01   6.485426000E-02   0.000000000E+00 
                 100000  9.966654000E-01 
                 100001  3.334600000E-03 
761940   Os194   1       3.660751454E-09   4.753291100E-02   4.336682000E-02   4.166091000E-03   0.000000000E+00 
                 100000  1.000000000E+00 
761950   Os195   1       1.283605890E-03   1.332000000E+00   6.660000000E-01   6.660000000E-01   0.000000000E+00 
                 100000  1.000000000E+00 
761960   Os196   1       3.310158455E-04   7.740000000E-01   3.870000000E-01   3.870000000E-01   0.000000000E+00 
                 100000  1.000000000E+00 
771640   Ir164   2       4.951051290E+00   7.883000000E+00   2.199000000E+00   2.199000000E+00   3.485000000E+00 
                 200000  5.000000000E-01 
                 400000  5.000000000E-01 
771641   Ir164m1 3       7.296286111E+03   5.988000000E+00   1.481000000E+00   1.481000000E+00   3.026000000E+00 
                 200000  3.300000000E-01 
                 400000  3.300000000E-01 
                 700000  3.400000000E-01 
771650   Ir165   2       6.931471806E+05   4.186000000E+00   0.000000000E+00   0.000000000E+00   4.186000000E+00 
                 400000  5.000000000E-01 
                 700000  5.000000000E-01 
771660   Ir166   2       6.601401720E+01   6.335913000E+00   0.000000000E+00   0.000000000E+00   6.335913000E+00 
                 400000  9.310000000E-01 
                 700000  6.900000000E-02 
771661   Ir166m1 2       4.590378679E+01   6.795949000E+00   0.000000000E+00   0.000000000E+00   6.795949000E+00 
                 400000  9.820000000E-01 
                 700000  1.800000000E-02 
771670   Ir167   3       1.969168127E+01   4.720636400E+00   6.282732000E-01   6.282732000E-01   3.464090000E+00 
                 200000  2.000000000E-01 
                 400000  4.800000000E-01 
                 700000  3.200000000E-01 
771671   Ir167m1 3       2.697070741E+01   6.556846600E+00   6.039333000E-01   6.039333000E-01   5.348980000E+00 
                 200000  2.000000000E-01 
                 400000  7.960000000E-01 
                 700000  4.000000000E-03 
771680   Ir168   1       2.987703364E+00   6.477500000E+00   0.000000000E+00   0.000000000E+00   6.477500000E+00 
                 400000  1.000000000E+00 
771681   Ir168m1 3       4.332169878E+00   6.511704000E+00   7.516670000E-01   7.516670000E-01   5.008370000E+00 
                 200000  2.000000000E-01 
                 400000  7.700000000E-01 
                 700000  3.000000000E-02 
771690   Ir169   2       1.083042470E+00   5.955450000E+00   1.440030000E+00   1.440030000E+00   3.075390000E+00 
                 200000  5.000000000E-01 
                 400000  5.000000000E-01 
771691   Ir169m1 3       2.466715945E+00   5.460394000E+00   4.102470000E-01   4.102470000E-01   4.639900000E+00 
                 200000  1.400000000E-01 
                 400000  7.200000000E-01 
                 700000  1.400000000E-01 
771700   Ir170   2       7.701635340E-01   7.021716000E+00   3.352128000E+00   3.352128000E+00   3.174600000E-01 
                 200000  9.480000000E-01 
                 400000  5.200000000E-02 
771701   Ir170m1 3       8.546820969E-01   4.138605000E+00   1.353284000E+00   1.353284000E+00   1.432037000E+00 
                 200000  3.827160000E-01 
                 400000  2.345679000E-01 
                 300000  3.827160000E-01 
771710   Ir171   3       1.980420516E-01   4.350000000E+00   6.550000000E-01   6.550000000E-01   3.040000000E+00 
                 200000  2.500000000E-01 
                 400000  5.000000000E-01 
                 700000  2.500000000E-01 
771711   Ir171m1 3       4.951051290E-01   4.055503400E+00   7.752202000E-01   7.752202000E-01   2.505063000E+00 
                 200000  2.957746000E-01 
                 400000  4.084507000E-01 
                 700000  2.957746000E-01 
771720   Ir172   2       1.575334501E-01   6.466094000E+00   3.174547000E+00   3.174547000E+00   1.170000000E-01 
                 200000  9.800000000E-01 
                 400000  2.000000000E-02 
771721   Ir172m1 2       3.465735903E-01   6.545800000E+00   2.567950000E+00   2.567950000E+00   1.409900000E+00 
                 200000  7.700000000E-01 
                 400000  2.300000000E-01 
771730   Ir173   2       7.701635340E-02   4.841330000E+00   2.221550000E+00   2.221550000E+00   3.982300000E-01 
                 200000  9.300000000E-01 
                 400000  7.000000000E-02 
771731   Ir173m1 2       3.150669003E-01   4.890906000E+00   2.102613000E+00   2.102613000E+00   6.856800000E-01 
                 200000  8.800000000E-01 
                 400000  1.200000000E-01 
771740   Ir174   2       8.774014944E-02   6.082738500E+00   3.027309000E+00   3.027309000E+00   2.812050000E-02 
                 200000  9.950000000E-01 
                 400000  5.000000000E-03 
771741   Ir174m1 2       1.414586083E-01   6.204075000E+00   3.029325000E+00   3.029325000E+00   1.454250000E-01 
                 200000  9.750000000E-01 
                 400000  2.500000000E-02 
771750   Ir175   2       7.701635340E-02   4.458758290E+00   2.206443000E+00   2.206443000E+00   4.587229000E-02 
                 200000  9.915000000E-01 
                 400000  8.500000000E-03 
771760   Ir176   2       7.967208972E-02   5.483402300E+00   2.660523000E+00   2.660523000E+00   1.623563000E-01 
                 200000  9.690000000E-01 
                 400000  3.100000000E-02 
771770   Ir177   2       2.310490602E-02   2.105800146E+00   1.391611000E+00   7.111146000E-01   3.074546000E-03 
                 200000  9.994000000E-01 
                 400000  6.000000000E-04 
771780   Ir178   1       5.776226505E-02   4.862870000E+00   2.431435000E+00   2.431435000E+00   0.000000000E+00 
                 200000  1.000000000E+00 
771790   Ir179   1       8.774014944E-03   3.295160000E+00   1.647580000E+00   1.647580000E+00   0.000000000E+00 
                 200000  1.000000000E+00 
771800   Ir180   1       7.701635340E-03   4.254222000E+00   2.127111000E+00   2.127111000E+00   0.000000000E+00 
                 200000  1.000000000E+00 
771810   Ir181   1       2.357643471E-03   2.720768000E+00   1.360384000E+00   1.360384000E+00   0.000000000E+00 
                 200000  1.000000000E+00 
771820   Ir182   1       7.701635340E-04   3.704930000E+00   1.852465000E+00   1.852465000E+00   0.000000000E+00 
                 200000  1.000000000E+00 
771830   Ir183   2       1.991802243E-04   1.085541100E+00   1.511431000E-01   9.343980000E-01   0.000000000E+00 
                 200000  6.335411000E-01 
                 200001  3.664588000E-01 
771840   Ir184   1       6.231096553E-05   2.001723800E+00   2.420558000E-01   1.759668000E+00   0.000000000E+00 
                 200000  1.000000000E+00 
771850   Ir185   1       1.337089469E-05   1.649200600E+00   8.246003000E-01   8.246003000E-01   0.000000000E+00 
                 200000  1.000000000E+00 
771860   Ir186   1       1.157096656E-05   2.551018000E+00   1.275509000E+00   1.275509000E+00   0.000000000E+00 
                 200000  1.000000000E+00 
771861   Ir186m1 2       1.013373071E-04   1.913263600E+00   9.566318000E-01   9.566318000E-01   0.000000000E+00 
                 200000  7.500000000E-01 
                 300000  2.500000000E-01 
771870   Ir187   1       1.833722700E-05   3.389373800E-01   4.648288000E-02   2.924545000E-01   0.000000000E+00 
                 200000  1.000000000E+00 
771871   Ir187m1 1       2.287614457E+01   1.860000000E-01   0.000000000E+00   1.860000000E-01   0.000000000E+00 
                 300000  1.000000000E+00 
771880   Ir188   1       4.639539361E-06   2.086114570E+00   4.882557000E-02   2.037289000E+00   0.000000000E+00 
                 200000  1.000000000E+00 
771881   Ir188m1 1       1.650350430E+02   9.250000000E-01   0.000000000E+00   9.250000000E-01   0.000000000E+00 
                 300000  1.000000000E+00 
771890   Ir189   2       6.077679403E-07   1.216860000E-01   4.313485000E-02   7.855115000E-02   0.000000000E+00 
                 200000  9.250032000E-01 
                 200001  7.499680000E-02 
771891   Ir189m1 1       5.211632937E+01   3.642353000E-01   1.349704000E-01   2.292649000E-01   0.000000000E+00 
                 300000  1.000000000E+00 
771892   Ir189m2 1       1.873370758E+02   2.404348600E+00   1.597086000E-01   2.244640000E+00   0.000000000E+00 
                 300000  1.000000000E+00 
771900   Ir190   1       6.810302896E-07   1.548395120E+00   7.313412000E-02   1.475261000E+00   0.000000000E+00 
                 200000  1.000000000E+00 
771901   Ir190m1 1       1.719115031E-04   1.721321010E-02   1.689641000E-02   3.168001000E-04   0.000000000E+00 
                 300000  1.000000000E+00 
771902   Ir190m2 2       6.237152040E-05   8.452135000E-02   2.755058000E-02   5.697077000E-02   0.000000000E+00 
                 200001  9.140000000E-01 
                 300000  8.600000000E-02 
771910   Ir191   0       0.000000000E+00   0.000000000E+00   0.000000000E+00   0.000000000E+00   0.000000000E+00 
771911   Ir191m1 1       1.414874833E-01   1.677538500E-01   9.274135000E-02   7.501250000E-02   0.000000000E+00 
                 300000  1.000000000E+00 
771912   Ir191m2 1       1.260267601E-01   2.046000000E+00   0.000000000E+00   2.046000000E+00   0.000000000E+00 
                 300000  1.000000000E+00 
771920   Ir192   2       1.086667013E-07   1.033368500E+00   2.170769000E-01   8.162916000E-01   0.000000000E+00 
                 100000  9.513000000E-01 
                 200000  4.870000000E-02 
771921   Ir192m1 2       7.967208972E-03   5.480134700E-02   5.213226000E-02   2.669087000E-03   0.000000000E+00 
                 100000  1.750000000E-04 
                 300000  9.998250000E-01 
771922   Ir192m2 1       9.113903556E-11   1.582365130E-01   1.537770000E-01   4.459513000E-03   0.000000000E+00 
                 300000  1.000000000E+00 
771930   Ir193   0       0.000000000E+00   0.000000000E+00   0.000000000E+00   0.000000000E+00   0.000000000E+00 
771931   Ir193m1 1       7.618743411E-07   7.235953260E-02   7.148635000E-02   8.731826000E-04   0.000000000E+00 
                 300000  1.000000000E+00 
771940   Ir194   1       9.986560347E-06   8.938687700E-01   8.028432000E-01   9.102557000E-02   0.000000000E+00 
                 100000  1.000000000E+00 
771941   Ir194m1 1       2.176286281E+01   1.433069900E-01   9.053846000E-02   5.276853000E-02   0.000000000E+00 
                 300000  1.000000000E+00 
771942   Ir194m2 1       4.691541995E-08   2.418083010E+00   8.442701000E-02   2.333656000E+00   0.000000000E+00 
                 100000  1.000000000E+00 
771950   Ir195   1       7.701635340E-05   3.600082800E-01   3.425644000E-01   1.744388000E-02   0.000000000E+00 
                 100000  1.000000000E+00 
771951   Ir195m1 2       5.066865355E-05   6.935166000E-01   3.092490000E-01   3.842676000E-01   0.000000000E+00 
                 100000  9.500000000E-01 
                 300000  5.000000000E-02 
771960   Ir196   1       1.332975347E-02   1.379662300E+00   1.158782000E+00   2.208803000E-01   0.000000000E+00 
                 100000  1.000000000E+00 
771961   Ir196m1 1       1.375292025E-04   2.414000000E+00   1.207000000E+00   1.207000000E+00   0.000000000E+00 
                 100000  1.000000000E+00 
771970   Ir197   1       1.991802243E-03   1.437334000E+00   7.186670000E-01   7.186670000E-01   0.000000000E+00 
                 100000  1.000000000E+00 
771971   Ir197m1 2       1.298028428E-03   1.510502000E+00   7.551070000E-01   7.553950000E-01   0.000000000E+00 
                 100000  9.975000000E-01 
                 300000  2.500000000E-03 
771980   Ir198   1       8.664339757E-02   2.724666000E+00   1.362333000E+00   1.362333000E+00   0.000000000E+00 
                 100000  1.000000000E+00 
771990   Ir199   1       1.066380278E-01   1.994322000E+00   9.971610000E-01   9.971610000E-01   0.000000000E+00 
                 100000  1.000000000E+00 
781660   Pt166   1       2.310490602E+03   7.285810000E+00   0.000000000E+00   0.000000000E+00   7.285810000E+00 
                 400000  1.000000000E+00 
781670   Pt167   1       8.886502315E+02   7.149234000E+00   0.000000000E+00   0.000000000E+00   7.149234000E+00 
                 400000  1.000000000E+00 
781680   Pt168   1       3.465735903E+02   6.945704000E+00   0.000000000E+00   0.000000000E+00   6.945704000E+00 
                 400000  1.000000000E+00 
781690   Pt169   1       9.902102579E+01   6.846230000E+00   0.000000000E+00   0.000000000E+00   6.846230000E+00 
                 400000  1.000000000E+00 
781700   Pt170   1       4.951051290E+01   6.707949000E+00   0.000000000E+00   0.000000000E+00   6.707949000E+00 
                 400000  1.000000000E+00 
781710   Pt171   2       1.359112119E+01   6.594693000E+00   5.973050000E-02   5.973050000E-02   6.475232000E+00 
                 200000  2.000000000E-02 
                 400000  9.800000000E-01 
781720   Pt172   2       7.220283131E+00   6.333625000E+00   1.283800000E-01   1.283800000E-01   6.076865000E+00 
                 400000  9.400000000E-01 
                 200000  6.000000000E-02 
781730   Pt173   2       1.814521415E+00   6.229177400E+00   4.355747000E-01   4.355747000E-01   5.358028000E+00 
                 200000  1.568627000E-01 
                 400000  8.431372000E-01 
781740   Pt174   2       7.796931165E-01   5.587553200E+00   4.439666000E-01   4.439666000E-01   4.699620000E+00 
                 400000  7.600000000E-01 
                 200000  2.400000000E-01 
781750   Pt175   2       2.739712176E-01   5.811237800E+00   9.286239000E-01   9.286239000E-01   3.953990000E+00 
                 200000  3.600000000E-01 
                 400000  6.400000000E-01 
781760   Pt176   2       1.095019243E-01   4.327348000E+00   9.866260000E-01   9.866260000E-01   2.354096000E+00 
                 400000  4.000000000E-01 
                 200000  6.000000000E-01 
781770   Pt177   2       6.539124345E-02   4.519204700E+00   2.098782000E+00   2.098782000E+00   3.216407000E-01 
                 200000  9.430000000E-01 
                 400000  5.700000000E-02 
781780   Pt178   2       3.285057728E-02   3.046702300E+00   1.308776000E+00   1.308776000E+00   4.291503000E-01 
                 400000  7.700000000E-02 
                 200000  9.230000000E-01 
781790   Pt179   2       3.269562172E-02   3.879418400E+00   1.933210000E+00   1.933210000E+00   1.299840000E-02 
                 200000  9.976000000E-01 
                 400000  2.400000000E-03 
781800   Pt180   2       1.237762822E-02   2.369648220E+00   1.176992000E+00   1.176992000E+00   1.566422000E-02 
                 400000  2.991026000E-03 
                 200000  9.970089000E-01 
781810   Pt181   2       1.332975347E-02   3.399482675E+00   1.697683000E+00   1.697683000E+00   4.116675000E-03 
                 400000  7.993605000E-04 
                 200000  9.992006000E-01 
781820   Pt182   2       3.850817670E-03   1.922797388E+00   9.604083000E-01   9.604083000E-01   1.980788000E-03 
                 400000  4.000000000E-04 
                 200000  9.996000000E-01 
781830   Pt183   2       1.777300463E-03   2.949908695E+00   1.474923000E+00   1.474923000E+00   6.269493000E-05 
                 400000  1.299983000E-05 
                 200000  9.999870000E-01 
781831   Pt183m1 1       1.611970187E-02   2.973334000E+00   1.486667000E+00   1.486667000E+00   0.000000000E+00 
                 200000  1.000000000E+00 
781840   Pt184   2       6.677718503E-04   8.717654978E-01   1.917481000E-01   6.799392000E-01   7.819778000E-05 
                 400000  1.700000000E-05 
                 200000  9.999830000E-01 
781841   Pt184m1 1       6.862843372E+02   1.833271200E+00   1.370992000E-01   1.696172000E+00   0.000000000E+00 
                 300000  1.000000000E+00 
781850   Pt185   2       1.629400989E-04   2.434888000E+00   1.217333000E+00   1.217333000E+00   2.220000000E-04 
                 400000  5.000000000E-05 
                 200000  9.999500000E-01 
781851   Pt185m1 2       3.500743336E-04   2.411354000E+00   1.205160000E+00   1.206194000E+00   0.000000000E+00 
                 200000  9.900000000E-01 
                 300000  1.000000000E-02 
781860   Pt186   2       9.256773245E-05   8.723234475E-01   4.361587000E-01   4.361587000E-01   6.047544000E-06 
                 400000  1.399998000E-06 
                 200000  9.999986000E-01 
781870   Pt187   1       8.193229085E-05   9.592836000E-01   1.063172000E-01   8.529664000E-01   0.000000000E+00 
                 200000  1.000000000E+00 
781880   Pt188   2       7.865232169E-07   2.829566586E-01   7.826637000E-02   2.046893000E-01   9.885886000E-07 
                 400000  2.600000000E-07 
                 200000  1.000000000E+00 
781890   Pt189   1       1.771305276E-05   5.733913500E-01   9.102185000E-02   4.823695000E-01   0.000000000E+00 
                 200000  1.000000000E+00 
781900   Pt190   1       3.379161778E-20   3.241842000E+00   0.000000000E+00   0.000000000E+00   3.241842000E+00 
                 400000  1.000000000E+00 
781910   Pt191   2       2.863146614E-06   3.619140900E-01   6.861869000E-02   2.932954000E-01   0.000000000E+00 
                 200000  9.899763000E-01 
                 200001  1.002370000E-02 
781920   Pt192   0       0.000000000E+00   0.000000000E+00   0.000000000E+00   0.000000000E+00   0.000000000E+00 
781930   Pt193   1       4.392901745E-10   8.861772000E-03   6.681132000E-03   2.180640000E-03   0.000000000E+00 
                 200000  1.000000000E+00 
781931   Pt193m1 1       1.852779864E-06   1.398971300E-01   1.282064000E-01   1.169073000E-02   0.000000000E+00 
                 300000  1.000000000E+00 
781940   Pt194   0       0.000000000E+00   0.000000000E+00   0.000000000E+00   0.000000000E+00   0.000000000E+00 
781950   Pt195   0       0.000000000E+00   0.000000000E+00   0.000000000E+00   0.000000000E+00   0.000000000E+00 
781951   Pt195m1 1       2.000632621E-06   2.415633300E-01   1.660601000E-01   7.550323000E-02   0.000000000E+00 
                 300000  1.000000000E+00 
781960   Pt196   0       0.000000000E+00   0.000000000E+00   0.000000000E+00   0.000000000E+00   0.000000000E+00 
781970   Pt197   1       9.679555764E-06   2.698495900E-01   2.466635000E-01   2.318609000E-02   0.000000000E+00 
                 100000  1.000000000E+00 
781971   Pt197m1 2       1.210822032E-04   3.896496100E-01   3.128649000E-01   7.678471000E-02   0.000000000E+00 
                 100001  3.300000000E-02 
                 300000  9.670000000E-01 
781980   Pt198   0       0.000000000E+00   0.000000000E+00   0.000000000E+00   0.000000000E+00   0.000000000E+00 
781990   Pt199   1       3.750796432E-04   7.218698000E-01   5.636699000E-01   1.581999000E-01   0.000000000E+00 
                 100000  1.000000000E+00 
781991   Pt199m1 1       5.096670445E-02   4.229595200E-01   8.127982000E-02   3.416797000E-01   0.000000000E+00 
                 300000  1.000000000E+00 
782000   Pt200   1       1.528102250E-05   4.466660000E-01   2.233330000E-01   2.233330000E-01   0.000000000E+00 
                 100000  1.000000000E+00 
782010   Pt201   1       4.620981204E-03   1.773333400E+00   8.866667000E-01   8.866667000E-01   0.000000000E+00 
                 100000  1.000000000E+00 
782020   Pt202   1       4.375929170E-06   6.546700000E-01   6.546700000E-01   0.000000000E+00   0.000000000E+00 
                 100000  1.000000000E+00 
791690   Au169   2       4.620981204E+03   4.700000000E+00   0.000000000E+00   0.000000000E+00   4.700000000E+00 
                 400000  5.000000000E-01 
                 700000  5.000000000E-01 
791700   Au170   2       2.381949074E+03   2.100165000E+00   0.000000000E+00   0.000000000E+00   2.100165000E+00 
                 400000  1.100000000E-01 
                 700000  8.900000000E-01 
791701   Au170m1 2       1.117979323E+03   3.868000000E+00   0.000000000E+00   0.000000000E+00   3.868000000E+00 
                 400000  4.200000000E-01 
                 700000  5.800000000E-01 
791710   Au171   1       3.648143056E+04   1.451790000E+00   0.000000000E+00   0.000000000E+00   1.451790000E+00 
                 700000  1.000000000E+00 
791711   Au171m1 2       6.795560594E+02   4.742520000E+00   0.000000000E+00   0.000000000E+00   4.742520000E+00 
                 400000  5.400000000E-01 
                 700000  4.600000000E-01 
791720   Au172   3       1.474781235E+02   6.838920000E+00   0.000000000E+00   0.000000000E+00   6.838920000E+00 
                 400000  4.900000000E-01 
                 400001  4.900000000E-01 
                 700000  2.000000000E-02 
791730   Au173   2       2.772588722E+01   6.791097000E+00   1.824360000E-01   1.824360000E-01   6.426225000E+00 
                 200000  6.000000000E-02 
                 400000  9.400000000E-01 
791731   Au173m1 3       4.951051290E+01   6.759866000E+00   1.128130000E-01   1.128130000E-01   6.534240000E+00 
                 200000  4.000000000E-02 
                 400000  9.200000000E-01 
                 700000  4.000000000E-02 
791740   Au174   1       4.986670364E+00   6.699220000E+00   0.000000000E+00   0.000000000E+00   6.699220000E+00 
                 400000  1.000000000E+00 
791741   Au174m1 1       4.255047149E+00   6.699000000E+00   0.000000000E+00   0.000000000E+00   6.699000000E+00 
                 400000  1.000000000E+00 
791750   Au175   1       6.931471806E+00   6.558560000E+00   0.000000000E+00   0.000000000E+00   6.558560000E+00 
                 400000  1.000000000E+00 
791751   Au175m1 2       4.443251157E+00   6.498349400E+00   1.649407000E-01   1.649407000E-01   6.168468000E+00 
                 200000  6.000000000E-02 
                 400000  9.400000000E-01 
791760   Au176   2       6.601401720E-01   6.792000000E+00   1.756500000E+00   1.756500000E+00   3.279000000E+00 
                 200000  5.000000000E-01 
                 400000  5.000000000E-01 
791761   Au176m1 2       5.096670445E-01   7.037834000E+00   1.805667000E+00   1.805667000E+00   3.426500000E+00 
                 200000  5.000000000E-01 
                 400000  5.000000000E-01 
791770   Au177   1       4.741088786E-01   6.296820000E+00   0.000000000E+00   0.000000000E+00   6.296820000E+00 
                 400000  1.000000000E+00 
791771   Au177m1 2       5.874128649E-01   6.002734000E+00   1.064267000E+00   1.064267000E+00   3.874200000E+00 
                 200000  4.000000000E-01 
                 400000  6.000000000E-01 
791780   Au178   2       2.665950694E-01   6.315834000E+00   1.934377000E+00   1.934377000E+00   2.447080000E+00 
                 200000  6.000000000E-01 
                 400000  4.000000000E-01 
791790   Au179   2       2.100446002E-01   5.133424000E+00   1.901036000E+00   1.901036000E+00   1.331352000E+00 
                 200000  7.800000000E-01 
                 400000  2.200000000E-01 
791800   Au180   2       8.557372600E-02   5.892072600E+00   2.893479000E+00   2.893479000E+00   1.051146000E-01 
                 200000  9.820000000E-01 
                 400000  1.800000000E-02 
791810   Au181   2       5.059468471E-02   4.373869600E+00   2.109292000E+00   2.109292000E+00   1.552856000E-01 
                 200000  9.730000000E-01 
                 400000  2.700000000E-02 
791820   Au182   2       4.443251157E-02   5.246054060E+00   2.619435000E+00   2.619435000E+00   7.184060000E-03 
                 200000  9.987000000E-01 
                 400000  1.300000000E-03 
791830   Au183   2       1.619502758E-02   2.124257000E+00   7.783734000E-01   1.326230000E+00   1.965360000E-02 
                 200000  9.964000000E-01 
                 400000  3.600000000E-03 
791840   Au184   1       3.364792139E-02   4.676000000E+00   2.338000000E+00   2.338000000E+00   0.000000000E+00 
                 200000  1.000000000E+00 
791841   Au184m1 2       1.456191556E-02   3.325250000E+00   1.652350000E+00   1.672900000E+00   0.000000000E+00 
                 200000  7.000000000E-01 
                 300000  3.000000000E-01 
791850   Au185   2       2.718224237E-03   3.215923770E+00   1.601228000E+00   1.601228000E+00   1.346777000E-02 
                 400000  2.600000000E-03 
                 200000  9.974000000E-01 
791860   Au186   2       1.079668506E-03   2.502906025E+00   1.068910000E+00   1.433958000E+00   3.802452000E-05 
                 200000  9.999920000E-01 
                 400000  8.000000000E-06 
791870   Au187   2       1.375292025E-03   2.471969013E+00   1.235913000E+00   1.235913000E+00   1.430126000E-04 
                 400000  2.999910000E-05 
                 200000  9.999700000E-01 
791871   Au187m1 1       3.013683394E-01   1.170534200E-01   1.093544000E-01   7.699020000E-03   0.000000000E+00 
                 300000  1.000000000E+00 
791880   Au188   1       1.306838576E-03   3.681432000E+00   1.840716000E+00   1.840716000E+00   0.000000000E+00 
                 200000  1.000000000E+00 
791890   Au189   2       4.025244951E-04   1.934155299E+00   9.670770000E-01   9.670770000E-01   1.298604000E-06 
                 400000  2.999999000E-07 
                 200000  9.999997000E-01 
791891   Au189m1 1       2.516874294E-03   2.100000000E+00   1.050000000E+00   1.050000000E+00   0.000000000E+00 
                 200000  1.000000000E+00 
791900   Au190   1       2.699171264E-04   2.290592800E+00   1.326368000E-01   2.157956000E+00   0.000000000E+00 
                 200000  1.000000000E+00 
791901   Au190m1 1       5.545177444E+00   2.000000000E-01   0.000000000E+00   2.000000000E-01   0.000000000E+00 
                 300000  1.000000000E+00 
791910   Au191   1       6.054744764E-05   5.983307200E-01   6.699142000E-02   5.313393000E-01   0.000000000E+00 
                 200000  1.000000000E+00 
791911   Au191m1 1       7.534208484E-01   2.589684200E-01   5.500092000E-02   2.039675000E-01   0.000000000E+00 
                 300000  1.000000000E+00 
791920   Au192   1       3.897588735E-05   2.026042020E+00   8.886902000E-02   1.937173000E+00   0.000000000E+00 
                 200000  1.000000000E+00 
791921   Au192m1 1       2.390162692E+01   1.350000000E-01   0.000000000E+00   1.350000000E-01   0.000000000E+00 
                 300000  1.000000000E+00 
791922   Au192m2 1       4.332169878E+00   4.230000000E-01   0.000000000E+00   4.230000000E-01   0.000000000E+00 
                 300000  1.000000000E+00 
791930   Au193   1       1.090883193E-05   2.193582300E-01   5.314173000E-02   1.662165000E-01   0.000000000E+00 
                 200000  1.000000000E+00 
791931   Au193m1 2       1.777300463E-01   2.818119900E-01   8.496819000E-02   1.968438000E-01   0.000000000E+00 
                 200000  3.000000000E-04 
                 300000  9.997000000E-01 
791940   Au194   1       5.064199987E-06   1.096151730E+00   4.054373000E-02   1.055608000E+00   0.000000000E+00 
                 200000  1.000000000E+00 
791941   Au194m1 1       1.155245301E+00   1.009700400E-01   8.966036000E-02   1.130968000E-02   0.000000000E+00 
                 300000  1.000000000E+00 
791942   Au194m2 1       1.650350430E+00   4.761886000E-01   2.980674000E-01   1.781212000E-01   0.000000000E+00 
                 300000  1.000000000E+00 
791950   Au195   1       4.310919739E-08   1.338446700E-01   4.926767000E-02   8.457700000E-02   0.000000000E+00 
                 200000  1.000000000E+00 
791951   Au195m1 1       2.272613707E-02   3.160463000E-01   1.129222000E-01   2.031241000E-01   0.000000000E+00 
                 300000  1.000000000E+00 
791960   Au196   2       1.300902594E-06   5.067187300E-01   3.467113000E-02   4.720476000E-01   0.000000000E+00 
                 200000  9.300000000E-01 
                 100000  7.000000000E-02 
791961   Au196m1 1       8.557372600E-02   8.325798100E-02   7.968417000E-02   3.573811000E-03   0.000000000E+00 
                 300000  1.000000000E+00 
791962   Au196m2 1       2.005634203E-05   5.065745000E-01   2.805766000E-01   2.259979000E-01   0.000000000E+00 
                 300001  1.000000000E+00 
791970   Au197   0       0.000000000E+00   0.000000000E+00   0.000000000E+00   0.000000000E+00   0.000000000E+00 
791971   Au197m1 1       8.966975169E-02   4.004309000E-01   1.748731000E-01   2.255578000E-01   0.000000000E+00 
                 300000  1.000000000E+00 
791980   Au198   1       2.977153718E-06   7.306230000E-01   3.275517000E-01   4.030713000E-01   0.000000000E+00 
                 100000  1.000000000E+00 
791981   Au198m1 1       3.531046132E-06   7.950288000E-01   2.592693000E-01   5.357595000E-01   0.000000000E+00 
                 300000  1.000000000E+00 
791990   Au199   1       2.555761966E-06   2.353325200E-01   1.406420000E-01   9.469052000E-02   0.000000000E+00 
                 100000  1.000000000E+00 
792000   Au200   1       2.386870456E-04   1.004073300E+00   7.314095000E-01   2.726638000E-01   0.000000000E+00 
                 100000  1.000000000E+00 
792001   Au200m1 2       1.029630393E-05   1.845120000E+00   8.456000000E-01   9.995200000E-01   0.000000000E+00 
                 100000  8.400000000E-01 
                 300000  1.600000000E-01 
792010   Au201   1       4.443251157E-04   8.400000000E-01   4.200000000E-01   4.200000000E-01   0.000000000E+00 
                 100000  1.000000000E+00 
792020   Au202   1       2.440659086E-02   1.267099400E+00   1.088920000E+00   1.781794000E-01   0.000000000E+00 
                 100000  1.000000000E+00 
792030   Au203   1       1.155245301E-02   7.957608170E-01   7.872203000E-01   8.540517000E-03   0.000000000E+00 
                 100000  1.000000000E+00 
792040   Au204   1       1.741575831E-02   2.626666000E+00   1.313333000E+00   1.313333000E+00   0.000000000E+00 
                 100000  1.000000000E+00 
792050   Au205   1       2.235958647E-02   2.358000000E+00   1.179000000E+00   1.179000000E+00   0.000000000E+00 
                 100000  1.000000000E+00 
801710   Hg171   1       1.004561131E+04   7.617000000E+00   0.000000000E+00   0.000000000E+00   7.617000000E+00 
                 400000  1.000000000E+00 
801720   Hg172   1       1.899033371E+03   7.525250000E+00   0.000000000E+00   0.000000000E+00   7.525250000E+00 
                 400000  1.000000000E+00 
801730   Hg173   1       9.902102579E+02   7.369543000E+00   0.000000000E+00   0.000000000E+00   7.369543000E+00 
                 400000  1.000000000E+00 
801740   Hg174   1       3.648143056E+02   7.207771000E+00   0.000000000E+00   0.000000000E+00   7.207771000E+00 
                 400000  1.000000000E+00 
801750   Hg175   1       6.478011033E+01   6.968910000E+00   0.000000000E+00   0.000000000E+00   6.968910000E+00 
                 400000  1.000000000E+00 
801760   Hg176   2       3.414518131E+01   6.749780000E+00   1.323600000E-01   1.323600000E-01   6.485060000E+00 
                 400000  9.400000000E-01 
                 200000  6.000000000E-02 
801770   Hg177   2       5.444989635E+00   6.602336800E+00   4.384659000E-01   4.384659000E-01   5.725405000E+00 
                 200000  1.500000000E-01 
                 400000  8.500000000E-01 
801780   Hg178   2       2.576755318E+00   5.806028200E+00   6.009276000E-01   6.009276000E-01   4.604173000E+00 
                 400000  7.000000000E-01 
                 200000  3.000000000E-01 
801790   Hg179   3       6.418029450E-01   5.879011000E+00   1.257010000E+00   1.257010000E+00   3.364991000E+00 
                 200000  4.685000000E-01 
                 270000  1.500000000E-03 
                 400000  5.300000000E-01 
801800   Hg180   2       2.686616979E-01   4.859215800E+00   9.276254000E-01   9.276254000E-01   3.003965000E+00 
                 400000  4.800000000E-01 
                 200000  5.200000000E-01 
801810   Hg181   4       1.925408835E-01   5.205662000E+00   1.754357000E+00   1.754357000E+00   1.696948000E+00 
                 240000  9.000000000E-08 
                 200000  7.298999000E-01 
                 270000  1.000000000E-04 
                 400000  2.700000000E-01 
801820   Hg182   2       6.400250975E-02   3.582522400E+00   1.335493000E+00   1.335493000E+00   9.115364000E-01 
                 400000  1.520000000E-01 
                 200000  8.480000000E-01 
801830   Hg183   3       7.373906176E-02   4.466426100E+00   1.879927000E+00   1.879927000E+00   7.065721000E-01 
                 200000  8.829974000E-01 
                 400000  1.170000000E-01 
                 270000  2.600000000E-06 
801840   Hg184   2       2.243194759E-02   2.679863310E+00   1.308508000E+00   1.308508000E+00   6.284731000E-02 
                 400000  1.110000000E-02 
                 200000  9.889000000E-01 
801850   Hg185   2       1.411705052E-02   3.912872600E+00   1.783219000E+00   1.783219000E+00   3.464346000E-01 
                 400000  6.000000000E-02 
                 200000  9.400000000E-01 
801851   Hg185m1 3       3.209014725E-02   1.830983000E+00   8.878000000E-01   9.414210000E-01   1.762000000E-03 
                 400000  3.000000000E-04 
                 200000  4.598500000E-01 
                 300000  5.398500000E-01 
801860   Hg186   2       8.371342760E-03   5.709644677E-01   1.545753000E-01   4.155566000E-01   8.325677000E-04 
                 400000  1.600000000E-04 
                 200000  9.998400000E-01 
801870   Hg187   2       4.813522087E-03   3.258002276E+00   1.628998000E+00   1.628998000E+00   6.276000000E-06 
                 400000  1.200000000E-06 
                 200000  9.999988000E-01 
801871   Hg187m1 2       6.080238426E-03   3.258019351E+00   1.629000000E+00   1.629000000E+00   1.935100000E-05 
                 400000  3.700000000E-06 
                 200000  9.999963000E-01 
801880   Hg188   2       3.554600926E-03   2.215383623E-01   5.166329000E-02   1.698734000E-01   1.672312000E-06 
                 400000  3.700000000E-07 
                 200000  1.000000000E+00 
801890   Hg189   2       1.520059606E-03   2.634109388E+00   1.317054000E+00   1.317054000E+00   1.388238000E-06 
                 400000  2.999999000E-07 
                 200000  9.999997000E-01 
801891   Hg189m1 2       1.343308489E-03   2.634109388E+00   1.317054000E+00   1.317054000E+00   1.388238000E-06 
                 400000  2.999999000E-07 
                 200000  9.999997000E-01 
801900   Hg190   1       5.776226505E-04   2.385641200E-01   4.422462000E-02   1.943395000E-01   0.000000000E+00 
                 200000  1.000000000E+00 
801910   Hg191   1       2.357643471E-04   2.144224000E+00   1.072112000E+00   1.072112000E+00   0.000000000E+00 
                 200000  1.000000000E+00 
801911   Hg191m1 1       2.274104923E-04   2.144224000E+00   1.072112000E+00   1.072112000E+00   0.000000000E+00 
                 200000  1.000000000E+00 
801920   Hg192   1       3.969915123E-05   3.310028100E-01   5.912941000E-02   2.718734000E-01   0.000000000E+00 
                 200000  1.000000000E+00 
801930   Hg193   1       5.066865355E-05   8.688547500E-01   7.112645000E-02   7.977283000E-01   0.000000000E+00 
                 200000  1.000000000E+00 
801931   Hg193m1 2       1.631702402E-05   1.459688000E+00   7.247680000E-01   7.349200000E-01   0.000000000E+00 
                 200000  9.280000000E-01 
                 300000  7.200000000E-02 
801940   Hg194   1       4.946952386E-11   9.552767000E-03   7.022403000E-03   2.530364000E-03   0.000000000E+00 
                 200000  1.000000000E+00 
801950   Hg195   2       1.828498419E-05   2.112524300E-01   1.490363000E-02   1.963488000E-01   0.000000000E+00 
                 200000  9.780718000E-01 
                 200001  2.192820000E-02 
801951   Hg195m1 2       4.628386622E-06   2.866032500E-01   9.282165000E-02   1.937816000E-01   0.000000000E+00 
                 200000  4.580000000E-01 
                 300000  5.420000000E-01 
801960   Hg196   0       0.000000000E+00   0.000000000E+00   0.000000000E+00   0.000000000E+00   0.000000000E+00 
801970   Hg197   1       3.001884682E-06   1.411293500E-01   6.725466000E-02   7.387469000E-02   0.000000000E+00 
                 200000  1.000000000E+00 
801971   Hg197m1 2       8.089953088E-06   2.724889600E-01   1.945752000E-01   7.791376000E-02   0.000000000E+00 
                 200001  8.600000000E-02 
                 300000  9.140000000E-01 
801980   Hg198   0       0.000000000E+00   0.000000000E+00   0.000000000E+00   0.000000000E+00   0.000000000E+00 
801990   Hg199   0       0.000000000E+00   0.000000000E+00   0.000000000E+00   0.000000000E+00   0.000000000E+00 
801991   Hg199m1 1       2.707394659E-04   5.175378000E-01   3.355987000E-01   1.819391000E-01   0.000000000E+00 
                 300000  1.000000000E+00 
802000   Hg200   0       0.000000000E+00   0.000000000E+00   0.000000000E+00   0.000000000E+00   0.000000000E+00 
802010   Hg201   0       0.000000000E+00   0.000000000E+00   0.000000000E+00   0.000000000E+00   0.000000000E+00 
802020   Hg202   0       0.000000000E+00   0.000000000E+00   0.000000000E+00   0.000000000E+00   0.000000000E+00 
802030   Hg203   1       1.721795943E-07   3.486003000E-01   1.081736000E-01   2.404267000E-01   0.000000000E+00 
                 100000  1.000000000E+00 
802040   Hg204   0       0.000000000E+00   0.000000000E+00   0.000000000E+00   0.000000000E+00   0.000000000E+00 
802050   Hg205   1       2.247558951E-03   5.461750970E-01   5.405530000E-01   5.622097000E-03   0.000000000E+00 
                 100000  1.000000000E+00 
802051   Hg205m1 1       6.359148446E+02   1.556400000E+00   0.000000000E+00   1.556400000E+00   0.000000000E+00 
                 300000  1.000000000E+00 
802060   Hg206   1       1.388515987E-03   5.266202000E-01   4.249653000E-01   1.016549000E-01   0.000000000E+00 
                 100000  1.000000000E+00 
802070   Hg207   1       3.983604486E-03   3.210000000E+00   1.605000000E+00   1.605000000E+00   0.000000000E+00 
                 100000  1.000000000E+00 
802080   Hg208   1       2.783723617E-04   2.435334000E+00   1.217667000E+00   1.217667000E+00   0.000000000E+00 
                 100000  1.000000000E+00 
802090   Hg209   1       1.899033371E-02   3.528000000E+00   1.764000000E+00   1.764000000E+00   0.000000000E+00 
                 100000  1.000000000E+00 
802100   Hg210   1       4.747583428E-03   2.586000000E+00   1.293000000E+00   1.293000000E+00   0.000000000E+00 
                 100000  1.000000000E+00 
811760   Tl176   1       1.155245301E+02   1.265000000E+00   0.000000000E+00   0.000000000E+00   1.265000000E+00 
                 700000  1.000000000E+00 
811770   Tl177   2       3.850817670E+01   5.472646000E+00   0.000000000E+00   0.000000000E+00   5.472646000E+00 
                 400000  7.300000000E-01 
                 700000  2.700000000E-01 
811780   Tl178   2       1.155245301E+01   7.362834000E+00   1.927167000E+00   1.927167000E+00   3.508500000E+00 
                 200000  5.000000000E-01 
                 400000  5.000000000E-01 
811790   Tl179   1       3.013683394E+00   6.713749000E+00   0.000000000E+00   0.000000000E+00   6.713749000E+00 
                 400000  1.000000000E+00 
811791   Tl179m1 1       4.077336356E+02   6.717670000E+00   0.000000000E+00   0.000000000E+00   6.717670000E+00 
                 400000  1.000000000E+00 
811800   Tl180   3       6.359148446E-01   7.282872000E+00   3.406586000E+00   3.406586000E+00   4.697000000E-01 
                 200000  9.299990000E-01 
                 400000  7.000000000E-02 
                 260000  1.000000000E-06 
811810   Tl181   2       2.166084939E-01   5.349452000E+00   2.358576000E+00   2.358576000E+00   6.323000000E-01 
                 200000  9.000000000E-01 
                 400000  1.000000000E-01 
811811   Tl181m1 1       4.951051290E+02   8.320686000E-01   1.020443000E-01   7.300243000E-01   0.000000000E+00 
                 300000  1.000000000E+00 
811820   Tl182   2       2.235958647E-01   6.806095900E+00   3.272044000E+00   3.272044000E+00   2.620079000E-01 
                 200000  9.600000000E-01 
                 400000  4.000000000E-02 
811830   Tl183   2       1.004561131E-01   5.388664000E+00   1.202832000E+00   1.202832000E+00   2.983000000E+00 
                 200000  5.000000000E-01 
                 400000  5.000000000E-01 
811831   Tl183m1 3       1.300463753E+01   2.798174000E+00   1.178777000E+00   1.487477000E+00   1.319200000E-01 
                 200000  4.900000000E-01 
                 400000  2.000000000E-02 
                 300000  4.900000000E-01 
811840   Tl184   2       6.301338005E-02   6.308882600E+00   3.088434000E+00   3.088434000E+00   1.320146000E-01 
                 200000  9.790000000E-01 
                 400000  2.100000000E-02 
811850   Tl185   1       3.554600926E-02   4.280040000E+00   2.140020000E+00   2.140020000E+00   0.000000000E+00 
                 200000  1.000000000E+00 
811851   Tl185m1 2       3.591436169E-01   5.073500000E-01   0.000000000E+00   4.504500000E-01   5.690000000E-02 
                 400000  1.000000000E-02 
                 300000  9.900000000E-01 
811860   Tl186   2       2.520535202E-02   5.566125123E+00   2.782892000E+00   2.782892000E+00   3.411227000E-04 
                 200000  9.999400000E-01 
                 400000  5.999640000E-05 
811861   Tl186m1 1       2.390162692E-01   3.740000000E-01   0.000000000E+00   3.740000000E-01   0.000000000E+00 
                 300000  1.000000000E+00 
811870   Tl187   1       1.359112119E-02   3.782898000E+00   1.891449000E+00   1.891449000E+00   0.000000000E+00 
                 200000  1.000000000E+00 
811871   Tl187m1 3       4.443251157E-02   2.177143000E+00   1.000665000E+00   1.167998000E+00   8.480000000E-03 
                 200000  4.992500000E-01 
                 400000  1.500000000E-03 
                 300000  4.992500000E-01 
811880   Tl188   1       9.762636346E-03   4.045327000E+00   1.666089000E+00   2.379238000E+00   0.000000000E+00 
                 200000  1.000000000E+00 
811881   Tl188m1 1       9.762636346E-03   5.304000000E+00   2.652000000E+00   2.652000000E+00   0.000000000E+00 
                 200000  1.000000000E+00 
811882   Tl188m2 1       1.690602879E+01   3.690000000E-01   0.000000000E+00   3.690000000E-01   0.000000000E+00 
                 300000  1.000000000E+00 
811890   Tl189   1       5.022805656E-03   3.352380000E+00   1.676190000E+00   1.676190000E+00   0.000000000E+00 
                 200000  1.000000000E+00 
811891   Tl189m1 1       8.251752150E-03   3.524666000E+00   1.762333000E+00   1.762333000E+00   0.000000000E+00 
                 200000  1.000000000E+00 
811900   Tl190   1       3.122284597E-03   4.691438000E+00   2.345719000E+00   2.345719000E+00   0.000000000E+00 
                 200000  1.000000000E+00 
811901   Tl190m1 1       4.443251157E-03   4.691438000E+00   2.345719000E+00   2.345719000E+00   0.000000000E+00 
                 200000  1.000000000E+00 
811910   Tl191   1       5.776226505E-04   2.873800000E+00   1.436900000E+00   1.436900000E+00   0.000000000E+00 
                 200000  1.000000000E+00 
811911   Tl191m1 1       2.213113603E-03   2.874620000E+00   1.437310000E+00   1.437310000E+00   0.000000000E+00 
                 200000  1.000000000E+00 
811920   Tl192   1       1.203380522E-03   4.092782000E+00   2.046391000E+00   2.046391000E+00   0.000000000E+00 
                 200000  1.000000000E+00 
811921   Tl192m1 1       1.069671575E-03   4.197330000E+00   2.098665000E+00   2.098665000E+00   0.000000000E+00 
                 200000  1.000000000E+00 
811930   Tl193   1       5.348357875E-04   9.764593000E-01   2.199966000E-01   7.564627000E-01   0.000000000E+00 
                 200000  1.000000000E+00 
811931   Tl193m1 2       5.475096213E-03   9.009160000E-01   3.135830000E-01   5.873330000E-01   0.000000000E+00 
                 200000  2.500000000E-01 
                 300000  7.500000000E-01 
811940   Tl194   1       3.500743336E-04   1.680443900E+00   6.068139000E-01   1.073630000E+00   0.000000000E+00 
                 200000  1.000000000E+00 
811941   Tl194m1 1       3.522089332E-04   2.552947300E+00   3.021033000E-01   2.250844000E+00   0.000000000E+00 
                 200000  1.000000000E+00 
811950   Tl195   2       1.659835202E-04   1.299004680E+00   5.607468000E-02   1.242930000E+00   0.000000000E+00 
                 200000  9.963511000E-01 
                 200001  3.648890000E-03 
811951   Tl195m1 1       1.925408835E-01   4.812415000E-01   1.199433000E-01   3.612982000E-01   0.000000000E+00 
                 300000  1.000000000E+00 
811960   Tl196   1       1.046417845E-04   1.636838000E+00   1.611950000E-01   1.475643000E+00   0.000000000E+00 
                 200000  1.000000000E+00 
811961   Tl196m1 2       1.365538181E-04   2.042921900E+00   1.562609000E-01   1.886661000E+00   0.000000000E+00 
                 200000  9.620000000E-01 
                 300000  3.800000000E-02 
811970   Tl197   1       6.779608574E-05   5.056197700E-01   4.999057000E-02   4.556292000E-01   0.000000000E+00 
                 200000  1.000000000E+00 
811971   Tl197m1 1       1.283605890E+00   6.046121000E-01   1.687108000E-01   4.359013000E-01   0.000000000E+00 
                 300000  1.000000000E+00 
811980   Tl198   1       3.632846858E-05   2.024456190E+00   3.580619000E-02   1.988650000E+00   0.000000000E+00 
                 200000  1.000000000E+00 
811981   Tl198m1 2       1.029630393E-04   1.334558000E+00   1.410830000E-01   1.193475000E+00   0.000000000E+00 
                 200000  5.590000000E-01 
                 300000  4.410000000E-01 
811982   Tl198m2 2       2.159337011E+01   4.811538000E-01   2.191171000E-01   2.620367000E-01   0.000000000E+00 
                 300000  5.000000000E-01 
                 300001  5.000000000E-01 
811990   Tl199   1       2.594890613E-05   3.073879200E-01   5.642982000E-02   2.509581000E-01   0.000000000E+00 
                 200000  1.000000000E+00 
811991   Tl199m1 1       2.440659086E+01   7.508834600E-01   9.376326000E-02   6.571202000E-01   0.000000000E+00 
                 300000  1.000000000E+00 
812000   Tl200   1       7.377045344E-06   1.356209260E+00   4.068726000E-02   1.315522000E+00   0.000000000E+00 
                 200000  1.000000000E+00 
812001   Tl200m1 1       2.038668178E+01   7.529415000E-01   1.725883000E-01   5.803532000E-01   0.000000000E+00 
                 300000  1.000000000E+00 
812010   Tl201   1       2.637171044E-06   1.277781800E-01   3.551069000E-02   9.226749000E-02   0.000000000E+00 
                 200000  1.000000000E+00 
812011   Tl201m1 1       3.448493436E+02   9.180033000E-01   6.673700000E-02   8.512663000E-01   0.000000000E+00 
                 300000  1.000000000E+00 
812020   Tl202   1       6.517089206E-07   4.876767700E-01   2.216307000E-02   4.655137000E-01   0.000000000E+00 
                 200000  1.000000000E+00 
812030   Tl203   0       0.000000000E+00   0.000000000E+00   0.000000000E+00   0.000000000E+00   0.000000000E+00 
812040   Tl204   2       5.806108610E-09   2.384395020E-01   2.371745000E-01   1.265002000E-03   0.000000000E+00 
                 100000  9.708000000E-01 
                 200000  2.920000000E-02 
812050   Tl205   0       0.000000000E+00   0.000000000E+00   0.000000000E+00   0.000000000E+00   0.000000000E+00 
812060   Tl206   1       2.749274871E-03   5.396871500E-01   5.395746000E-01   1.125500000E-04   0.000000000E+00 
                 100000  1.000000000E+00 
812061   Tl206m1 1       3.088891179E-03   2.641685600E+00   2.129476000E-01   2.428738000E+00   0.000000000E+00 
                 300000  1.000000000E+00 
812070   Tl207   1       2.421897906E-03   4.940186810E-01   4.916381000E-01   2.380581000E-03   0.000000000E+00 
                 100000  1.000000000E+00 
812071   Tl207m1 1       5.211632937E-01   1.347778100E+00   1.759961000E-01   1.171782000E+00   0.000000000E+00 
                 300000  1.000000000E+00 
812080   Tl208   1       3.783967576E-03   3.976679700E+00   5.960517000E-01   3.380628000E+00   0.000000000E+00 
                 100000  1.000000000E+00 
812090   Tl209   1       5.251115004E-03   2.824707200E+00   6.825862000E-01   2.142121000E+00   0.000000000E+00 
                 100000  1.000000000E+00 
812100   Tl210   2       8.886502315E-03   3.794562000E+00   1.293588000E+00   2.500974000E+00   0.000000000E+00 
                 100000  9.999150000E-01 
                 150000  8.500000000E-05 
812110   Tl211   1       1.155245301E-02   3.032000000E+00   1.516000000E+00   1.516000000E+00   0.000000000E+00 
                 100000  1.000000000E+00 
812120   Tl212   1       1.034548031E-02   4.066000000E+00   2.033000000E+00   2.033000000E+00   0.000000000E+00 
                 100000  1.000000000E+00 
821780   Pb178   1       3.013683394E+03   7.790000000E+00   0.000000000E+00   0.000000000E+00   7.790000000E+00 
                 400000  1.000000000E+00 
821790   Pb179   1       2.310490602E+02   7.598000000E+00   0.000000000E+00   0.000000000E+00   7.598000000E+00 
                 400000  1.000000000E+00 
821800   Pb180   1       1.540327068E+02   7.415010000E+00   0.000000000E+00   0.000000000E+00   7.415010000E+00 
                 400000  1.000000000E+00 
821810   Pb181   1       1.925408835E+01   7.252000000E+00   0.000000000E+00   0.000000000E+00   7.252000000E+00 
                 400000  1.000000000E+00 
821811   Pb181m1 1       1.540327068E+01   7.252000000E+00   0.000000000E+00   0.000000000E+00   7.252000000E+00 
                 400000  1.000000000E+00 
821820   Pb182   2       1.205473357E+01   7.011080000E+00   4.354000000E-02   4.354000000E-02   6.924000000E+00 
                 200000  2.000000000E-02 
                 400000  9.800000000E-01 
821830   Pb183   2       1.295602207E+00   6.836533400E+00   3.006667000E-01   3.006667000E-01   6.235200000E+00 
                 200000  1.000000000E-01 
                 400000  9.000000000E-01 
821831   Pb183m1 1       1.670234170E+00   7.025000000E+00   0.000000000E+00   0.000000000E+00   7.025000000E+00 
                 400000  1.000000000E+00 
821840   Pb184   2       1.414586083E+00   6.198207800E+00   3.893159000E-01   3.893159000E-01   5.419576000E+00 
                 400000  8.000000000E-01 
                 200000  2.000000000E-01 
821850   Pb185   2       1.100233620E-01   5.890460000E+00   1.807080000E+00   1.807080000E+00   2.276300000E+00 
                 200000  6.600000000E-01 
                 400000  3.400000000E-01 
821851   Pb185m1 2       1.611970187E-01   6.085500000E+00   1.369000000E+00   1.369000000E+00   3.347500000E+00 
                 200000  5.000000000E-01 
                 400000  5.000000000E-01 
821860   Pb186   2       1.438064690E-01   4.791482000E+00   1.101761000E+00   1.101761000E+00   2.587960000E+00 
                 400000  4.000000000E-01 
                 200000  6.000000000E-01 
821870   Pb187   2       4.560178819E-02   5.075061200E+00   2.313707000E+00   2.313707000E+00   4.476472000E-01 
                 200000  9.300000000E-01 
                 400000  7.000000000E-02 
821871   Pb187m1 2       3.787689511E-02   5.196586000E+00   2.209973000E+00   2.209973000E+00   7.766400000E-01 
                 200000  8.800000000E-01 
                 400000  1.200000000E-01 
821880   Pb188   2       2.761542552E-02   3.308045600E+00   1.369965000E+00   1.369965000E+00   5.681156000E-01 
                 400000  9.300000000E-02 
                 200000  9.070000000E-01 
821890   Pb189   2       1.777300463E-02   4.505480000E+00   2.241000000E+00   2.241000000E+00   2.348000000E-02 
                 200000  9.960000000E-01 
                 400000  4.000000000E-03 
821891   Pb189m1 1       1.386294361E-02   4.509334000E+00   2.254667000E+00   2.254667000E+00   0.000000000E+00 
                 200000  1.000000000E+00 
821900   Pb190   2       9.762636346E-03   2.623241840E+00   1.300226000E+00   1.300226000E+00   2.278984000E-02 
                 400000  4.000000000E-03 
                 200000  9.960000000E-01 
821910   Pb191   2       8.686054894E-03   4.023478692E+00   2.011467000E+00   2.011467000E+00   5.446920000E-04 
                 200000  9.999000000E-01 
                 400000  1.000000000E-04 
821911   Pb191m1 2       5.299290371E-03   4.023621166E+00   2.011266000E+00   2.011266000E+00   1.089166000E-03 
                 200000  9.998000000E-01 
                 400000  1.999600000E-04 
821920   Pb192   2       3.300700860E-03   2.211030046E+00   1.105361000E+00   1.105361000E+00   3.080457000E-04 
                 400000  5.900241000E-05 
                 200000  9.999410000E-01 
821930   Pb193   1       5.776226505E-03   3.416244000E+00   1.708122000E+00   1.708122000E+00   0.000000000E+00 
                 200000  1.000000000E+00 
821931   Pb193m1 1       1.991802243E-03   3.416244000E+00   1.708122000E+00   1.708122000E+00   0.000000000E+00 
                 200000  1.000000000E+00 
821940   Pb194   2       9.627044174E-04   1.110815426E+00   7.593608000E-02   1.034879000E+00   3.457039000E-07 
                 400000  7.300000000E-08 
                 200000  1.000000000E+00 
821950   Pb195   1       7.701635340E-04   2.960732000E+00   1.480366000E+00   1.480366000E+00   0.000000000E+00 
                 200000  1.000000000E+00 
821951   Pb195m1 2       7.701635340E-04   1.629347600E+00   1.364066000E-01   1.492941000E+00   0.000000000E+00 
                 200000  4.990763000E-01 
                 200001  5.009236000E-01 
821960   Pb196   1       3.122284597E-04   5.055655700E-01   3.002097000E-02   4.755446000E-01   0.000000000E+00 
                 200000  1.000000000E+00 
821970   Pb197   1       1.444056626E-03   1.490604790E+00   7.773979000E-02   1.412865000E+00   0.000000000E+00 
                 200000  1.000000000E+00 
821971   Pb197m1 2       2.686616979E-04   1.393824500E+00   2.417675000E-01   1.152057000E+00   0.000000000E+00 
                 200000  8.100000000E-01 
                 300000  1.900000000E-01 
821980   Pb198   1       8.022536812E-05   5.136072300E-01   7.470263000E-02   4.389046000E-01   0.000000000E+00 
                 200000  1.000000000E+00 
821990   Pb199   1       1.283605890E-04   1.072839100E+00   5.206610000E-02   1.020773000E+00   0.000000000E+00 
                 200000  1.000000000E+00 
821991   Pb199m1 2       9.469223778E-04   5.271760000E-01   6.596300000E-02   4.612130000E-01   0.000000000E+00 
                 200000  7.000000000E-02 
                 300000  9.300000000E-01 
822000   Pb200   1       8.955389930E-06   3.054700000E-01   9.609300000E-02   2.093770000E-01   0.000000000E+00 
                 200000  1.000000000E+00 
822010   Pb201   1       2.063675064E-05   8.105015900E-01   5.914009000E-02   7.513615000E-01   0.000000000E+00 
                 200000  1.000000000E+00 
822011   Pb201m1 1       1.140044705E-02   6.286601000E-01   2.576859000E-01   3.709742000E-01   0.000000000E+00 
                 300000  1.000000000E+00 
822020   Pb202   1       4.183726049E-13   9.295282000E-03   6.647441000E-03   2.647841000E-03   0.000000000E+00 
                 200000  1.000000000E+00 
822021   Pb202m1 2       5.439008008E-05   2.082913200E+00   1.188192000E-01   1.964094000E+00   0.000000000E+00 
                 200000  9.500000000E-02 
                 300000  9.050000000E-01 
822030   Pb203   1       3.708414551E-06   3.777261800E-01   6.134778000E-02   3.163784000E-01   0.000000000E+00 
                 200000  1.000000000E+00 
822031   Pb203m1 1       1.116179035E-01   8.248128000E-01   1.614156000E-01   6.633972000E-01   0.000000000E+00 
                 300000  1.000000000E+00 
822032   Pb203m2 1       1.444056626E+00   2.174074800E+00   2.336548000E-01   1.940420000E+00   0.000000000E+00 
                 300001  1.000000000E+00 
822040   Pb204   1       1.575334501E-25   1.968000000E+00   0.000000000E+00   0.000000000E+00   1.968000000E+00 
                 400000  1.000000000E+00 
822041   Pb204m1 1       1.726050054E-04   2.190978600E+00   1.021776000E-01   2.088801000E+00   0.000000000E+00 
                 300000  1.000000000E+00 
822050   Pb205   1       1.269625898E-15   9.282680000E-03   6.639492000E-03   2.643188000E-03   0.000000000E+00 
                 200000  1.000000000E+00 
822051   Pb205m1 1       1.248913839E+02   1.017404380E+00   3.507908000E-02   9.823253000E-01   0.000000000E+00 
                 300000  1.000000000E+00 
822060   Pb206   0       0.000000000E+00   0.000000000E+00   0.000000000E+00   0.000000000E+00   0.000000000E+00 
822070   Pb207   0       0.000000000E+00   0.000000000E+00   0.000000000E+00   0.000000000E+00   0.000000000E+00 
822071   Pb207m1 1       8.599840950E-01   1.633178900E+00   1.228829000E-01   1.510296000E+00   0.000000000E+00 
                 300000  1.000000000E+00 
822080   Pb208   0       0.000000000E+00   0.000000000E+00   0.000000000E+00   0.000000000E+00   0.000000000E+00 
822090   Pb209   1       5.918871303E-05   1.973500000E-01   1.973500000E-01   0.000000000E+00   0.000000000E+00 
                 100000  1.000000000E+00 
822100   Pb210   2       9.893923132E-10   4.439805203E-02   3.912120000E-02   5.276780000E-03   7.202629000E-08 
                 400000  1.900000000E-08 
                 100000  1.000000000E+00 
822110   Pb211   1       3.200125487E-04   5.131697400E-01   4.494463000E-01   6.372344000E-02   0.000000000E+00 
                 100000  1.000000000E+00 
822120   Pb212   1       1.809594770E-05   3.144361000E-01   1.710983000E-01   1.433378000E-01   0.000000000E+00 
                 100000  1.000000000E+00 
822130   Pb213   1       1.132593432E-03   1.364224000E+00   6.821120000E-01   6.821120000E-01   0.000000000E+00 
                 100000  1.000000000E+00 
822140   Pb214   1       4.310616795E-04   5.258493000E-01   2.865702000E-01   2.392791000E-01   0.000000000E+00 
                 100000  1.000000000E+00 
822150   Pb215   1       1.925408835E-02   1.934000000E+00   9.670000000E-01   9.670000000E-01   0.000000000E+00 
                 100000  1.000000000E+00 
831840   Bi184   2       5.331901389E+01   8.024800000E+00   0.000000000E+00   0.000000000E+00   8.024800000E+00 
                 400000  5.000000000E-01 
                 400000  5.000000000E-01 
831841   Bi184m1 1       1.050223001E+02   8.020000000E+00   0.000000000E+00   0.000000000E+00   8.020000000E+00 
                 400000  1.000000000E+00 
831850   Bi185   2       1.195081346E+04   2.206000000E+00   0.000000000E+00   0.000000000E+00   2.206000000E+00 
                 400000  1.000000000E-01 
                 700000  9.000000000E-01 
831860   Bi186   1       4.620981204E+01   7.756800000E+00   0.000000000E+00   0.000000000E+00   7.756800000E+00 
                 400000  1.000000000E+00 
831861   Bi186m1 1       7.072930414E+01   7.756800000E+00   0.000000000E+00   0.000000000E+00   7.756800000E+00 
                 400000  1.000000000E+00 
831870   Bi187   1       2.166084939E+01   7.788950000E+00   0.000000000E+00   0.000000000E+00   7.788950000E+00 
                 400000  1.000000000E+00 
831871   Bi187m1 2       2.235958647E+03   6.849832000E+00   1.452666000E+00   1.452666000E+00   3.944500000E+00 
                 200000  5.000000000E-01 
                 400000  5.000000000E-01 
831880   Bi188   1       1.155245301E+01   7.317088000E+00   0.000000000E+00   0.000000000E+00   7.317088000E+00 
                 400000  1.000000000E+00 
831881   Bi188m1 1       2.615649738E+00   7.255200000E+00   0.000000000E+00   0.000000000E+00   7.255200000E+00 
                 400000  1.000000000E+00 
831890   Bi189   2       1.028408280E+00   6.240602000E+00   1.302851000E+00   1.302851000E+00   3.634900000E+00 
                 200000  5.000000000E-01 
                 400000  5.000000000E-01 
831891   Bi189m1 2       1.386294361E+02   6.390666000E+00   1.332333000E+00   1.332333000E+00   3.726000000E+00 
                 200000  5.000000000E-01 
                 400000  5.000000000E-01 
831900   Bi190   2       1.100233620E-01   6.833000000E+00   3.280000000E-01   3.280000000E-01   6.177000000E+00 
                 200000  1.000000000E-01 
                 400000  9.000000000E-01 
831901   Bi190m1 2       1.117979323E-01   6.706323600E+00   9.513918000E-01   9.513918000E-01   4.803540000E+00 
                 200000  3.000000000E-01 
                 400000  7.000000000E-01 
831910   Bi191   2       5.589896617E-02   5.745596000E+00   1.144293000E+00   1.144293000E+00   3.457010000E+00 
                 200000  4.900000000E-01 
                 400000  5.100000000E-01 
831911   Bi191m1 2       5.545177444E+00   4.686000000E+00   0.000000000E+00   7.700000000E-02   4.609000000E+00 
                 400000  6.800000000E-01 
                 300000  3.200000000E-01 
831920   Bi192   2       2.003315551E-02   6.051068000E+00   2.642974000E+00   2.642974000E+00   7.651200000E-01 
                 200000  8.800000000E-01 
                 400000  1.200000000E-01 
831921   Bi192m1 2       1.750371668E-02   6.043684000E+00   2.703042000E+00   2.703042000E+00   6.376000000E-01 
                 200000  9.000000000E-01 
                 400000  1.000000000E-01 
831930   Bi193   2       1.089854057E-02   4.287563100E+00   2.033454000E+00   2.033454000E+00   2.206551000E-01 
                 200000  9.650000000E-01 
                 400000  3.500000000E-02 
831931   Bi193m1 2       2.166084939E-01   6.261172000E+00   3.535460000E-01   3.535460000E-01   5.554080000E+00 
                 200000  1.600000000E-01 
                 400000  8.400000000E-01 
831940   Bi194   2       7.296286111E-03   5.480382180E+00   2.726579000E+00   2.726579000E+00   2.722418000E-02 
                 200000  9.954000000E-01 
                 400000  4.600000000E-03 
831941   Bi194m1 1       5.545177444E-03   5.478358000E+00   2.739179000E+00   2.739179000E+00   0.000000000E+00 
                 200000  1.000000000E+00 
831942   Bi194m2 2       6.027366787E-03   5.479238600E+00   2.733701000E+00   2.733701000E+00   1.183660000E-02 
                 200000  9.980000000E-01 
                 400000  2.000000000E-03 
831950   Bi195   2       3.787689511E-03   3.794081717E+00   1.896166000E+00   1.896166000E+00   1.749717000E-03 
                 400000  3.000000000E-04 
                 200000  9.997000000E-01 
831951   Bi195m1 2       7.967208972E-03   4.776640000E+00   1.359875000E+00   1.359875000E+00   2.056890000E+00 
                 400000  3.300000000E-01 
                 200000  6.700000000E-01 
831960   Bi196   2       2.250477859E-03   3.405672098E+00   1.211371000E+00   2.194238000E+00   6.309796000E-05 
                 200000  9.999880000E-01 
                 400000  1.200000000E-05 
831961   Bi196m1 2       1.155245301E+00   2.591670000E+00   1.253585000E+00   1.338085000E+00   0.000000000E+00 
                 200000  5.000000000E-01 
                 300000  5.000000000E-01 
831962   Bi196m2 3       2.888113252E-03   2.876940022E+00   7.339272000E-01   2.142993000E+00   1.982204000E-05 
                 200000  7.419970000E-01 
                 400001  3.800000000E-06 
                 300000  2.580000000E-01 
831970   Bi197   2       1.238205039E-03   3.374079206E+00   1.687037000E+00   1.687037000E+00   5.206305000E-06 
                 400000  9.999990000E-07 
                 200000  9.999990000E-01 
831971   Bi197m1 3       2.292153375E-03   4.798400000E+00   8.344500000E-01   8.344500000E-01   3.129500000E+00 
                 400000  5.500000000E-01 
                 200000  4.470000000E-01 
                 300000  3.000000000E-03 
831980   Bi198   1       1.121597380E-03   4.454338000E+00   2.227169000E+00   2.227169000E+00   0.000000000E+00 
                 200000  1.000000000E+00 
831981   Bi198m1 1       9.959011215E-04   4.453808000E+00   2.226904000E+00   2.226904000E+00   0.000000000E+00 
                 200000  1.000000000E+00 
831982   Bi198m2 1       9.001911436E-02   2.485000000E-01   0.000000000E+00   2.485000000E-01   0.000000000E+00 
                 300000  1.000000000E+00 
831990   Bi199   1       4.278686300E-04   2.953030000E+00   1.476515000E+00   1.476515000E+00   0.000000000E+00 
                 200000  1.000000000E+00 
831991   Bi199m1 3       4.677106482E-04   3.373230000E+00   1.683000000E+00   1.689670000E+00   5.600000000E-04 
                 400000  1.000000000E-04 
                 200000  9.899000000E-01 
                 300000  1.000000000E-02 
832000   Bi200   1       3.173750827E-04   2.512127600E+00   2.068606000E-01   2.305267000E+00   0.000000000E+00 
                 200000  1.000000000E+00 
832001   Bi200m1 1       3.726597745E-04   3.915476000E+00   1.957738000E+00   1.957738000E+00   0.000000000E+00 
                 200000  1.000000000E+00 
832002   Bi200m2 1       1.732867951E+00   4.282000000E-01   0.000000000E+00   4.282000000E-01   0.000000000E+00 
                 300000  1.000000000E+00 
832010   Bi201   2       1.121597380E-04   1.533910830E+00   4.931083000E-02   1.484600000E+00   0.000000000E+00 
                 200000  5.477127000E-01 
                 200001  4.522873000E-01 
832011   Bi201m1 3       2.009122262E-04   2.959022000E+00   1.437652000E+00   1.505332000E+00   1.603800000E-02 
                 400000  3.000000000E-03 
                 200000  9.200000000E-01 
                 300000  7.700000000E-02 
832020   Bi202   1       1.125970079E-04   2.614102900E+00   1.474439000E-01   2.466659000E+00   0.000000000E+00 
                 200000  1.000000000E+00 
832030   Bi203   2       1.637252411E-05   2.177122310E+00   4.152531000E-02   2.135597000E+00   0.000000000E+00 
                 200000  7.928270000E-01 
                 200001  2.071729000E-01 
832031   Bi203m1 1       2.272613707E+00   1.094183900E+00   1.611636000E-01   9.330203000E-01   0.000000000E+00 
                 300000  1.000000000E+00 
832040   Bi204   1       1.716050655E-05   3.403505000E+00   2.011880000E-01   3.202317000E+00   0.000000000E+00 
                 200000  1.000000000E+00 
832041   Bi204m1 1       5.331901389E+01   7.994134400E-01   6.228874000E-02   7.371247000E-01   0.000000000E+00 
                 300000  1.000000000E+00 
832042   Bi204m2 1       6.478011033E+02   2.007959000E+00   2.816440000E-01   1.726315000E+00   0.000000000E+00 
                 300001  1.000000000E+00 
832050   Bi205   1       5.240063235E-07   1.717172300E+00   3.082530000E-02   1.686347000E+00   0.000000000E+00 
                 200000  1.000000000E+00 
832060   Bi206   1       1.285045140E-06   3.405445000E+00   1.307480000E-01   3.274697000E+00   0.000000000E+00 
                 200000  1.000000000E+00 
832070   Bi207   1       6.961809282E-10   1.649269400E+00   1.142134000E-01   1.535056000E+00   0.000000000E+00 
                 200000  1.000000000E+00 
832080   Bi208   1       5.968614857E-14   2.652348360E+00   8.266360000E-03   2.644082000E+00   0.000000000E+00 
                 200000  1.000000000E+00 
832081   Bi208m1 1       2.686616979E+02   1.573702130E+00   7.444413000E-02   1.499258000E+00   0.000000000E+00 
                 300000  1.000000000E+00 
832090   Bi209   1       1.156027546E-27   3.134554000E+00   0.000000000E+00   0.000000000E+00   3.134554000E+00 
                 400000  1.000000000E+00 
832100   Bi210   2       1.600665765E-06   3.892266964E-01   3.892201000E-01   3.129693000E-07   6.283431000E-06 
                 400000  1.320000000E-06 
                 100000  9.999987000E-01 
832101   Bi210m1 1       7.225167645E-15   5.313287770E+00   4.635947000E-02   2.620683000E-01   5.004860000E+00 
                 400000  1.000000000E+00 
832110   Bi211   2       5.398342528E-03   6.730238233E+00   9.597623000E-03   4.766161000E-02   6.672979000E+00 
                 400000  9.972400000E-01 
                 100000  2.760000000E-03 
832120   Bi212   2       1.907919572E-04   2.825058200E+00   5.046608000E-01   1.040144000E-01   2.216383000E+00 
                 400000  3.594000000E-01 
                 100000  6.406000000E-01 
832121   Bi212m1 3       4.620981204E-04   6.953555000E+00   8.840640000E-01   8.840640000E-01   5.185427000E+00 
                 140000  3.000000000E-01 
                 400000  6.700000000E-01 
                 100000  3.000000000E-02 
832122   Bi212m2 1       1.650350430E-03   2.773378000E+00   1.386689000E+00   1.386689000E+00   0.000000000E+00 
                 100000  1.000000000E+00 
832130   Bi213   2       2.533988377E-04   6.925805000E-01   4.415830000E-01   1.265361000E-01   1.244614000E-01 
                 400000  2.200000000E-02 
                 100000  9.780000000E-01 
832140   Bi214   2       5.805252769E-04   2.137351901E+00   6.604906000E-01   1.475693000E+00   1.168301000E-03 
                 400000  2.100000000E-04 
                 100000  9.997900000E-01 
832150   Bi215   1       1.500318573E-03   8.714501000E-01   7.618863000E-01   1.095638000E-01   0.000000000E+00 
                 100000  1.000000000E+00 
832151   Bi215m1 2       1.904250496E-02   1.853000000E+00   5.895000000E-01   1.263500000E+00   0.000000000E+00 
                 100000  5.000000000E-01 
                 300000  5.000000000E-01 
832160   Bi216   1       5.134423560E-03   2.726736000E+00   1.363368000E+00   1.363368000E+00   0.000000000E+00 
                 100000  1.000000000E+00 
832170   Bi217   1       7.037027214E-03   1.946666600E+00   9.733333000E-01   9.733333000E-01   0.000000000E+00 
                 100000  1.000000000E+00 
832180   Bi218   1       2.100446002E-02   2.700805000E+00   1.404262000E+00   1.296543000E+00   0.000000000E+00 
                 100000  1.000000000E+00 
841880   Po188   1       1.630934542E+03   4.444402000E+00   2.222201000E+00   2.222201000E+00   0.000000000E+00 
                 200000  1.000000000E+00 
841890   Po189   1       1.980420516E+02   7.690339000E+00   0.000000000E+00   2.492800000E-01   7.441059000E+00 
                 400000  1.000000000E+00 
841900   Po190   1       2.829172166E+02   7.676020000E+00   0.000000000E+00   0.000000000E+00   7.676020000E+00 
                 400000  1.000000000E+00 
841910   Po191   1       3.150669003E+01   7.501189000E+00   0.000000000E+00   0.000000000E+00   7.501189000E+00 
                 400000  1.000000000E+00 
841911   Po191m1 1       7.453195490E+00   6.971796000E+00   0.000000000E+00   0.000000000E+00   6.971796000E+00 
                 400000  1.000000000E+00 
841920   Po192   1       2.087792713E+01   7.263846000E+00   0.000000000E+00   0.000000000E+00   7.263846000E+00 
                 400000  1.000000000E+00 
841930   Po193   1       1.873370758E+00   7.497693510E+00   1.746351000E-02   3.920030000E-01   7.088227000E+00 
                 400000  1.000000000E+00 
841931   Po193m1 1       1.858303433E+00   7.093350000E+00   0.000000000E+00   0.000000000E+00   7.093350000E+00 
                 400000  1.000000000E+00 
841940   Po194   1       1.768232603E+00   6.986980000E+00   0.000000000E+00   0.000000000E+00   6.986980000E+00 
                 400000  1.000000000E+00 
841950   Po195   2       1.493851682E-01   6.217896400E+00   5.790782000E-01   5.790782000E-01   5.059740000E+00 
                 200000  2.500000000E-01 
                 400000  7.500000000E-01 
841951   Po195m1 2       3.610141565E-01   6.761000000E+00   2.395000000E-01   2.395000000E-01   6.282000000E+00 
                 200000  1.000000000E-01 
                 400000  9.000000000E-01 
841960   Po196   2       1.195081346E-01   6.583929060E+00   3.023053000E-02   3.023053000E-02   6.523468000E+00 
                 400000  9.800000000E-01 
                 200000  2.000000000E-02 
841970   Po197   2       8.251752150E-03   5.184182000E+00   1.181537000E+00   1.181537000E+00   2.821108000E+00 
                 400000  4.400000000E-01 
                 200000  5.600000000E-01 
841971   Po197m1 3       2.166084939E-02   6.254313000E+00   3.484260000E-01   3.484470000E-01   5.557440000E+00 
                 400000  8.399500000E-01 
                 200000  1.599500000E-01 
                 300000  1.000000000E-04 
841980   Po198   2       6.526809610E-03   4.713165800E+00   5.584384000E-01   5.584384000E-01   3.596289000E+00 
                 400000  5.700000000E-01 
                 200000  4.300000000E-01 
841990   Po199   2       2.111965815E-03   3.898693700E+00   1.721570000E+00   1.721570000E+00   4.555537000E-01 
                 400000  7.500000000E-02 
                 200000  9.250000000E-01 
841991   Po199m1 3       2.770372424E-03   4.428016000E+00   1.444029000E+00   1.451779000E+00   1.532208000E+00 
                 400000  2.400000000E-01 
                 200000  7.350000000E-01 
                 300000  2.500000000E-02 
842000   Po200   2       1.003688359E-03   2.688229900E+00   1.012150000E+00   1.012150000E+00   6.639299000E-01 
                 400000  1.110000000E-01 
                 200000  8.890000000E-01 
842010   Po201   3       7.405418596E-04   1.539896300E+00   2.171812000E-01   1.230005000E+00   9.271010000E-02 
                 400000  1.600000000E-02 
                 200000  3.896481000E-01 
                 200001  5.943518000E-01 
842011   Po201m1 3       1.289336273E-03   1.854578000E+00   7.334700000E-01   9.717580000E-01   1.493500000E-01 
                 400000  2.400000000E-02 
                 200000  4.140000000E-01 
                 300000  5.620000000E-01 
842020   Po202   2       2.590236101E-04   1.945946800E+00   9.182433000E-01   9.182433000E-01   1.094602000E-01 
                 400000  1.920000000E-02 
                 200000  9.808000000E-01 
842030   Po203   2       3.147807359E-04   1.580180012E+00   1.512666000E-01   1.422815000E+00   6.098412000E-03 
                 400000  1.100000000E-03 
                 200000  9.989000000E-01 
842031   Po203m1 1       1.540327068E-02   6.411273000E-01   2.696581000E-01   3.714692000E-01   0.000000000E+00 
                 300000  1.000000000E+00 
842040   Po204   2       5.454415963E-05   1.513880220E+00   1.857315000E-01   1.291964000E+00   3.618472000E-02 
                 400000  6.600000000E-03 
                 200000  9.934000000E-01 
842050   Po205   2       1.106556802E-04   1.519069741E+00   5.802200000E-02   1.458919000E+00   2.128741000E-03 
                 400000  4.000000000E-04 
                 200000  9.996000000E-01 
842051   Po205m1 1       1.074646792E+03   8.800000000E-01   0.000000000E+00   8.800000000E-01   0.000000000E+00 
                 300000  1.000000000E+00 
842052   Po205m2 1       1.207573485E+01   1.461000000E+00   0.000000000E+00   1.461000000E+00   0.000000000E+00 
                 300000  1.000000000E+00 
842060   Po206   2       9.116519105E-07   1.576813600E+00   1.468260000E-01   1.139768000E+00   2.902196000E-01 
                 400000  5.450000000E-02 
                 200000  9.455000000E-01 
842070   Po207   2       3.319670405E-05   1.320373362E+00   4.594837000E-02   1.273330000E+00   1.094992000E-03 
                 400000  2.100000000E-04 
                 200000  9.997900000E-01 
842071   Po207m1 1       2.484398497E-01   1.357953500E+00   2.828505000E-01   1.075103000E+00   0.000000000E+00 
                 300000  1.000000000E+00 
842080   Po208   2       7.579195955E-09   5.213092873E+00   5.798732000E-06   3.407418000E-05   5.213053000E+00 
                 400000  9.999600000E-01 
                 200000  4.000000000E-05 
842090   Po209   2       2.153379997E-10   4.956560690E+00   3.986331000E-04   5.463057000E-03   4.950699000E+00 
                 400000  9.952000000E-01 
                 200000  4.800000000E-03 
842100   Po210   1       5.797634269E-08   5.405421357E+00   7.876396000E-08   8.277975000E-06   5.405413000E+00 
                 400000  1.000000000E+00 
842110   Po211   1       1.343308489E+00   7.591773757E+00   1.699844000E-04   8.028773000E-03   7.583575000E+00 
                 400000  1.000000000E+00 
842111   Po211m1 3       2.750584050E-02   7.558416511E+00   3.547053000E-05   1.652204000E-02   7.541859000E+00 
                 400000  8.948568000E-02 
                 400001  9.103543000E-01 
                 300000  1.600000000E-04 
842120   Po212   1       2.318217995E+06   8.950612000E+00   0.000000000E+00   0.000000000E+00   8.950612000E+00 
                 400000  1.000000000E+00 
842121   Po212m1 2       1.536911709E-02   1.185371791E+01   2.192660000E-04   7.922864000E-02   1.177427000E+01 
                 400000  9.993000000E-01 
                 300000  7.000000000E-04 
842130   Po213   1       1.650350430E+05   8.533604382E+00   0.000000000E+00   3.738240000E-05   8.533567000E+00 
                 400000  1.000000000E+00 
842140   Po214   1       4.218789900E+03   7.830495827E+00   8.100832000E-07   8.301722000E-05   7.830412000E+00 
                 400000  1.000000000E+00 
842150   Po215   2       3.891898824E+02   7.525532216E+00   0.000000000E+00   3.002160000E-04   7.525232000E+00 
                 100000  2.300000000E-06 
                 400000  9.999977000E-01 
842160   Po216   1       4.780325383E+00   6.903824450E+00   1.449082000E-07   1.530507000E-05   6.903809000E+00 
                 400000  1.000000000E+00 
842170   Po217   1       4.530373729E-01   6.660220000E+00   0.000000000E+00   0.000000000E+00   6.660220000E+00 
                 400000  1.000000000E+00 
842180   Po218   2       3.729003554E-03   6.111276535E+00   1.442008000E-05   9.114746000E-06   6.111253000E+00 
                 400000  9.998000000E-01 
                 100000  2.000000000E-04 
842190   Po219   1       2.310490602E+06   1.603333400E+00   8.016667000E-01   8.016667000E-01   0.000000000E+00 
                 100000  1.000000000E+00 
842200   Po220   1       2.310490602E+06   7.420000000E-01   3.710000000E-01   3.710000000E-01   0.000000000E+00 
                 100000  1.000000000E+00 
851930   At193   1       2.432095370E+01   7.490000000E+00   0.000000000E+00   0.000000000E+00   7.490000000E+00 
                 400000  1.000000000E+00 
851940   At194   2       1.732867951E+01   6.917751000E+00   1.636243000E+00   1.636243000E+00   3.645265000E+00 
                 200000  5.000000000E-01 
                 400000  5.000000000E-01 
851941   At194m1 3       2.772588722E+00   4.611835000E+00   1.090829000E+00   1.090829000E+00   2.430177000E+00 
                 200000  3.333333000E-01 
                 400000  3.333333000E-01 
                 300000  3.333334000E-01 
851950   At195   1       2.113253599E+00   7.338980000E+00   0.000000000E+00   0.000000000E+00   7.338980000E+00 
                 400000  1.000000000E+00 
851951   At195m1 1       4.715286943E+00   7.338980000E+00   0.000000000E+00   0.000000000E+00   7.338980000E+00 
                 400000  1.000000000E+00 
851960   At196   2       1.786461806E+00   7.156852600E+00   1.560008000E-01   1.560008000E-01   6.844851000E+00 
                 200000  4.900000000E-02 
                 400000  9.510000000E-01 
851961   At196m1 1       6.301338005E+04   1.579000000E-01   0.000000000E+00   1.579000000E-01   0.000000000E+00 
                 300000  1.000000000E+00 
851970   At197   2       1.786461806E+00   7.009061840E+00   9.117892000E-02   9.117892000E-02   6.826704000E+00 
                 400000  9.610000000E-01 
                 200000  3.900000000E-02 
851971   At197m1 2       3.465735903E-01   5.931310000E+00   1.177655000E+00   1.177655000E+00   3.576000000E+00 
                 400000  5.000000000E-01 
                 200000  5.000000000E-01 
851980   At198   2       1.650350430E-01   6.790489400E+00   2.933767000E-01   2.933767000E-01   6.203736000E+00 
                 200000  1.000000000E-01 
                 400000  9.000000000E-01 
851981   At198m1 2       6.931471806E-01   6.827066000E+00   4.760530000E-01   4.760530000E-01   5.874960000E+00 
                 200000  1.600000000E-01 
                 400000  8.400000000E-01 
851990   At199   2       9.859846096E-02   6.528081800E+00   2.131939000E-01   2.131939000E-01   6.101694000E+00 
                 400000  9.000000000E-01 
                 200000  1.000000000E-01 
852000   At200   2       1.611970187E-02   5.979478000E+00   1.274680000E+00   1.274680000E+00   3.430118000E+00 
                 200000  4.800000000E-01 
                 400000  5.200000000E-01 
852001   At200m1 2       1.474781235E-02   5.954614000E+00   1.535057000E+00   1.535057000E+00   2.884500000E+00 
                 200000  5.700000000E-01 
                 400000  4.300000000E-01 
852002   At200m2 3       8.774014944E-02   3.365030000E+00   1.241109000E+00   1.395221000E+00   7.287000000E-01 
                 200000  4.475000000E-01 
                 400000  1.050000000E-01 
                 300000  4.475000000E-01 
852010   At201   2       8.135530288E-03   5.704835200E+00   5.544246000E-01   5.544246000E-01   4.595986000E+00 
                 400000  7.100000000E-01 
                 200000  2.900000000E-01 
852020   At202   2       3.767104242E-03   5.430885000E+00   1.540008000E+00   1.540008000E+00   2.350869000E+00 
                 200000  6.300000000E-01 
                 400000  3.700000000E-01 
852021   At202m1 2       3.808500992E-03   5.016349900E+00   2.231789000E+00   2.231789000E+00   5.527719000E-01 
                 200000  9.130000000E-01 
                 400000  8.700000000E-02 
852022   At202m2 2       1.506841697E+00   3.979546000E-01   0.000000000E+00   3.916080000E-01   6.346600000E-03 
                 400000  1.000000000E-03 
                 300000  9.990000000E-01 
852030   At203   2       1.561142299E-03   4.291171000E+00   1.183028000E+00   1.183028000E+00   1.925115000E+00 
                 400000  3.100000000E-01 
                 200000  6.900000000E-01 
852040   At204   2       1.252977550E-03   2.817549100E+00   4.017125000E-01   2.178618000E+00   2.372186000E-01 
                 200000  9.609000000E-01 
                 400000  3.910000000E-02 
852041   At204m1 1       6.418029450E+00   5.870579900E-01   3.577539000E-02   5.512826000E-01   0.000000000E+00 
                 300000  1.000000000E+00 
852050   At205   2       4.294592197E-04   2.062025200E+00   1.687931000E-01   1.291516000E+00   6.017161000E-01 
                 400000  1.000000000E-01 
                 200000  9.000000000E-01 
852060   At206   2       3.775311441E-04   2.730336630E+00   3.360940000E-01   2.341900000E+00   5.234263000E-02 
                 400000  9.000000000E-03 
                 200000  9.910000000E-01 
852070   At207   2       1.069671575E-04   2.537822200E+00   1.189783000E-01   1.914087000E+00   5.047569000E-01 
                 400000  8.600000000E-02 
                 200000  9.140000000E-01 
852080   At208   2       1.181232414E-04   2.981577500E+00   1.449851000E-01   2.805007000E+00   3.158540000E-02 
                 400000  5.500000000E-03 
                 200000  9.945000000E-01 
852090   At209   2       3.558981211E-05   2.591114800E+00   1.116296000E-01   2.243763000E+00   2.357222000E-01 
                 400000  4.100000000E-02 
                 200000  9.590000000E-01 
852100   At210   2       2.377047944E-05   3.049890078E+00   7.584640000E-02   2.964339000E+00   9.704678000E-03 
                 400000  1.750000000E-03 
                 200000  9.982500000E-01 
852110   At211   2       2.668989236E-05   2.544677102E+00   5.461392000E-03   3.897271000E-02   2.500243000E+00 
                 400000  4.180000000E-01 
                 200000  5.820000000E-01 
852120   At212   1       2.207475097E+00   7.794469000E+00   0.000000000E+00   0.000000000E+00   7.794469000E+00 
                 400000  1.000000000E+00 
852121   At212m1 1       5.824766223E+00   8.024171040E+00   0.000000000E+00   4.191804000E-02   7.982253000E+00 
                 400000  1.000000000E+00 
852130   At213   1       5.545177444E+06   9.250516000E+00   0.000000000E+00   0.000000000E+00   9.250516000E+00 
                 400000  1.000000000E+00 
852140   At214   1       1.242199248E+06   8.979572000E+00   0.000000000E+00   0.000000000E+00   8.979572000E+00 
                 400000  1.000000000E+00 
852150   At215   1       6.931471806E+03   8.175312616E+00   2.847014000E-05   1.751458000E-04   8.175109000E+00 
                 400000  1.000000000E+00 
852160   At216   1       2.310490602E+03   7.963340927E+00   1.094115000E-03   2.441812000E-03   7.959805000E+00 
                 400000  1.000000000E+00 
852170   At217   2       2.145966503E+01   7.193989761E+00   4.665165000E-05   2.101095000E-04   7.193733000E+00 
                 400000  9.999300000E-01 
                 100000  7.000000000E-05 
852180   At218   2       4.620981204E-01   6.866153380E+00   1.094800000E-03   5.636458000E-02   6.808694000E+00 
                 400000  9.990000000E-01 
                 100000  1.000000000E-03 
852190   At219   2       1.237762822E-02   6.148156000E+00   1.641000000E-02   0.000000000E+00   6.131746000E+00 
                 400000  9.700000000E-01 
                 100000  3.000000000E-02 
852200   At220   2       3.113868736E-03   2.074673800E+00   1.218129000E+00   3.724604000E-01   4.840844000E-01 
                 400000  8.000000000E-02 
                 100000  9.200000000E-01 
852210   At221   1       5.022805656E-03   1.560666600E+00   7.803333000E-01   7.803333000E-01   0.000000000E+00 
                 100000  1.000000000E+00 
852220   At222   1       1.283605890E-02   2.951334000E+00   1.475667000E+00   1.475667000E+00   0.000000000E+00 
                 100000  1.000000000E+00 
852230   At223   1       1.386294361E-02   2.111334000E+00   1.055667000E+00   1.055667000E+00   0.000000000E+00 
                 100000  1.000000000E+00 
861950   Rn195   1       1.066380278E+02   7.694100000E+00   0.000000000E+00   0.000000000E+00   7.694100000E+00 
                 400000  1.000000000E+00 
861951   Rn195m1 1       1.386294361E+02   7.740000000E+00   0.000000000E+00   0.000000000E+00   7.740000000E+00 
                 400000  1.000000000E+00 
861960   Rn196   1       1.506841697E+02   7.602112000E+00   0.000000000E+00   0.000000000E+00   7.602112000E+00 
                 400000  1.000000000E+00 
861970   Rn197   1       1.050223001E+01   7.407411000E+00   0.000000000E+00   0.000000000E+00   7.407411000E+00 
                 400000  1.000000000E+00 
861971   Rn197m1 1       3.300700860E+01   7.410800000E+00   0.000000000E+00   0.000000000E+00   7.410800000E+00 
                 400000  1.000000000E+00 
861980   Rn198   1       1.066380278E+01   7.306231000E+00   0.000000000E+00   0.000000000E+00   7.306231000E+00 
                 400000  1.000000000E+00 
861990   Rn199   2       1.174825730E+00   6.995944600E+00   1.460218000E-01   1.460218000E-01   6.703901000E+00 
                 200000  6.000000000E-02 
                 400000  9.400000000E-01 
861991   Rn199m1 2       2.235958647E+00   7.249838000E+00   7.491900000E-02   7.491900000E-02   7.100000000E+00 
                 200000  3.000000000E-02 
                 400000  9.700000000E-01 
862000   Rn200   2       6.447880749E-01   6.522331400E+00   2.324777000E-01   2.324777000E-01   6.057376000E+00 
                 400000  8.600000000E-01 
                 200000  1.400000000E-01 
862010   Rn201   2       9.902102579E-02   5.669541000E+00   1.119553000E+00   1.119553000E+00   3.430435000E+00 
                 400000  5.000000000E-01 
                 200000  5.000000000E-01 
862011   Rn201m1 2       1.824071528E-01   5.669541000E+00   1.119553000E+00   1.119553000E+00   3.430435000E+00 
                 400000  5.000000000E-01 
                 200000  5.000000000E-01 
862020   Rn202   2       7.145847222E-02   5.916298400E+00   3.164957000E-01   3.164957000E-01   5.283307000E+00 
                 400000  7.800000000E-01 
                 200000  2.200000000E-01 
862030   Rn203   2       1.575334501E-02   5.736386800E+00   6.803629000E-01   6.803629000E-01   4.375661000E+00 
                 400000  6.600000000E-01 
                 200000  3.400000000E-01 
862031   Rn203m1 2       2.576755318E-02   6.305000000E+00   5.305000000E-01   5.305000000E-01   5.244000000E+00 
                 400000  7.500000000E-01 
                 200000  2.500000000E-01 
862040   Rn204   2       9.873891461E-03   5.478637400E+00   3.502112000E-01   3.502112000E-01   4.778215000E+00 
                 400000  7.300000000E-01 
                 200000  2.700000000E-01 
862050   Rn205   2       4.077336356E-03   4.213830000E+00   1.321422000E+00   1.321422000E+00   1.570986000E+00 
                 400000  2.460000000E-01 
                 200000  7.540000000E-01 
862060   Rn206   2       2.037469667E-03   4.794999800E+00   4.185159000E-01   4.185159000E-01   3.957968000E+00 
                 400000  6.200000000E-01 
                 200000  3.800000000E-01 
862070   Rn207   2       1.248913839E-03   2.325611500E+00   2.042602000E-01   8.090733000E-01   1.312278000E+00 
                 400000  2.100000000E-01 
                 200000  7.900000000E-01 
862080   Rn208   2       4.744333885E-04   4.601932000E+00   3.601615000E-01   3.601615000E-01   3.881609000E+00 
                 400000  6.200000000E-01 
                 200000  3.800000000E-01 
862090   Rn209   2       4.011268406E-04   2.148213100E+00   1.160782000E-01   9.859749000E-01   1.046160000E+00 
                 400000  1.700000000E-01 
                 200000  8.300000000E-01 
862100   Rn210   2       8.022536812E-05   5.976871476E+00   8.365456000E-03   5.872002000E-02   5.909786000E+00 
                 400000  9.600000000E-01 
                 200000  4.000000000E-02 
862110   Rn211   2       1.318773175E-05   3.547661150E+00   6.168415000E-02   1.870291000E+00   1.615686000E+00 
                 400000  2.740000000E-01 
                 200000  7.260000000E-01 
862120   Rn212   1       4.833662347E-04   6.381842000E+00   0.000000000E+00   0.000000000E+00   6.381842000E+00 
                 400000  1.000000000E+00 
862130   Rn213   1       2.772588722E+01   8.234437000E+00   0.000000000E+00   0.000000000E+00   8.234437000E+00 
                 400000  1.000000000E+00 
862140   Rn214   1       2.567211780E+06   9.208400000E+00   0.000000000E+00   0.000000000E+00   9.208400000E+00 
                 400000  1.000000000E+00 
862150   Rn215   1       3.013683394E+05   8.835377000E+00   0.000000000E+00   0.000000000E+00   8.835377000E+00 
                 400000  1.000000000E+00 
862160   Rn216   1       1.540327068E+04   8.200080000E+00   0.000000000E+00   0.000000000E+00   8.200080000E+00 
                 400000  1.000000000E+00 
862170   Rn217   1       1.283605890E+03   7.883691000E+00   0.000000000E+00   0.000000000E+00   7.883691000E+00 
                 400000  1.000000000E+00 
862180   Rn218   1       1.980420516E+01   7.259790929E+00   1.382957000E-05   7.570996000E-04   7.259020000E+00 
                 400000  1.000000000E+00 
862190   Rn219   1       1.750371668E-01   6.942670559E+00   6.546369000E-03   5.812819000E-02   6.877996000E+00 
                 400000  1.000000000E+00 
862200   Rn220   1       1.246667591E-02   6.402423462E+00   1.407844000E-05   6.283831000E-04   6.401781000E+00 
                 400000  1.000000000E+00 
862210   Rn221   2       4.495117902E-04   1.627283200E+00   2.882838000E-01   1.195424000E-01   1.219457000E+00 
                 400000  2.200000000E-01 
                 100000  7.800000000E-01 
862220   Rn222   1       2.098218076E-06   5.588302360E+00   1.043851000E-05   3.889215000E-04   5.587903000E+00 
                 400000  1.000000000E+00 
862230   Rn223   1       4.754095889E-04   9.096114000E-01   6.002706000E-01   3.093408000E-01   0.000000000E+00 
                 100000  1.000000000E+00 
862240   Rn224   1       1.079668506E-04   5.220000000E-01   2.610000000E-01   2.610000000E-01   0.000000000E+00 
                 100000  1.000000000E+00 
862250   Rn225   1       2.479067169E-03   1.399635600E+00   8.276658000E-01   5.719698000E-01   0.000000000E+00 
                 100000  1.000000000E+00 
862260   Rn226   1       1.561142299E-03   9.340000000E-01   4.670000000E-01   4.670000000E-01   0.000000000E+00 
                 100000  1.000000000E+00 
862270   Rn227   1       3.332438368E-02   2.217334000E+00   1.108667000E+00   1.108667000E+00   0.000000000E+00 
                 100000  1.000000000E+00 
862280   Rn228   1       1.066380278E-02   1.401333400E+00   7.006667000E-01   7.006667000E-01   0.000000000E+00 
                 100000  1.000000000E+00 
871990   Fr199   1       4.620981204E+01   7.810000000E+00   0.000000000E+00   0.000000000E+00   7.810000000E+00 
                 400000  1.000000000E+00 
872000   Fr200   1       1.414586083E+01   7.620700000E+00   0.000000000E+00   0.000000000E+00   7.620700000E+00 
                 400000  1.000000000E+00 
872010   Fr201   1       1.004561131E+01   7.507488000E+00   0.000000000E+00   0.000000000E+00   7.507488000E+00 
                 400000  1.000000000E+00 
872020   Fr202   1       2.310490602E+00   7.388970000E+00   0.000000000E+00   0.000000000E+00   7.388970000E+00 
                 400000  1.000000000E+00 
872021   Fr202m1 1       2.390162692E+00   7.388970000E+00   0.000000000E+00   0.000000000E+00   7.388970000E+00 
                 400000  1.000000000E+00 
872030   Fr203   1       1.260267601E+00   7.255540000E+00   0.000000000E+00   0.000000000E+00   7.255540000E+00 
                 400000  1.000000000E+00 
872040   Fr204   2       4.077336356E-01   6.882695200E+00   5.728356000E-01   5.728356000E-01   5.737024000E+00 
                 200000  2.000000000E-01 
                 400000  8.000000000E-01 
872041   Fr204m1 1       2.665950694E-01   7.170000000E+00   0.000000000E+00   0.000000000E+00   7.170000000E+00 
                 400000  1.000000000E+00 
872042   Fr204m2 2       6.931471806E-01   7.102160000E+00   0.000000000E+00   3.160000000E-03   7.099000000E+00 
                 400000  9.900000000E-01 
                 300000  1.000000000E-02 
872050   Fr205   1       1.824071528E-01   7.054860000E+00   0.000000000E+00   0.000000000E+00   7.054860000E+00 
                 400000  1.000000000E+00 
872060   Fr206   2       4.332169878E-02   6.655437600E+00   4.198908000E-01   4.198908000E-01   5.815656000E+00 
                 200000  1.600000000E-01 
                 400000  8.400000000E-01 
872061   Fr206m1 2       4.332169878E-02   6.655437600E+00   4.198908000E-01   4.198908000E-01   5.815656000E+00 
                 200000  1.600000000E-01 
                 400000  8.400000000E-01 
872062   Fr206m2 2       9.902102579E-01   8.771700000E-01   0.000000000E+00   5.044500000E-01   3.727200000E-01 
                 400000  5.000000000E-02 
                 300000  9.500000000E-01 
872070   Fr207   2       4.683426896E-02   6.745083400E+00   9.649020000E-02   9.649020000E-02   6.552103000E+00 
                 400000  9.500000000E-01 
                 200000  5.000000000E-02 
872080   Fr208   2       1.172837869E-02   6.336807480E+00   7.060898000E-02   2.420455000E-01   6.024153000E+00 
                 200000  1.100000000E-01 
                 400000  8.900000000E-01 
872090   Fr209   2       1.386294361E-02   6.410221800E+00   1.891769000E-01   1.891769000E-01   6.031868000E+00 
                 400000  8.900000000E-01 
                 200000  1.100000000E-01 
872100   Fr210   2       3.632846858E-03   5.656225600E+00   8.335658000E-01   8.335658000E-01   3.989094000E+00 
                 400000  6.000000000E-01 
                 200000  4.000000000E-01 
872110   Fr211   2       3.726597745E-03   5.941033800E+00   3.065249000E-01   3.065249000E-01   5.327984000E+00 
                 400000  8.000000000E-01 
                 200000  2.000000000E-01 
872120   Fr212   2       5.776226505E-04   4.019356800E+00   1.266218000E-01   1.073458000E+00   2.819277000E+00 
                 400000  4.300000000E-01 
                 200000  5.700000000E-01 
872130   Fr213   2       1.990658187E-02   6.874223730E+00   4.010365000E-03   4.010365000E-03   6.866203000E+00 
                 400000  9.944000000E-01 
                 200000  5.600000000E-03 
872140   Fr214   1       1.386294361E+02   8.577232000E+00   0.000000000E+00   0.000000000E+00   8.577232000E+00 
                 400000  1.000000000E+00 
872141   Fr214m1 1       2.069096061E+02   8.660412000E+00   0.000000000E+00   0.000000000E+00   8.660412000E+00 
                 400000  1.000000000E+00 
872150   Fr215   1       8.059850937E+06   9.534140000E+00   0.000000000E+00   0.000000000E+00   9.534140000E+00 
                 400000  1.000000000E+00 
872160   Fr216   1       9.902102579E+05   8.776490554E+00   5.539448000E-04   6.596089000E-04   8.775277000E+00 
                 400000  1.000000000E+00 
872170   Fr217   1       3.648143056E+04   8.468272000E+00   0.000000000E+00   0.000000000E+00   8.468272000E+00 
                 400000  1.000000000E+00 
872180   Fr218   1       6.931471806E+02   8.013553160E+00   0.000000000E+00   2.655816000E-02   7.986995000E+00 
                 400000  1.000000000E+00 
872181   Fr218m1 1       3.150669003E+01   7.664783000E+00   0.000000000E+00   0.000000000E+00   7.664783000E+00 
                 400000  1.000000000E+00 
872190   Fr219   1       3.465735903E+01   7.444463316E+00   4.072770000E-04   3.540039000E-03   7.440516000E+00 
                 400000  1.000000000E+00 
872200   Fr220   2       2.529734236E-02   6.694076063E+00   1.461760000E-02   9.329463000E-03   6.670129000E+00 
                 400000  9.965000000E-01 
                 100000  3.500000000E-03 
872210   Fr221   1       2.357643471E-03   6.508179125E+00   8.254865000E-03   2.857426000E-02   6.471350000E+00 
                 400000  1.000000000E+00 
872220   Fr222   1       8.135530288E-04   8.830004000E-01   7.095762000E-01   1.734242000E-01   0.000000000E+00 
                 100000  1.000000000E+00 
872230   Fr223   2       5.251115004E-04   4.200267484E-01   3.709948000E-01   4.869835000E-02   3.335984000E-04 
                 400000  6.000000000E-05 
                 100000  9.999400000E-01 
872240   Fr224   1       3.469205108E-03   1.408864100E+00   8.754688000E-01   5.333953000E-01   0.000000000E+00 
                 100000  1.000000000E+00 
872250   Fr225   1       2.924671648E-03   1.213333400E+00   6.066667000E-01   6.066667000E-01   0.000000000E+00 
                 100000  1.000000000E+00 
872260   Fr226   1       1.414586083E-02   1.653237400E+00   1.219191000E+00   4.340464000E-01   0.000000000E+00 
                 100000  1.000000000E+00 
872270   Fr227   1       4.677106482E-03   1.200600500E+00   7.656396000E-01   4.349609000E-01   0.000000000E+00 
                 100000  1.000000000E+00 
872280   Fr228   1       1.824071528E-02   2.102543800E+00   1.432930000E+00   6.696138000E-01   0.000000000E+00 
                 100000  1.000000000E+00 
872290   Fr229   1       1.380771276E-02   1.521873300E+00   9.620143000E-01   5.598590000E-01   0.000000000E+00 
                 100000  1.000000000E+00 
872300   Fr230   1       3.629042830E-02   2.598079900E+00   1.738712000E+00   8.593679000E-01   0.000000000E+00 
                 100000  1.000000000E+00 
872310   Fr231   1       3.938336253E-02   1.816317300E+00   1.368679000E+00   4.476383000E-01   0.000000000E+00 
                 100000  1.000000000E+00 
872320   Fr232   1       1.260267601E-01   2.506906900E+00   2.270164000E+00   2.367429000E-01   0.000000000E+00 
                 100000  1.000000000E+00 
882020   Ra202   1       2.520535202E+01   8.019020000E+00   0.000000000E+00   0.000000000E+00   8.019020000E+00 
                 400000  1.000000000E+00 
882030   Ra203   1       2.235958647E+01   7.738537000E+00   0.000000000E+00   0.000000000E+00   7.738537000E+00 
                 400000  1.000000000E+00 
882031   Ra203m1 1       2.772588722E+01   7.729600000E+00   0.000000000E+00   0.000000000E+00   7.729600000E+00 
                 400000  1.000000000E+00 
882040   Ra204   1       1.145697819E+01   7.635560000E+00   0.000000000E+00   0.000000000E+00   7.635560000E+00 
                 400000  1.000000000E+00 
882050   Ra205   1       3.150669003E+00   7.486400000E+00   0.000000000E+00   0.000000000E+00   7.486400000E+00 
                 400000  1.000000000E+00 
882051   Ra205m1 1       3.850817670E+00   7.486400000E+00   0.000000000E+00   0.000000000E+00   7.486400000E+00 
                 400000  1.000000000E+00 
882060   Ra206   1       2.888113252E+00   7.415180000E+00   0.000000000E+00   0.000000000E+00   7.415180000E+00 
                 400000  1.000000000E+00 
882070   Ra207   2       5.331901389E-01   6.971235000E+00   2.126505000E-01   2.126505000E-01   6.545934000E+00 
                 400000  9.000000000E-01 
                 200000  1.000000000E-01 
882071   Ra207m1 3       1.260267601E+01   1.549394000E+00   7.992000000E-03   4.074920000E-01   1.133910000E+00 
                 400000  1.465000000E-01 
                 200000  3.500000000E-03 
                 300000  8.500000000E-01 
882080   Ra208   2       5.331901389E-01   7.055377000E+00   7.298500000E-02   7.298500000E-02   6.909407000E+00 
                 400000  9.500000000E-01 
                 200000  5.000000000E-02 
882090   Ra209   2       1.506841697E-01   6.804483000E+00   1.874730000E-01   1.874730000E-01   6.429537000E+00 
                 400000  9.000000000E-01 
                 200000  1.000000000E-01 
882100   Ra210   2       1.873370758E-01   6.967120380E+00   5.076319000E-02   5.076319000E-02   6.865594000E+00 
                 400000  9.600000000E-01 
                 200000  4.000000000E-02 
882110   Ra211   2       5.331901389E-02   6.782650400E+00   1.165302000E-01   1.165302000E-01   6.549590000E+00 
                 400000  9.300000000E-01 
                 200000  7.000000000E-02 
882120   Ra212   2       5.331901389E-02   6.311510600E+00   1.673083000E-01   1.673083000E-01   5.976894000E+00 
                 400000  8.500000000E-01 
                 200000  1.500000000E-01 
882130   Ra213   2       4.231667769E-03   6.010080600E+00   2.605003000E-01   2.605003000E-01   5.489080000E+00 
                 400000  8.000000000E-01 
                 200000  2.000000000E-01 
882131   Ra213m1 2       3.300700860E+02   1.823763500E+00   1.026560000E-01   1.635230000E+00   8.587750000E-02 
                 400000  1.000000000E-02 
                 300000  9.900000000E-01 
882140   Ra214   2       2.817671466E-01   7.266108043E+00   0.000000000E+00   1.283043000E-03   7.264825000E+00 
                 400000  9.994100000E-01 
                 200000  5.900000000E-04 
882150   Ra215   1       4.471917294E+02   8.831525000E+00   0.000000000E+00   0.000000000E+00   8.831525000E+00 
                 400000  1.000000000E+00 
882160   Ra216   2       3.808500992E+06   9.525690000E+00   1.040310000E-11   1.040310000E-11   9.525690000E+00 
                 400000  1.000000000E+00 
                 200000  1.000000000E-10 
882170   Ra217   1       4.332169878E+05   9.157751000E+00   0.000000000E+00   0.000000000E+00   9.157751000E+00 
                 400000  1.000000000E+00 
882180   Ra218   1       2.750584050E+04   8.545920000E+00   0.000000000E+00   0.000000000E+00   8.545920000E+00 
                 400000  1.000000000E+00 
882190   Ra219   1       6.931471806E+01   8.169902430E+00   3.929683000E-02   1.879546000E-01   7.942651000E+00 
                 400000  1.000000000E+00 
882200   Ra220   1       3.850817670E+01   7.588749076E+00   1.684446000E-04   4.673631000E-03   7.583907000E+00 
                 400000  1.000000000E+00 
882210   Ra221   1       2.475525645E-02   7.117498030E+00   6.032675000E-02   3.901328000E-02   7.018158000E+00 
                 400000  1.000000000E+00 
882220   Ra222   1       1.916359360E-02   6.674712279E+00   8.226140000E-04   9.188665000E-03   6.664701000E+00 
                 400000  1.000000000E+00 
882230   Ra223   1       7.018842355E-07   5.968383700E+00   6.793400000E-02   1.335607000E-01   5.766889000E+00 
                 400000  1.000000000E+00 
882240   Ra224   1       2.191949949E-06   5.787142934E+00   2.283454000E-03   1.038848000E-02   5.774471000E+00 
                 400000  1.000000000E+00 
882250   Ra225   1       5.384252894E-07   1.183989700E-01   1.044152000E-01   1.398377000E-02   0.000000000E+00 
                 100000  1.000000000E+00 
882260   Ra226   1       1.372780708E-11   4.869972875E+00   3.674897000E-03   7.293978000E-03   4.859004000E+00 
                 400000  1.000000000E+00 
882270   Ra227   1       2.737548106E-04   5.734831000E-01   4.355774000E-01   1.379057000E-01   0.000000000E+00 
                 100000  1.000000000E+00 
882280   Ra228   1       3.819914561E-09   1.071120100E-02   1.032167000E-02   3.895310000E-04   0.000000000E+00 
                 100000  1.000000000E+00 
882290   Ra229   1       2.888113252E-03   6.268000000E-01   6.268000000E-01   0.000000000E+00   0.000000000E+00 
                 100000  1.000000000E+00 
882300   Ra230   1       1.242199248E-04   4.733334000E-01   2.366667000E-01   2.366667000E-01   0.000000000E+00 
                 100000  1.000000000E+00 
882310   Ra231   1       6.729584277E-03   1.652666600E+00   8.263333000E-01   8.263333000E-01   0.000000000E+00 
                 100000  1.000000000E+00 
882320   Ra232   1       2.750584050E-03   1.000000000E+00   5.000000000E-01   5.000000000E-01   0.000000000E+00 
                 100000  1.000000000E+00 
882330   Ra233   1       2.310490602E-02   2.179334000E+00   1.089667000E+00   1.089667000E+00   0.000000000E+00 
                 100000  1.000000000E+00 
882340   Ra234   1       2.310490602E-02   1.418666600E+00   7.093333000E-01   7.093333000E-01   0.000000000E+00 
                 100000  1.000000000E+00 
892060   Ac206   1       2.888113252E+01   7.944600000E+00   0.000000000E+00   0.000000000E+00   7.944600000E+00 
                 400000  1.000000000E+00 
892061   Ac206m1 1       1.754802989E+01   7.944600000E+00   0.000000000E+00   0.000000000E+00   7.944600000E+00 
                 400000  1.000000000E+00 
892070   Ac207   1       2.567211780E+01   7.841657000E+00   0.000000000E+00   0.000000000E+00   7.841657000E+00 
                 400000  1.000000000E+00 
892080   Ac208   1       7.296286111E+00   7.640439000E+00   0.000000000E+00   0.000000000E+00   7.640439000E+00 
                 400000  1.000000000E+00 
892081   Ac208m1 2       2.772588722E+01   7.660000000E+00   3.020000000E-01   3.020000000E-01   7.056000000E+00 
                 200000  1.000000000E-01 
                 400000  9.000000000E-01 
892090   Ac209   1       7.072930414E+00   7.722014000E+00   0.000000000E+00   0.000000000E+00   7.722014000E+00 
                 400000  1.000000000E+00 
892100   Ac210   2       1.980420516E+00   7.422261800E+00   2.498549000E-01   2.498549000E-01   6.922552000E+00 
                 200000  9.000000000E-02 
                 400000  9.100000000E-01 
892110   Ac211   1       3.300700860E+00   7.618744000E+00   0.000000000E+00   0.000000000E+00   7.618744000E+00 
                 400000  1.000000000E+00 
892120   Ac212   2       7.453195490E-01   6.427113000E+00   1.070693000E+00   1.070693000E+00   4.285727000E+00 
                 400000  5.700000000E-01 
                 200000  4.300000000E-01 
892130   Ac213   1       8.664339757E-01   7.502291000E+00   0.000000000E+00   0.000000000E+00   7.502291000E+00 
                 400000  1.000000000E+00 
892140   Ac214   2       8.453014397E-02   7.005802600E+00   2.320443000E-01   2.320443000E-01   6.541714000E+00 
                 400000  8.900000000E-01 
                 200000  1.100000000E-01 
892150   Ac215   2       4.077336356E+00   7.734595000E+00   0.000000000E+00   0.000000000E+00   7.734595000E+00 
                 400000  9.991000000E-01 
                 200000  9.000000000E-04 
892160   Ac216   1       1.575334501E+03   9.224519000E+00   0.000000000E+00   0.000000000E+00   9.224519000E+00 
                 400000  1.000000000E+00 
892161   Ac216m1 1       1.571762314E+03   9.216188300E+00   0.000000000E+00   1.594430000E-02   9.200244000E+00 
                 400000  1.000000000E+00 
892170   Ac217   1       1.004561131E+07   9.827880000E+00   0.000000000E+00   0.000000000E+00   9.827880000E+00 
                 400000  1.000000000E+00 
892180   Ac218   1       6.418029450E+05   9.373899000E+00   0.000000000E+00   0.000000000E+00   9.373899000E+00 
                 400000  1.000000000E+00 
892190   Ac219   1       5.874128649E+04   8.822247000E+00   0.000000000E+00   0.000000000E+00   8.822247000E+00 
                 400000  1.000000000E+00 
892200   Ac220   1       2.625557502E+01   8.194900100E+00   1.148985000E-01   1.277676000E-01   7.952234000E+00 
                 400000  1.000000000E+00 
892210   Ac221   1       1.332975347E+01   7.734512000E+00   0.000000000E+00   0.000000000E+00   7.734512000E+00 
                 400000  1.000000000E+00 
892220   Ac222   2       1.386294361E-01   7.060775000E+00   0.000000000E+00   0.000000000E+00   7.060775000E+00 
                 400000  9.900000000E-01 
                 200000  1.000000000E-02 
892221   Ac222m1 3       1.100233620E-02   6.374479452E+00   5.437726000E-03   5.437726000E-03   6.363604000E+00 
                 400000  8.915906000E-01 
                 200000  7.092198000E-03 
                 300000  1.013171000E-01 
892230   Ac223   1       5.501168100E-03   6.754965690E+00   1.869185000E-02   1.733584000E-02   6.718938000E+00 
                 400000  1.000000000E+00 
892240   Ac224   2       6.925931061E-05   8.385876400E-01   4.525284000E-02   2.307779000E-01   5.625569000E-01 
                 400000  9.100000000E-02 
                 200000  9.090000000E-01 
892250   Ac225   1       8.022536812E-07   5.932360570E+00   3.849319000E-02   1.537038000E-02   5.878497000E+00 
                 400000  1.000000000E+00 
892260   Ac226   3       6.555699131E-06   4.215883735E-01   2.891287000E-01   1.321300000E-01   3.296735000E-04 
                 100000  8.299700000E-01 
                 200000  1.699700000E-01 
                 400000  6.000000000E-05 
892270   Ac227   2       1.008841984E-09   8.578934950E-02   1.361582000E-02   6.727895000E-04   7.150074000E-02 
                 400000  1.380000000E-02 
                 100000  9.862000000E-01 
892280   Ac228   1       3.130746073E-05   1.303073400E+00   4.247799000E-01   8.782935000E-01   0.000000000E+00 
                 100000  1.000000000E+00 
892290   Ac229   1       1.842496493E-04   4.314183600E-01   3.723307000E-01   5.908766000E-02   0.000000000E+00 
                 100000  1.000000000E+00 
892300   Ac230   1       5.681534267E-03   1.394670500E+00   8.852461000E-01   5.094244000E-01   0.000000000E+00 
                 100000  1.000000000E+00 
892310   Ac231   1       1.540327068E-03   1.038507400E+00   6.254882000E-01   4.130192000E-01   0.000000000E+00 
                 100000  1.000000000E+00 
892320   Ac232   1       5.824766223E-03   2.091258200E+00   9.424332000E-01   1.148825000E+00   0.000000000E+00 
                 100000  1.000000000E+00 
892330   Ac233   1       4.780325383E-03   1.334797000E+00   8.362166000E-01   4.985804000E-01   0.000000000E+00 
                 100000  1.000000000E+00 
892340   Ac234   1       1.575334501E-02   2.992666000E+00   1.496333000E+00   1.496333000E+00   0.000000000E+00 
                 100000  1.000000000E+00 
892350   Ac235   1       1.155245301E-02   2.311334000E+00   1.155667000E+00   1.155667000E+00   0.000000000E+00 
                 100000  1.000000000E+00 
892360   Ac236   1       5.776226505E-03   3.206664000E+00   1.603332000E+00   1.603332000E+00   0.000000000E+00 
                 100000  1.000000000E+00 
902090   Th209   1       1.066380278E+02   8.238000000E+00   0.000000000E+00   0.000000000E+00   8.238000000E+00 
                 400000  1.000000000E+00 
902100   Th210   1       4.332169878E+01   8.049457000E+00   0.000000000E+00   0.000000000E+00   8.049457000E+00 
                 400000  1.000000000E+00 
902110   Th211   1       1.386294361E+01   7.942900000E+00   0.000000000E+00   0.000000000E+00   7.942900000E+00 
                 400000  1.000000000E+00 
902120   Th212   2       1.980420516E+01   7.938061276E+00   4.798138000E-03   4.798138000E-03   7.928465000E+00 
                 400000  9.970089000E-01 
                 200000  2.991026000E-03 
902130   Th213   1       4.951051290E+00   7.836451000E+00   0.000000000E+00   0.000000000E+00   7.836451000E+00 
                 400000  1.000000000E+00 
902140   Th214   1       6.931471806E+00   7.825980000E+00   0.000000000E+00   0.000000000E+00   7.825980000E+00 
                 400000  1.000000000E+00 
902150   Th215   1       5.776226505E-01   7.659330000E+00   0.000000000E+00   8.486400000E-02   7.574466000E+00 
                 400000  1.000000000E+00 
902160   Th216   1       2.665950694E+01   8.068686484E+00   6.816125000E-05   3.324323000E-03   8.065294000E+00 
                 400000  1.000000000E+00 
902170   Th217   1       2.761542552E+03   9.393629000E+00   0.000000000E+00   0.000000000E+00   9.393629000E+00 
                 400000  1.000000000E+00 
902180   Th218   1       5.924334877E+06   9.843358000E+00   0.000000000E+00   0.000000000E+00   9.843358000E+00 
                 400000  1.000000000E+00 
902190   Th219   1       6.601401720E+05   9.510594000E+00   0.000000000E+00   0.000000000E+00   9.510594000E+00 
                 400000  1.000000000E+00 
902200   Th220   2       7.145847222E+04   8.953030001E+00   6.115466000E-10   6.115466000E-10   8.953030000E+00 
                 400000  1.000000000E+00 
                 200000  2.000000000E-09 
902210   Th221   1       4.006631102E+02   8.584908300E+00   3.564910000E-02   1.489202000E-01   8.400339000E+00 
                 400000  1.000000000E+00 
902220   Th222   1       3.098556909E+02   8.114863000E+00   0.000000000E+00   0.000000000E+00   8.114863000E+00 
                 400000  1.000000000E+00 
902230   Th223   1       1.155245301E+00   7.570911350E+00   5.202948000E-02   7.035387000E-02   7.448528000E+00 
                 400000  1.000000000E+00 
902240   Th224   1       6.601401720E-01   7.258140540E+00   1.263463000E-02   2.315791000E-02   7.222348000E+00 
                 400000  1.000000000E+00 
902250   Th225   2       1.324822593E-03   6.274060860E+00   2.240043000E-02   2.240043000E-02   6.229260000E+00 
                 400000  9.000000000E-01 
                 200000  1.000000000E-01 
902260   Th226   1       3.779016359E-04   6.447041064E+00   2.031895000E-02   8.870114000E-03   6.417852000E+00 
                 400000  1.000000000E+00 
902270   Th227   1       4.294719921E-07   6.225374780E+00   5.831448000E-02   1.619453000E-01   6.005115000E+00 
                 400000  1.000000000E+00 
902280   Th228   1       1.148771400E-08   5.521992795E+00   2.000203000E-02   3.512765000E-03   5.498478000E+00 
                 400000  1.000000000E+00 
902290   Th229   1       2.992437090E-12   5.254201000E+00   1.449139000E-01   1.038321000E-01   5.005455000E+00 
                 400000  1.000000000E+00 
902300   Th230   2       2.913840032E-13   4.759532032E+00   1.296523000E-02   1.322802000E-03   4.745244000E+00 
                 600000  2.500000000E-13 
                 400000  1.000000000E+00 
902310   Th231   1       7.544705466E-06   1.653032500E-01   1.418653000E-01   2.343795000E-02   0.000000000E+00 
                 100000  1.000000000E+00 
902320   Th232   2       1.563311217E-18   4.078890002E+00   1.181667000E-02   1.372332000E-03   4.065701000E+00 
                 600000  1.400000000E-11 
                 400000  1.000000000E+00 
902330   Th233   1       5.180472201E-04   4.561524200E-01   4.191694000E-01   3.698302000E-02   0.000000000E+00 
                 100000  1.000000000E+00 
902340   Th234   1       3.328853449E-07   6.652007600E-02   5.894767000E-02   7.572406000E-03   0.000000000E+00 
                 100001  1.000000000E+00 
902350   Th235   1       1.627106058E-03   7.151906200E-01   6.628140000E-01   5.237662000E-02   0.000000000E+00 
                 100000  1.000000000E+00 
902360   Th236   1       3.097172389E-04   3.735198400E-01   3.409869000E-01   3.253294000E-02   0.000000000E+00 
                 100000  1.000000000E+00 
902370   Th237   1       2.457968725E-03   1.706666600E+00   8.533333000E-01   8.533333000E-01   0.000000000E+00 
                 100000  1.000000000E+00 
902380   Th238   1       1.228984363E-03   1.237333400E+00   6.186667000E-01   6.186667000E-01   0.000000000E+00 
                 100000  1.000000000E+00 
912120   Pa212   1       1.359112119E+02   8.429400000E+00   0.000000000E+00   0.000000000E+00   8.429400000E+00 
                 400000  1.000000000E+00 
912130   Pa213   1       1.307824869E+02   8.393900000E+00   0.000000000E+00   0.000000000E+00   8.393900000E+00 
                 400000  1.000000000E+00 
912140   Pa214   1       4.077336356E+01   8.270900000E+00   0.000000000E+00   0.000000000E+00   8.270900000E+00 
                 400000  1.000000000E+00 
912150   Pa215   1       4.951051290E+01   8.241650000E+00   0.000000000E+00   0.000000000E+00   8.241650000E+00 
                 400000  1.000000000E+00 
912160   Pa216   2       4.332169878E+00   8.035008660E+00   4.997433000E-02   4.997433000E-02   7.935060000E+00 
                 400000  9.800000000E-01 
                 200000  2.000000000E-02 
912170   Pa217   1       1.925408835E+02   8.484003000E+00   0.000000000E+00   0.000000000E+00   8.484003000E+00 
                 400000  1.000000000E+00 
912171   Pa217m1 2       5.776226505E+02   8.048430000E+00   0.000000000E+00   4.995000000E-01   7.548930000E+00 
                 400000  7.300000000E-01 
                 300000  2.700000000E-01 
912180   Pa218   1       6.134045846E+03   9.764690000E+00   0.000000000E+00   0.000000000E+00   9.764690000E+00 
                 400000  1.000000000E+00 
912190   Pa219   1       1.307824869E+07   1.008082000E+01   0.000000000E+00   0.000000000E+00   1.008082000E+01 
                 400000  1.000000000E+00 
912200   Pa220   2       8.886502315E+05   9.829100011E+00   5.707768000E-09   5.707768000E-09   9.829100000E+00 
                 400000  1.000000000E+00 
                 200000  3.000000000E-09 
912210   Pa221   1       1.174825730E+05   9.247700000E+00   0.000000000E+00   0.000000000E+00   9.247700000E+00 
                 400000  1.000000000E+00 
912220   Pa222   1       2.100446002E+02   8.847000000E+00   0.000000000E+00   0.000000000E+00   8.847000000E+00 
                 400000  1.000000000E+00 
912230   Pa223   1       1.359112119E+02   8.248193000E+00   0.000000000E+00   0.000000000E+00   8.248193000E+00 
                 400000  1.000000000E+00 
912240   Pa224   1       8.774014944E-01   7.910065690E+00   5.553742000E-02   3.482827000E-02   7.819700000E+00 
                 400000  1.000000000E+00 
912250   Pa225   1       4.077336356E-01   7.358533000E+00   0.000000000E+00   0.000000000E+00   7.358533000E+00 
                 400000  1.000000000E+00 
912260   Pa226   2       6.418029450E-03   5.661830600E+00   2.457958000E-01   2.457958000E-01   5.170239000E+00 
                 400000  7.400000000E-01 
                 200000  2.600000000E-01 
912270   Pa227   2       3.016306269E-04   5.695897700E+00   5.127885000E-02   5.127885000E-02   5.593340000E+00 
                 400000  8.500000000E-01 
                 200000  1.500000000E-01 
912280   Pa228   2       8.751858340E-06   1.557757000E+00   1.029384000E-01   1.333208000E+00   1.216106000E-01 
                 400000  2.000000000E-02 
                 200000  9.800000000E-01 
912290   Pa229   2       5.348357875E-06   1.049495500E-01   1.212665000E-02   6.591710000E-02   2.690580000E-02 
                 400000  4.800000000E-03 
                 200000  9.952000000E-01 
912300   Pa230   3       4.610653340E-07   7.338233229E-01   5.502476000E-02   6.786258000E-01   1.727629000E-04 
                 400000  3.200000000E-05 
                 200000  9.219840000E-01 
                 100000  7.798400000E-02 
912310   Pa231   2       6.704653382E-13   5.080032910E+00   3.139876000E-02   3.968715000E-02   5.008947000E+00 
                 600000  3.000000000E-12 
                 400000  1.000000000E+00 
912320   Pa232   2       6.077679403E-06   1.096823000E+00   1.639812000E-01   9.328418000E-01   0.000000000E+00 
                 100000  9.970000000E-01 
                 200000  3.000000000E-03 
912330   Pa233   1       2.974063693E-07   4.145565000E-01   1.969927000E-01   2.175638000E-01   0.000000000E+00 
                 100000  1.000000000E+00 
912340   Pa234   1       2.873744530E-05   1.909269400E+00   4.274264000E-01   1.481843000E+00   0.000000000E+00 
                 100000  1.000000000E+00 
912341   Pa234m1 2       9.967603977E-03   8.283969500E-01   8.123547000E-01   1.604225000E-02   0.000000000E+00 
                 100000  9.984000000E-01 
                 300000  1.600000000E-03 
912350   Pa235   1       4.726862933E-04   9.400000000E-01   4.700000000E-01   4.700000000E-01   0.000000000E+00 
                 100001  1.000000000E+00 
912360   Pa236   1       1.269500331E-03   1.595691700E+00   7.925608000E-01   8.031309000E-01   0.000000000E+00 
                 100000  1.000000000E+00 
912370   Pa237   1       1.327868162E-03   1.178537200E+00   5.709119000E-01   6.076253000E-01   0.000000000E+00 
                 100000  1.000000000E+00 
912380   Pa238   1       5.089186348E-03   2.306666000E+00   1.153333000E+00   1.153333000E+00   0.000000000E+00 
                 100000  1.000000000E+00 
912390   Pa239   1       1.069671575E-04   1.842000000E+00   9.210000000E-01   9.210000000E-01   0.000000000E+00 
                 100000  1.000000000E+00 
912400   Pa240   1       5.776226505E-03   2.733334000E+00   1.366667000E+00   1.366667000E+00   0.000000000E+00 
                 100000  1.000000000E+00 
922170   U217    1       2.949562470E+01   8.155600000E+00   0.000000000E+00   0.000000000E+00   8.155600000E+00 
                 400000  1.000000000E+00 
922180   U218    1       1.271829689E+03   8.786450000E+00   0.000000000E+00   0.000000000E+00   8.786450000E+00 
                 400000  1.000000000E+00 
922190   U219    1       1.650350430E+04   9.856804000E+00   0.000000000E+00   0.000000000E+00   9.856804000E+00 
                 400000  1.000000000E+00 
922200   U220    2       1.155245301E+07   6.034000000E+00   4.420000000E-01   4.420000000E-01   5.150000000E+00 
                 400000  5.000000000E-01 
                 200000  5.000000000E-01 
922220   U222    1       5.331901389E+05   9.500000000E+00   0.000000000E+00   0.000000000E+00   9.500000000E+00 
                 400000  1.000000000E+00 
922230   U223    1       3.850817670E+04   8.937489000E+00   0.000000000E+00   0.000000000E+00   8.937489000E+00 
                 400000  1.000000000E+00 
922240   U224    1       7.701635340E+02   8.619820000E+00   0.000000000E+00   0.000000000E+00   8.619820000E+00 
                 400000  1.000000000E+00 
922250   U225    1       8.251752150E+00   8.014380000E+00   0.000000000E+00   0.000000000E+00   8.014380000E+00 
                 400000  1.000000000E+00 
922260   U226    1       1.980420516E+00   7.708508500E+00   1.124123000E-02   1.618327000E-02   7.681084000E+00 
                 400000  1.000000000E+00 
922270   U227    1       1.050223001E-02   7.195420250E+00   7.370375000E-02   1.132575000E-01   7.008459000E+00 
                 400000  1.000000000E+00 
922280   U228    2       1.269500331E-03   6.473342600E+00   5.008800000E-03   5.008800000E-03   6.463325000E+00 
                 400000  9.500000000E-01 
                 200000  5.000000000E-02 
922290   U229    2       1.991802243E-04   1.995145200E+00   3.500296000E-01   3.500296000E-01   1.295086000E+00 
                 400000  2.000000000E-01 
                 200000  8.000000000E-01 
922300   U230    1       3.856988852E-07   5.992756702E+00   2.027352000E-02   3.090182000E-03   5.969393000E+00 
                 400000  1.000000000E+00 
922310   U231    2       1.910127812E-06   1.425957592E-01   5.673912000E-02   8.563030000E-02   2.263392000E-04 
                 400000  4.000000000E-05 
                 200000  9.999600000E-01 
922320   U232    2       3.187881726E-10   5.410711727E+00   1.518791000E-02   2.124817000E-03   5.393399000E+00 
                 600000  9.000000000E-13 
                 400000  1.000000000E+00 
922330   U233    1       1.379680174E-13   4.894504368E+00   5.043237000E-03   1.110131000E-03   4.888351000E+00 
                 400000  1.000000000E+00 
922340   U234    2       8.946847655E-14   4.855180869E+00   1.256476000E-02   1.833109000E-03   4.840783000E+00 
                 600000  1.700000000E-11 
                 400000  1.000000000E+00 
922350   U235    2       3.120850693E-17   4.619142610E+00   4.170051000E-02   1.641191000E-01   4.413323000E+00 
                 600000  7.200000000E-11 
                 400000  1.000000000E+00 
922351   U235m1  1       4.443251157E-04   5.680000000E-05   5.680000000E-05   1.092850000E-18   0.000000000E+00 
                 300000  1.000000000E+00 
922360   U236    2       9.378526254E-16   4.562088226E+00   1.032885000E-02   1.592376000E-03   4.550167000E+00 
                 600000  9.000000000E-10 
                 400000  1.000000000E+00 
922370   U237    1       1.188523972E-06   3.081154000E-01   1.730870000E-01   1.350284000E-01   0.000000000E+00 
                 100000  1.000000000E+00 
922380   U238    2       4.915972316E-18   4.267233715E+00   8.359980000E-03   1.281735000E-03   4.257592000E+00 
                 600000  5.460000000E-07 
                 400000  1.000000000E+00 
922390   U239    1       4.926419194E-04   4.603023300E-01   4.094423000E-01   5.086003000E-02   0.000000000E+00 
                 100000  1.000000000E+00 
922400   U240    1       1.365538181E-05   1.340674340E-01   1.282372000E-01   5.830234000E-03   0.000000000E+00 
                 100001  1.000000000E+00 
922410   U241    1       2.310490602E-03   1.266660000E+00   6.333300000E-01   6.333300000E-01   0.000000000E+00 
                 100000  1.000000000E+00 
922420   U242    1       6.876460125E-04   4.257629800E-01   3.894300000E-01   3.633298000E-02   0.000000000E+00 
                 100000  1.000000000E+00 
932250   Np225   1       3.465735903E+05   8.786500000E+00   0.000000000E+00   0.000000000E+00   8.786500000E+00 
                 400000  1.000000000E+00 
932260   Np226   1       1.980420516E+01   8.172124000E+00   0.000000000E+00   0.000000000E+00   8.172124000E+00 
                 400000  1.000000000E+00 
932270   Np227   1       1.359112119E+00   7.816410000E+00   0.000000000E+00   0.000000000E+00   7.816410000E+00 
                 400000  1.000000000E+00 
932280   Np228   2       1.128904203E-02   4.753200000E+00   8.954000000E-01   8.954000000E-01   2.962400000E+00 
                 400000  4.000000000E-01 
                 200000  6.000000000E-01 
932290   Np229   2       2.888113252E-03   5.317580400E+00   2.740202000E-01   2.740202000E-01   4.769540000E+00 
                 400000  6.800000000E-01 
                 200000  3.200000000E-01 
932300   Np230   2       2.511402828E-03   2.545231000E+00   1.170944000E+00   1.170944000E+00   2.033430000E-01 
                 400000  3.000000000E-02 
                 200000  9.700000000E-01 
932310   Np231   2       2.367305945E-04   1.314932000E+00   5.937820000E-01   5.937820000E-01   1.273680000E-01 
                 400000  2.000000000E-02 
                 200000  9.800000000E-01 
932320   Np232   1       7.858811571E-04   1.255738080E+00   5.779408000E-02   1.197944000E+00   0.000000000E+00 
                 200000  1.000000000E+00 
932330   Np233   1       3.191285362E-04   1.014367000E-01   1.281681000E-02   8.861989000E-02   0.000000000E+00 
                 200000  1.000000000E+00 
932340   Np234   1       1.823303821E-06   1.133396120E+00   3.785312000E-02   1.095543000E+00   0.000000000E+00 
                 200000  1.000000000E+00 
932350   Np235   2       2.024870472E-08   1.619412210E-02   8.489579000E-03   7.572592000E-03   1.319511000E-04 
                 400000  2.600000000E-05 
                 200000  9.999740000E-01 
932360   Np236   3       1.435589638E-13   3.917126800E-01   2.231030000E-01   1.586029000E-01   1.000678000E-02 
                 400000  2.000000000E-03 
                 200000  8.630000000E-01 
                 100000  1.350000000E-01 
932361   Np236m1 2       8.557372600E-06   1.393759100E-01   8.993300000E-02   4.944291000E-02   0.000000000E+00 
                 200000  5.000000000E-01 
                 100000  5.000000000E-01 
932370   Np237   1       1.024463942E-14   4.944437520E+00   4.594237000E-02   3.210115000E-02   4.866394000E+00 
                 400000  1.000000000E+00 
932380   Np238   1       3.789578088E-06   8.353362000E-01   2.477494000E-01   5.875868000E-01   0.000000000E+00 
                 100000  1.000000000E+00 
932390   Np239   1       3.405151448E-06   4.049298000E-01   2.305833000E-01   1.743465000E-01   0.000000000E+00 
                 100000  1.000000000E+00 
932400   Np240   1       1.866309048E-04   1.650237300E+00   5.069553000E-01   1.143282000E+00   0.000000000E+00 
                 100000  1.000000000E+00 
932401   Np240m1 2       1.600062744E-03   9.750033000E-01   6.565442000E-01   3.184591000E-01   0.000000000E+00 
                 100000  9.988000000E-01 
                 300000  1.200000000E-03 
932410   Np241   1       8.311117273E-04   4.846712400E-01   4.487057000E-01   3.596554000E-02   0.000000000E+00 
                 100000  1.000000000E+00 
932420   Np242   1       5.251115004E-03   1.132298700E+00   8.890213000E-01   2.432774000E-01   0.000000000E+00 
                 100000  1.000000000E+00 
932421   Np242m1 1       2.100446002E-03   1.800000000E+00   9.000000000E-01   9.000000000E-01   0.000000000E+00 
                 100000  1.000000000E+00 
932430   Np243   1       6.244569194E-03   1.413333400E+00   7.066667000E-01   7.066667000E-01   0.000000000E+00 
                 100000  1.000000000E+00 
932440   Np244   1       5.044739305E-03   2.264000000E+00   1.132000000E+00   1.132000000E+00   0.000000000E+00 
                 100000  1.000000000E+00 
942280   Pu228   1       3.746741517E-01   7.940120000E+00   0.000000000E+00   0.000000000E+00   7.940120000E+00 
                 400000  1.000000000E+00 
942290   Pu229   1       6.188814112E-03   7.597490000E+00   0.000000000E+00   0.000000000E+00   7.597490000E+00 
                 400000  1.000000000E+00 
942300   Pu230   1       6.795560594E-03   7.179890000E+00   0.000000000E+00   0.000000000E+00   7.179890000E+00 
                 400000  1.000000000E+00 
942310   Pu231   2       1.343308489E-03   1.783707900E+00   8.850154000E-01   8.850154000E-01   1.367710000E-02 
                 400000  2.000000000E-03 
                 200000  9.980000000E-01 
942320   Pu232   2       3.417885506E-04   1.274592000E+00   3.015000000E-01   3.015000000E-01   6.715920000E-01 
                 400000  1.000000000E-01 
                 200000  9.000000000E-01 
942330   Pu233   2       5.527489478E-04   1.407499160E+00   6.998998000E-01   6.998998000E-01   7.699560000E-03 
                 400000  1.200000000E-03 
                 200000  9.988000000E-01 
942340   Pu234   2       2.187964585E-05   6.249578000E-01   1.231795000E-01   1.231795000E-01   3.785988000E-01 
                 400000  6.000000000E-02 
                 200000  9.400000000E-01 
942350   Pu235   2       4.566186960E-04   7.594886345E-01   3.796610000E-01   3.796610000E-01   1.666345000E-04 
                 400000  2.799921000E-05 
                 200000  9.999720000E-01 
942360   Pu236   2       7.685272540E-09   5.871632914E+00   1.148837000E-02   2.059544000E-03   5.858085000E+00 
                 600000  8.200000000E-10 
                 400000  1.000000000E+00 
942370   Pu237   2       1.757786330E-07   6.770372700E-02   1.379123000E-02   5.368315000E-02   2.293470000E-04 
                 400000  4.200000000E-05 
                 200000  9.999580000E-01 
942371   Pu237m1 1       3.850817670E+00   1.458729600E-01   1.337940000E-01   1.207896000E-02   0.000000000E+00 
                 300000  1.000000000E+00 
942380   Pu238   2       2.504504551E-10   5.589887237E+00   9.434047000E-03   1.860190000E-03   5.578593000E+00 
                 600000  1.860000000E-09 
                 400000  1.000000000E+00 
942390   Pu239   3       9.110120740E-13   5.243259363E+00   5.765401000E-03   3.669624000E-04   5.237127000E+00 
                 600000  3.100000000E-12 
                 400000  4.626700000E-04 
                 400001  9.995373000E-01 
942400   Pu240   2       3.347744643E-12   5.252243931E+00   9.336042000E-03   1.759889000E-03   5.241148000E+00 
                 600000  5.700000000E-08 
                 400000  1.000000000E+00 
942410   Pu241   2       1.537054508E-09   5.355526303E-03   5.231803000E-03   1.737703000E-06   1.219856000E-04 
                 400000  2.450000000E-05 
                 100000  9.999760000E-01 
942420   Pu242   2       5.880707067E-14   4.982210039E+00   7.964528000E-03   1.513511000E-03   4.972732000E+00 
                 600000  5.500000000E-06 
                 400000  9.999945000E-01 
942430   Pu243   1       3.885005720E-05   1.923294400E-01   1.650422000E-01   2.728724000E-02   0.000000000E+00 
                 100000  1.000000000E+00 
942440   Pu244   2       2.708325573E-16   4.879278930E+00   6.571355000E-03   1.280575000E-03   4.871427000E+00 
                 600000  1.250000000E-03 
                 400000  9.987500000E-01 
942450   Pu245   1       1.833722700E-05   7.196196000E-01   3.289313000E-01   3.906883000E-01   0.000000000E+00 
                 100000  1.000000000E+00 
942460   Pu246   1       7.400864218E-07   2.432202000E-01   1.062244000E-01   1.369958000E-01   0.000000000E+00 
                 100001  1.000000000E+00 
942470   Pu247   1       3.534157186E-06   1.228000000E+00   6.140000000E-01   6.140000000E-01   0.000000000E+00 
                 100000  1.000000000E+00 
952310   Am231   2       6.931471806E-02   5.134000000E+00   6.920000000E-01   6.920000000E-01   3.750000000E+00 
                 400000  5.000000000E-01 
                 200000  5.000000000E-01 
952320   Am232   3       8.774014944E-03   3.472751400E+00   1.627372000E+00   1.627372000E+00   2.180074000E-01 
                 400000  2.997901000E-02 
                 200000  6.995103000E-04 
                 200000  9.693214000E-01 
952330   Am233   1       3.610141565E-03   6.969000000E+00   0.000000000E+00   0.000000000E+00   6.969000000E+00 
                 400000  1.000000000E+00 
952340   Am234   1       4.979505607E-03   2.789334000E+00   1.394667000E+00   1.394667000E+00   0.000000000E+00 
                 200000  1.000000000E+00 
952350   Am235   2       1.121597380E-03   1.671840000E+00   8.226960000E-01   8.226960000E-01   2.644800000E-02 
                 400000  4.000000000E-03 
                 200000  9.960000000E-01 
952360   Am236   2       3.209014725E-03   4.291833400E+00   5.466667000E-01   5.466667000E-01   3.198500000E+00 
                 400000  5.000000000E-01 
                 200000  5.000000000E-01 
952370   Am237   3       1.569626768E-04   4.001573140E-01   3.338632000E-02   3.652350000E-01   1.535994000E-03 
                 200000  7.188897000E-01 
                 200001  2.808602000E-01 
                 400000  2.500000000E-04 
952380   Am238   2       1.178821736E-04   9.294503298E-01   3.940409000E-02   8.900402000E-01   6.039832000E-06 
                 400000  1.000000000E-06 
                 200000  9.999990000E-01 
952390   Am239   2       1.617990618E-05   3.717696403E-01   1.412968000E-01   2.298879000E-01   5.849403000E-04 
                 400000  1.000000000E-04 
                 200000  9.999000000E-01 
952400   Am240   2       3.790174872E-06   1.095727180E+00   7.441280000E-02   1.021304000E+00   1.037993000E-05 
                 200000  9.999981000E-01 
                 400000  1.900000000E-06 
952410   Am241   2       5.077331785E-11   5.627985330E+00   2.050540000E-02   2.632893000E-02   5.581151000E+00 
                 600000  4.300000000E-12 
                 400000  1.000000000E+00 
952420   Am242   2       1.201878174E-05   1.961599600E-01   1.778540000E-01   1.830596000E-02   0.000000000E+00 
                 200000  1.730000000E-01 
                 100000  8.270000000E-01 
952421   Am242m1 3       1.557766436E-10   6.986692100E-02   4.008322000E-02   5.373671000E-03   2.441003000E-02 
                 400000  4.590000000E-03 
                 300000  9.954100000E-01 
                 600000  1.600000000E-10 
952422   Am242m2 2       4.951051290E+01   3.894050000E-04   0.000000000E+00   0.000000000E+00   3.894050000E-04 
                 400000  4.999750000E-05 
                 600000  9.999500000E-01 
952430   Am243   2       2.980252733E-12   5.434399620E+00   2.094127000E-02   5.726435000E-02   5.356194000E+00 
                 600000  3.700000000E-11 
                 400000  1.000000000E+00 
952440   Am244   1       1.906345381E-05   1.124075400E+00   3.186900000E-01   8.053854000E-01   0.000000000E+00 
                 100000  1.000000000E+00 
952441   Am244m1 2       4.443251157E-04   5.327629600E-01   5.171308000E-01   1.563216000E-02   0.000000000E+00 
                 100000  9.996390000E-01 
                 200000  3.610000000E-04 
952450   Am245   1       9.392238219E-05   3.166155200E-01   2.857182000E-01   3.089732000E-02   0.000000000E+00 
                 100000  1.000000000E+00 
952460   Am246   1       2.962167438E-04   1.581996300E+00   7.445732000E-01   8.374231000E-01   0.000000000E+00 
                 100000  1.000000000E+00 
952461   Am246m1 1       4.620981204E-04   1.474138800E+00   4.987514000E-01   9.753874000E-01   0.000000000E+00 
                 100000  1.000000000E+00 
952470   Am247   1       5.022805656E-04   7.022536000E-01   5.713660000E-01   1.308876000E-01   0.000000000E+00 
                 100000  1.000000000E+00 
952480   Am248   1       1.155245301E-03   2.113334000E+00   1.056667000E+00   1.056667000E+00   0.000000000E+00 
                 100000  1.000000000E+00 
952490   Am249   1       5.776226505E-03   1.600000000E+00   8.000000000E-01   8.000000000E-01   0.000000000E+00 
                 100000  1.000000000E+00 
962330   Cm233   2       3.916085766E-02   5.107583400E+00   6.866667000E-01   6.866667000E-01   3.734250000E+00 
                 400000  5.000000000E-01 
                 200000  5.000000000E-01 
962340   Cm234   3       1.359112119E-02   3.238016000E+00   1.460000000E-01   1.460000000E-01   2.946016000E+00 
                 400000  4.000000000E-01 
                 200000  2.000000000E-01 
                 600000  4.000000000E-01 
962350   Cm235   2       2.310490602E-03   4.683000000E+00   5.415000000E-01   5.415000000E-01   3.600000000E+00 
                 400000  5.000000000E-01 
                 200000  5.000000000E-01 
962360   Cm236   2       3.648143056E-04   4.119333400E+00   2.846667000E-01   2.846667000E-01   3.550000000E+00 
                 400000  5.000000000E-01 
                 200000  5.000000000E-01 
962370   Cm237   2       5.776226505E-04   4.302000000E+00   4.510000000E-01   4.510000000E-01   3.400000000E+00 
                 400000  5.000000000E-01 
                 200000  5.000000000E-01 
962380   Cm238   2       8.022536812E-05   1.245836200E+00   2.918481000E-01   2.918481000E-01   6.621400000E-01 
                 400000  1.000000000E-01 
                 200000  9.000000000E-01 
962390   Cm239   2       6.639340810E-05   1.205377624E+00   5.994006000E-01   5.994006000E-01   6.576424000E-03 
                 400000  9.990010000E-04 
                 200000  9.990010000E-01 
962400   Cm240   1       2.971309930E-07   6.398828235E+00   9.826361000E-03   2.133874000E-03   6.386868000E+00 
                 400000  1.000000000E+00 
962410   Cm241   2       2.445895370E-07   6.787542500E-01   1.205057000E-01   4.979772000E-01   6.027135000E-02 
                 400000  1.000000000E-02 
                 200000  9.900000000E-01 
962420   Cm242   2       4.923612700E-08   6.215340299E+00   8.657882000E-03   1.906417000E-03   6.204776000E+00 
                 600000  6.100000000E-08 
                 400000  1.000000000E+00 
962430   Cm243   2       7.547940814E-10   6.177691000E+00   1.246327000E-01   1.272913000E-01   5.925767000E+00 
                 400000  9.971000000E-01 
                 200000  2.900000000E-03 
962440   Cm244   2       1.212838769E-09   5.901071985E+00   7.647740000E-03   1.743245000E-03   5.891681000E+00 
                 600000  1.380000000E-06 
                 400000  9.999986000E-01 
962441   Cm244m1 1       1.386294361E+06   1.918000000E+02   0.000000000E+00   0.000000000E+00   1.918000000E+02 
                 600000  1.000000000E+00 
962450   Cm245   1       2.584055997E-12   5.651608240E+00   7.727672000E-02   9.890352000E-02   5.475428000E+00 
                 400000  1.000000000E+00 
962460   Cm246   2       4.614397996E-12   5.520102830E+00   5.993367000E-03   1.300463000E-03   5.512809000E+00 
                 600000  2.614000000E-04 
                 400000  9.997386000E-01 
962470   Cm247   1       1.407980070E-15   5.353050600E+00   1.075350000E-02   3.134341000E-01   5.028863000E+00 
                 400000  1.000000000E+00 
962480   Cm248   2       6.311666186E-14   4.726738005E+00   5.145723000E-03   1.126282000E-03   4.720466000E+00 
                 600000  8.390000000E-02 
                 400000  9.161000000E-01 
962490   Cm249   1       1.800850040E-04   2.986498200E-01   2.795031000E-01   1.914672000E-02   0.000000000E+00 
                 100000  1.000000000E+00 
962500   Cm250   3       2.646327161E-12   1.414584094E+02   1.004720000E-03   1.004720000E-03   1.414564000E+02 
                 600000  7.400000000E-01 
                 400000  1.800000000E-01 
                 100000  8.000000000E-02 
962510   Cm251   1       6.876460125E-04   5.599780000E-01   4.502324000E-01   1.097456000E-01   0.000000000E+00 
                 100000  1.000000000E+00 
972350   Bk235   2       3.465735903E-02   5.496000000E+00   7.980000000E-01   7.980000000E-01   3.900000000E+00 
                 400000  5.000000000E-01 
                 200000  5.000000000E-01 
972370   Bk237   2       1.155245301E-02   5.023666600E+00   6.368333000E-01   6.368333000E-01   3.750000000E+00 
                 400000  5.000000000E-01 
                 200000  5.000000000E-01 
972380   Bk238   2       4.813522087E-03   3.260434000E+00   1.630217000E+00   1.630217000E+00   0.000000000E+00 
                 200000  9.995200000E-01 
                 260000  4.800000000E-04 
972400   Bk240   2       2.406761044E-03   2.626614000E+00   1.313307000E+00   1.313307000E+00   0.000000000E+00 
                 200000  9.999800000E-01 
                 260000  2.000000000E-05 
972410   Bk241   2       2.511402828E-03   4.354000000E+00   4.000000000E-01   4.000000000E-01   3.554000000E+00 
                 400000  5.000000000E-01 
                 200000  5.000000000E-01 
972420   Bk242   1       1.650350430E-03   1.953333400E+00   9.766667000E-01   9.766667000E-01   0.000000000E+00 
                 200000  1.000000000E+00 
972430   Bk243   2       4.278686300E-05   1.013859220E+00   5.017739000E-01   5.017739000E-01   1.031142000E-02 
                 400000  1.500000000E-03 
                 200000  9.985000000E-01 
972440   Bk244   2       4.426227207E-05   1.508216344E+00   7.539048000E-01   7.539048000E-01   4.067443000E-04 
                 400000  6.000240000E-05 
                 200000  9.999400000E-01 
972450   Bk245   2       1.623995306E-06   3.718268420E-01   1.274530000E-01   2.369028000E-01   7.471042000E-03 
                 400000  1.200000000E-03 
                 200000  9.988000000E-01 
972460   Bk246   1       4.456964896E-06   9.059864000E-01   5.017820000E-02   8.558082000E-01   0.000000000E+00 
                 200000  1.000000000E+00 
972470   Bk247   1       1.591630629E-11   5.864308700E+00   6.672680000E-02   1.419499000E-01   5.655632000E+00 
                 400000  1.000000000E+00 
972480   Bk248   1       2.442172546E-09   5.774000000E+00   0.000000000E+00   0.000000000E+00   5.774000000E+00 
                 400000  1.000000000E+00 
972481   Bk248m1 2       8.124087911E-06   2.398156800E-01   1.866275000E-01   5.318818000E-02   0.000000000E+00 
                 100000  7.000000000E-01 
                 200000  3.000000000E-01 
972490   Bk249   3       2.507042754E-08   3.246922272E-02   3.239004000E-02   8.300655000E-08   7.909971000E-05 
                 600000  4.690000000E-10 
                 400000  1.450000000E-05 
                 100000  9.999855000E-01 
972500   Bk250   1       5.994423521E-05   1.190474100E+00   2.924343000E-01   8.980398000E-01   0.000000000E+00 
                 100000  1.000000000E+00 
972510   Bk251   1       2.077779318E-04   4.291821600E-01   3.485270000E-01   8.065516000E-02   0.000000000E+00 
                 100000  1.000000000E+00 
972530   Bk253   1       1.155245301E-03   1.085333400E+00   5.426667000E-01   5.426667000E-01   0.000000000E+00 
                 100000  1.000000000E+00 
972540   Bk254   1       5.776226505E-03   2.034000000E+00   1.017000000E+00   1.017000000E+00   0.000000000E+00 
                 100000  1.000000000E+00 
982370   Cf237   1       3.300700860E-01   0.000000000E+00   0.000000000E+00   0.000000000E+00   0.000000000E+00 
                 600000  1.000000000E+00 
982380   Cf238   1       3.300700860E+01   0.000000000E+00   0.000000000E+00   0.000000000E+00   0.000000000E+00 
                 600000  1.000000000E+00 
982390   Cf239   2       1.345916855E-02   5.191333400E+00   6.431667000E-01   6.431667000E-01   3.905000000E+00 
                 400000  5.000000000E-01 
                 200000  5.000000000E-01 
982400   Cf240   2       1.203380522E-02   7.564424000E+00   0.000000000E+00   0.000000000E+00   7.564424000E+00 
                 400000  9.800000000E-01 
                 600000  2.000000000E-02 
982410   Cf241   2       3.056204500E-03   3.543250000E+00   8.142500000E-01   8.142500000E-01   1.914750000E+00 
                 400000  2.500000000E-01 
                 200000  7.500000000E-01 
982420   Cf242   3       3.122284597E-03   6.226401600E+00   1.067893000E-01   1.067893000E-01   6.012823000E+00 
                 400000  7.999200000E-01 
                 200000  1.999800000E-01 
                 600000  9.999000000E-05 
982430   Cf243   2       1.079668506E-03   2.318213400E+00   6.461467000E-01   6.461467000E-01   1.025920000E+00 
                 400000  1.400000000E-01 
                 200000  8.600000000E-01 
982440   Cf244   1       5.954872685E-04   7.328900000E+00   0.000000000E+00   0.000000000E+00   7.328900000E+00 
                 400000  1.000000000E+00 
982450   Cf245   2       2.567211780E-04   3.283546600E+00   3.352378000E-01   3.352378000E-01   2.613071000E+00 
                 400000  3.600000000E-01 
                 200000  6.400000000E-01 
982460   Cf246   2       5.393302059E-06   6.861613558E+00   5.051684000E-03   1.279874000E-03   6.855282000E+00 
                 400000  9.999976000E-01 
                 600000  2.400000000E-06 
982470   Cf247   2       6.191025193E-05   1.405311040E-01   1.259995000E-02   1.256929000E-01   2.238254000E-03 
                 200000  9.996500000E-01 
                 400000  3.500000000E-04 
982480   Cf248   2       2.405558264E-08   6.357030692E+00   5.796870000E-03   1.216822000E-03   6.350017000E+00 
                 400000  9.999710000E-01 
                 600000  2.900000000E-05 
982490   Cf249   2       6.257704737E-11   6.269703230E+00   2.916533000E-02   3.273259000E-01   5.913212000E+00 
                 600000  5.200000000E-09 
                 400000  1.000000000E+00 
982500   Cf250   2       1.679243819E-09   6.122150657E+00   5.027875000E-03   1.270782000E-03   6.115852000E+00 
                 600000  7.700000000E-04 
                 400000  9.992300000E-01 
982510   Cf251   1       2.445938524E-11   6.159959000E+00   1.711075000E-01   1.102695000E-01   5.878582000E+00 
                 400000  1.000000000E+00 
982520   Cf252   2       8.304339379E-09   6.032280000E+00   4.570000000E-03   1.410000000E-03   6.026300000E+00 
                 400000  9.690800000E-01 
                 600000  3.092000000E-02 
982530   Cf253   2       4.504512528E-07   1.138938730E-01   8.988996000E-02   5.182833000E-03   1.882108000E-02 
                 400000  3.100000000E-03 
                 100000  9.969000000E-01 
982540   Cf254   2       1.326039142E-07   1.837311000E-02   0.000000000E+00   0.000000000E+00   1.837311000E-02 
                 400000  3.100000000E-03 
                 600000  9.969000000E-01 
982550   Cf255   1       1.359112119E-04   4.800000000E-01   2.400000000E-01   2.400000000E-01   0.000000000E+00 
                 100000  1.000000000E+00 
982560   Cf256   2       9.392238219E-04   5.557999000E-09   0.000000000E+00   0.000000000E+00   5.557999000E-09 
                 400000  1.000000000E-09 
                 600000  1.000000000E+00 
992400   Es240   2       6.931471806E-01   6.264000000E+00   1.032000000E+00   1.032000000E+00   4.200000000E+00 
                 400000  5.000000000E-01 
                 200000  5.000000000E-01 
992410   Es241   2       8.154672712E-02   5.654000000E+00   7.470000000E-01   7.470000000E-01   4.160000000E+00 
                 400000  5.000000000E-01 
                 200000  5.000000000E-01 
992420   Es242   2       5.134423560E-02   6.227866600E+00   7.883333000E-01   7.883333000E-01   4.651200000E+00 
                 200000  4.300000000E-01 
                 400000  5.700000000E-01 
992430   Es243   2       3.300700860E-02   4.213142400E+00   8.957667000E-01   8.957667000E-01   2.421609000E+00 
                 400000  3.000000000E-01 
                 200000  7.000000000E-01 
992440   Es244   2       1.873370758E-02   3.227520000E+00   1.455040000E+00   1.455040000E+00   3.174400000E-01 
                 400000  4.000000000E-02 
                 200000  9.600000000E-01 
992450   Es245   2       1.050223001E-02   4.384112000E+00   6.102000000E-01   6.102000000E-01   3.163712000E+00 
                 400000  4.000000000E-01 
                 200000  6.000000000E-01 
992460   Es246   3       1.500318573E-03   3.054983000E+00   1.144274000E+00   1.144274000E+00   7.664350000E-01 
                 400000  9.899703000E-02 
                 200000  9.009729000E-01 
                 200000  2.999910000E-05 
992470   Es247   2       2.539000661E-03   2.057840000E+00   7.666300000E-01   7.666300000E-01   5.245800000E-01 
                 400000  7.000000000E-02 
                 200000  9.300000000E-01 
992471   Es247m1 1       1.283605890E-08   7.461000000E+00   0.000000000E+00   0.000000000E+00   7.461000000E+00 
                 400000  1.000000000E+00 
992480   Es248   2       4.278686300E-04   2.053470950E+00   1.017781000E+00   1.017781000E+00   1.790895000E-02 
                 400000  2.501250000E-03 
                 200000  9.974987000E-01 
992490   Es249   2       1.130377007E-04   4.892605300E-01   3.926340000E-02   4.107778000E-01   3.921933000E-02 
                 200000  9.943000000E-01 
                 400000  5.700000000E-03 
992500   Es250   2       2.238847482E-05   1.533889900E+00   6.644500000E-01   6.644500000E-01   2.049899000E-01 
                 400000  3.000000000E-02 
                 200000  9.700000000E-01 
992501   Es250m1 1       8.673012770E-05   5.713600700E-01   2.709247000E-02   5.442676000E-01   0.000000000E+00 
                 200000  1.000000000E+00 
992510   Es251   2       5.834572227E-06   1.487844400E-01   2.575746000E-02   9.009513000E-02   3.293185000E-02 
                 400000  5.000000000E-03 
                 200000  9.950000000E-01 
992520   Es252   2       1.700771001E-08   5.466154790E+00   2.454089000E-02   2.093239000E-01   5.232290000E+00 
                 400000  7.800000000E-01 
                 200000  2.200000000E-01 
992530   Es253   2       3.919167959E-07   6.740917962E+00   2.000583000E-03   8.143791000E-04   6.738103000E+00 
                 600000  8.700000000E-08 
                 400000  1.000000000E+00 
992540   Es254   1       2.909879148E-08   6.572970460E+00   5.718882000E-02   1.650064000E-02   6.499281000E+00 
                 400000  1.000000000E+00 
992541   Es254m1 5       4.899262585E-06   7.860188400E-01   3.816763000E-01   3.829163000E-01   2.142624000E-02 
                 400000  3.200000000E-03 
                 100000  9.800000000E-01 
                 200000  8.000000000E-04 
                 300000  1.550000000E-02 
                 600000  5.000000000E-04 
992550   Es255   3       2.015712767E-07   6.925124200E-01   8.881316000E-02   8.881316000E-02   5.148861000E-01 
                 400000  7.999672000E-02 
                 100000  9.199622000E-01 
                 600000  4.099831000E-05 
992560   Es256   1       4.548209846E-04   1.133333400E+00   5.666667000E-01   5.666667000E-01   0.000000000E+00 
                 100000  1.000000000E+00 
992561   Es256m1 1       2.533432677E-05   1.133333400E+00   5.666667000E-01   5.666667000E-01   0.000000000E+00 
                 100000  1.000000000E+00 
992570   Es257   2       1.041887898E-06   2.713334000E-01   1.356667000E-01   1.356667000E-01   0.000000000E+00 
                 100000  5.000000000E-01 
                 600000  5.000000000E-01 
992580   Es258   2       3.850817670E-03   3.716666000E+00   3.833330000E-01   3.833330000E-01   2.950000000E+00 
                 400000  5.000000000E-01 
                 200000  5.000000000E-01 
1002420  Fm242   1       8.664339757E+02   0.000000000E+00   0.000000000E+00   0.000000000E+00   0.000000000E+00 
                 600000  1.000000000E+00 
1002430  Fm243   1       3.465735903E+00   8.689100000E+00   0.000000000E+00   0.000000000E+00   8.689100000E+00 
                 400000  1.000000000E+00 
1002440  Fm244   1       2.100446002E+02   0.000000000E+00   0.000000000E+00   0.000000000E+00   0.000000000E+00 
                 600000  1.000000000E+00 
1002450  Fm245   2       1.650350430E-01   8.426573000E+00   0.000000000E+00   0.000000000E+00   8.426573000E+00 
                 400000  9.990010000E-01 
                 600000  9.990010000E-04 
1002460  Fm246   3       6.301338005E-01   7.646278878E+00   7.389439000E-03   7.389439000E-03   7.631500000E+00 
                 400000  9.108910000E-01 
                 200000  9.900990000E-03 
                 600000  7.920792000E-02 
1002470  Fm247   2       2.390162692E-02   5.097500000E+00   4.955000000E-01   4.955000000E-01   4.106500000E+00 
                 400000  5.000000000E-01 
                 200000  5.000000000E-01 
1002480  Fm248   3       1.925408835E-02   7.509529800E+00   3.743590000E-02   3.743590000E-02   7.434658000E+00 
                 400000  9.290709000E-01 
                 200000  6.993007000E-02 
                 600000  9.990010000E-04 
1002490  Fm249   2       4.443251157E-03   3.667846600E+00   5.456033000E-01   5.456033000E-01   2.576640000E+00 
                 400000  3.300000000E-01 
                 200000  6.700000000E-01 
1002500  Fm250   3       3.850817670E-04   6.857230780E+00   2.823139000E-02   2.823139000E-02   6.800768000E+00 
                 400000  8.999379000E-01 
                 200000  9.999310000E-02 
                 600000  6.899523000E-05 
1002501  Fm250m1 3       3.850817670E-01   1.511385000E+00   0.000000000E+00   0.000000000E+00   1.511385000E+00 
                 400000  1.999998000E-01 
                 300000  7.999993000E-01 
                 600000  8.199993000E-07 
1002510  Fm251   2       3.632846858E-05   3.130684000E-01   2.227640000E-02   1.659183000E-01   1.248737000E-01 
                 400000  1.800000000E-02 
                 200000  9.820000000E-01 
1002520  Fm252   2       7.583335309E-06   7.148296046E+00   4.768710000E-03   1.105336000E-03   7.142422000E+00 
                 400000  9.999770000E-01 
                 600000  2.300000000E-05 
1002530  Fm253   2       2.674178937E-06   1.060906140E+00   9.851307000E-02   9.851307000E-02   8.638800000E-01 
                 400000  1.200000000E-01 
                 200000  8.800000000E-01 
1002540  Fm254   2       5.942619861E-05   7.301635137E+00   4.900151000E-03   1.113986000E-03   7.295621000E+00 
                 400000  9.994080000E-01 
                 600000  5.920000000E-04 
1002550  Fm255   2       9.593467040E-06   7.269027990E+00   8.888462000E-02   1.526137000E-02   7.164882000E+00 
                 400000  9.999997000E-01 
                 600000  2.400000000E-07 
1002560  Fm256   2       7.330236681E-05   5.692040000E-01   0.000000000E+00   0.000000000E+00   5.692040000E-01 
                 400000  8.100000000E-02 
                 600000  9.190000000E-01 
1002570  Fm257   2       7.982623694E-08   6.882419100E+00   1.105416000E-01   1.139645000E-01   6.657913000E+00 
                 400000  9.979000000E-01 
                 600000  2.100000000E-03 
1002580  Fm258   1       1.873370758E+03   0.000000000E+00   0.000000000E+00   0.000000000E+00   0.000000000E+00 
                 600000  1.000000000E+00 
1002590  Fm259   1       4.620981204E-01   0.000000000E+00   0.000000000E+00   0.000000000E+00   0.000000000E+00 
                 600000  1.000000000E+00 
1002600  Fm260   1       1.732867951E+02   0.000000000E+00   0.000000000E+00   0.000000000E+00   0.000000000E+00 
                 600000  1.000000000E+00 
1012450  Md245   2       7.701635340E+02   4.512000000E+00   0.000000000E+00   0.000000000E+00   4.512000000E+00 
                 400000  5.000000000E-01 
                 600000  5.000000000E-01 
1012451  Md245m1 2       1.777300463E+00   6.176000000E+00   8.430000000E-01   8.430000000E-01   4.490000000E+00 
                 400000  5.000000000E-01 
                 200000  5.000000000E-01 
1012460  Md246   1       7.701635340E-01   8.888710000E+00   0.000000000E+00   0.000000000E+00   8.888710000E+00 
                 400000  1.000000000E+00 
1012470  Md247   1       6.188814112E-01   8.834000000E+00   0.000000000E+00   0.000000000E+00   8.834000000E+00 
                 400000  1.000000000E+00 
1012471  Md247m1 1       2.665950694E+00   8.764000000E+00   0.000000000E+00   0.000000000E+00   8.764000000E+00 
                 400000  1.000000000E+00 
1012480  Md248   3       9.902102579E-02   4.532867000E+00   1.397168000E+00   1.397168000E+00   1.738531000E+00 
                 400000  1.999000000E-01 
                 200000  7.996002000E-01 
                 600000  4.997501000E-04 
1012490  Md249   2       2.888113252E-02   6.066066600E+00   4.941333000E-01   4.941333000E-01   5.077800000E+00 
                 400000  6.000000000E-01 
                 200000  4.000000000E-01 
1012491  Md249m1 1       3.648143056E-01   8.460000000E+00   0.000000000E+00   0.000000000E+00   8.460000000E+00 
                 400000  1.000000000E+00 
1012500  Md250   2       2.520535202E-02   3.410690000E+00   1.414530000E+00   1.414530000E+00   5.816300000E-01 
                 400000  7.000000000E-02 
                 200000  9.300000000E-01 
1012510  Md251   2       2.888113252E-03   2.623200000E+00   9.120000000E-01   9.120000000E-01   7.992000000E-01 
                 400000  1.000000000E-01 
                 200000  9.000000000E-01 
1012520  Md252   1       5.022805656E-03   2.542000000E+00   1.271000000E+00   1.271000000E+00   0.000000000E+00 
                 200000  1.000000000E+00 
1012530  Md253   1       1.100233620E-03   1.300666600E+00   6.503333000E-01   6.503333000E-01   0.000000000E+00 
                 200000  1.000000000E+00 
1012540  Md254   2       4.125876075E-04   1.740000000E+00   8.700000000E-01   8.700000000E-01   0.000000000E+00 
                 200000  5.000000000E-01 
                 200000  5.000000000E-01 
1012541  Md254m1 1       4.125876075E-04   1.740000000E+00   8.700000000E-01   8.700000000E-01   0.000000000E+00 
                 200000  1.000000000E+00 
1012550  Md255   3       4.278686300E-04   1.270726100E+00   3.196015000E-01   3.196015000E-01   6.315231000E-01 
                 400000  7.988018000E-02 
                 200000  9.186220000E-01 
                 600000  1.497753000E-03 
1012560  Md256   3       1.500318573E-04   1.956720000E+00   6.256999000E-01   6.256999000E-01   7.053202000E-01 
                 400000  8.932038000E-02 
                 200000  8.815534000E-01 
                 600000  2.912621000E-02 
1012570  Md257   3       3.488059483E-05   1.350615400E+00   1.140997000E-01   1.140997000E-01   1.122416000E+00 
                 400000  1.485148000E-01 
                 200000  8.415841000E-01 
                 600000  9.900990000E-03 
1012580  Md258   1       1.557774138E-07   7.271280000E+00   0.000000000E+00   0.000000000E+00   7.271280000E+00 
                 400000  1.000000000E+00 
1012581  Md258m1 1       2.026746142E-04   8.420000000E-01   4.210000000E-01   4.210000000E-01   0.000000000E+00 
                 200000  1.000000000E+00 
1012590  Md259   2       1.203380522E-04   9.124383000E-02   0.000000000E+00   0.000000000E+00   9.124383000E-02 
                 400000  1.283316000E-02 
                 600000  9.871668000E-01 
1012600  Md260   4       2.522810318E-07   1.936740000E+00   1.008700000E-01   1.008700000E-01   1.735000000E+00 
                 400000  2.500000000E-01 
                 100000  1.000000000E-01 
                 200000  2.300000000E-01 
                 600000  4.200000000E-01 
1012610  Md261   1       2.888113252E-04   6.750000000E+00   0.000000000E+00   0.000000000E+00   6.750000000E+00 
                 400000  1.000000000E+00 
1022500  No250   2       1.593441794E+05   1.754902000E-01   0.000000000E+00   0.000000000E+00   1.754902000E-01 
                 400000  1.960784000E-02 
                 600000  9.803921000E-01 
1022510  No251   2       8.664339757E-01   8.875302000E+00   0.000000000E+00   0.000000000E+00   8.875302000E+00 
                 400000  9.964412000E-01 
                 600000  3.558718000E-03 
1022511  No251m1 1       6.795560594E-01   8.752000000E+00   0.000000000E+00   0.000000000E+00   8.752000000E+00 
                 400000  1.000000000E+00 
1022520  No252   3       2.840767133E-01   5.719203334E+00   8.253667000E-03   8.253667000E-03   5.702696000E+00 
                 400000  6.670000000E-01 
                 200000  1.100000000E-02 
                 600000  3.220000000E-01 
1022530  No253   1       7.131143833E-03   8.421330000E+00   0.000000000E+00   0.000000000E+00   8.421330000E+00 
                 400000  1.000000000E+00 
1022540  No254   3       1.359112119E-02   7.471167760E+00   4.026488000E-02   4.026488000E-02   7.390638000E+00 
                 400000  8.984726000E-01 
                 200000  9.983028000E-02 
                 600000  1.697114000E-03 
1022541  No254m1 1       2.475525645E+00   5.000000000E-01   2.500000000E-01   2.500000000E-01   0.000000000E+00 
                 300000  1.000000000E+00 
1022550  No255   2       3.726597745E-03   5.672365800E+00   2.613729000E-01   2.613729000E-01   5.149620000E+00 
                 400000  6.100000000E-01 
                 200000  3.900000000E-01 
1022560  No256   2       2.381949074E-01   8.535682006E+00   3.752908000E-03   8.720983000E-04   8.531057000E+00 
                 400000  9.950000000E-01 
                 600000  5.000000000E-03 
1022570  No257   1       2.772588722E-02   8.380435000E+00   0.000000000E+00   0.000000000E+00   8.380435000E+00 
                 400000  1.000000000E+00 
1022580  No258   1       5.776226505E+02   0.000000000E+00   0.000000000E+00   0.000000000E+00   0.000000000E+00 
                 600000  1.000000000E+00 
1022590  No259   3       1.991802243E-04   5.449772360E+00   3.681818000E-02   3.681818000E-02   5.376136000E+00 
                 400000  6.818181000E-01 
                 200000  2.272727000E-01 
                 600000  9.090920000E-02 
1022600  No260   1       6.539124345E+00   0.000000000E+00   0.000000000E+00   0.000000000E+00   0.000000000E+00 
                 600000  1.000000000E+00 
1022610  No261   1       4.332169878E-06   7.490000000E+00   0.000000000E+00   0.000000000E+00   7.490000000E+00 
                 400000  1.000000000E+00 
1022620  No262   1       1.386294361E+02   0.000000000E+00   0.000000000E+00   0.000000000E+00   0.000000000E+00 
                 600000  1.000000000E+00 
1032510  Lr251   2       5.168882778E-01   6.462000000E+00   8.560000000E-01   8.560000000E-01   4.750000000E+00 
                 400000  5.000000000E-01 
                 200000  5.000000000E-01 
1032520  Lr252   3       1.824071528E+00   4.411555600E+00   6.617778000E-01   6.617778000E-01   3.088000000E+00 
                 400000  3.333333000E-01 
                 200000  3.333333000E-01 
                 600000  3.333333000E-01 
1032530  Lr253   2       1.205473357E+00   8.820484000E+00   0.000000000E+00   0.000000000E+00   8.820484000E+00 
                 400000  9.870000000E-01 
                 600000  1.300000000E-02 
1032531  Lr253m1 2       4.515616811E-01   8.221727000E+00   0.000000000E+00   0.000000000E+00   8.221727000E+00 
                 400000  9.200000000E-01 
                 600000  8.000000000E-02 
1032540  Lr254   3       5.331901389E-02   7.489390200E+00   4.093506000E-01   4.093506000E-01   6.670689000E+00 
                 400000  7.592407000E-01 
                 200000  2.397602000E-01 
                 600000  9.990010000E-04 
1032550  Lr255   2       3.150669003E-02   7.634650000E+00   1.602000000E-01   1.602000000E-01   7.314250000E+00 
                 400000  8.500000000E-01 
                 200000  1.500000000E-01 
1032551  Lr255m1 2       2.739712176E-01   3.459224000E+00   0.000000000E+00   2.220000000E-02   3.437024000E+00 
                 400000  4.000000000E-01 
                 300000  6.000000000E-01 
1032560  Lr256   3       2.567211780E-02   7.896980600E+00   2.023893000E-01   2.023893000E-01   7.492202000E+00 
                 400000  8.497450000E-01 
                 200000  1.499550000E-01 
                 600000  2.999100000E-04 
1032570  Lr257   2       1.072983252E+00   9.008000000E+00   0.000000000E+00   0.000000000E+00   9.008000000E+00 
                 400000  9.997000000E-01 
                 600000  3.000000000E-04 
1032580  Lr258   2       1.690602879E-01   8.455000000E+00   0.000000000E+00   0.000000000E+00   8.455000000E+00 
                 400000  9.500000000E-01 
                 600000  5.000000000E-02 
1032590  Lr259   2       1.117979323E-01   6.695520000E+00   0.000000000E+00   0.000000000E+00   6.695520000E+00 
                 400000  7.800000000E-01 
                 600000  2.200000000E-01 
1032600  Lr260   3       3.850817670E-03   5.614974600E+00   2.733333000E-01   2.733333000E-01   5.068308000E+00 
                 400000  6.153846000E-01 
                 200000  3.076923000E-01 
                 600000  7.692307000E-02 
1032610  Lr261   1       2.962167438E-04   0.000000000E+00   0.000000000E+00   0.000000000E+00   0.000000000E+00 
                 600000  1.000000000E+00 
1032620  Lr262   1       4.813522087E-05   0.000000000E+00   0.000000000E+00   0.000000000E+00   0.000000000E+00 
                 600000  1.000000000E+00 
1032630  Lr263   1       3.850817670E-05   7.620000000E+00   0.000000000E+00   0.000000000E+00   7.620000000E+00 
                 400000  1.000000000E+00 
1042530  Rf253   3       1.345916855E+04   2.387500000E+00   0.000000000E+00   0.000000000E+00   2.387500000E+00 
                 400000  2.500000000E-01 
                 600000  2.500000000E-01 
                 600000  5.000000000E-01 
1042540  Rf254   1       3.013683394E+04   0.000000000E+00   0.000000000E+00   0.000000000E+00   0.000000000E+00 
                 600000  1.000000000E+00 
1042550  Rf255   3       4.125876075E-01   4.333438860E+00   1.432343000E-02   1.432343000E-02   4.304792000E+00 
                 400000  4.752475000E-01 
                 200000  9.900990000E-03 
                 600000  5.148514000E-01 
1042560  Rf256   2       1.083042470E+02   2.857501000E-02   0.000000000E+00   0.000000000E+00   2.857501000E-02 
                 400000  3.200000000E-03 
                 600000  9.968000000E-01 
1042570  Rf257   2       1.474781235E-01   8.919063000E+00   0.000000000E+00   0.000000000E+00   8.919063000E+00 
                 400000  9.861932000E-01 
                 600000  1.380670000E-02 
1042571  Rf257m1 2       1.777300463E-01   8.919063000E+00   0.000000000E+00   0.000000000E+00   8.919063000E+00 
                 400000  9.861932000E-01 
                 600000  1.380670000E-02 
1042580  Rf258   2       5.776226505E+01   1.202500000E+00   0.000000000E+00   0.000000000E+00   1.202500000E+00 
                 400000  1.300000000E-01 
                 600000  8.700000000E-01 
1042590  Rf259   2       2.166084939E-01   8.391320000E+00   0.000000000E+00   0.000000000E+00   8.391320000E+00 
                 400000  9.200000000E-01 
                 600000  8.000000000E-02 
1042600  Rf260   1       3.300700860E+01   0.000000000E+00   0.000000000E+00   0.000000000E+00   0.000000000E+00 
                 600000  1.000000000E+00 
1042610  Rf261   3       1.066380278E-02   6.757493620E+00   8.352381000E-02   8.352381000E-02   6.590446000E+00 
                 400000  7.619047000E-01 
                 200000  1.428571000E-01 
                 600000  9.523809000E-02 
1042611  Rf261m1 3       8.557372600E-03   6.579000000E+00   8.900000000E-02   8.900000000E-02   6.401000000E+00 
                 400000  7.400000000E-01 
                 200000  1.500000000E-01 
                 600000  1.100000000E-01 
1042620  Rf262   2       3.013683394E-01   2.472816000E-01   0.000000000E+00   0.000000000E+00   2.472816000E-01 
                 400000  2.912621000E-02 
                 600000  9.708737000E-01 
1042630  Rf263   1       1.155245301E-03   0.000000000E+00   0.000000000E+00   0.000000000E+00   0.000000000E+00 
                 600000  1.000000000E+00 
1042640  Rf264   1       1.925408835E-04   8.140000000E+00   0.000000000E+00   0.000000000E+00   8.140000000E+00 
                 400000  1.000000000E+00 
1042650  Rf265   1       6.931471806E-01   0.000000000E+00   0.000000000E+00   0.000000000E+00   0.000000000E+00 
                 600000  1.000000000E+00 
1052550  Db255   2       4.077336356E-01   7.776000000E+00   0.000000000E+00   0.000000000E+00   7.776000000E+00 
                 400000  8.000000000E-01 
                 600000  2.000000000E-01 
1052560  Db256   3       4.077336356E-01   7.607118800E+00   7.779244000E-01   7.779244000E-01   6.051270000E+00 
                 400000  6.398720000E-01 
                 200000  3.599280000E-01 
                 600000  1.999600000E-04 
1052570  Db257   2       4.560178819E-01   8.676200000E+00   0.000000000E+00   0.000000000E+00   8.676200000E+00 
                 400000  9.400000000E-01 
                 600000  6.000000000E-02 
1052571  Db257m1 2       8.886502315E-01   8.030100000E+00   0.000000000E+00   0.000000000E+00   8.030100000E+00 
                 400000  8.700000000E-01 
                 600000  1.300000000E-01 
1052580  Db258   3       1.732867951E-01   7.450969800E+00   5.824554000E-01   5.824554000E-01   6.286059000E+00 
                 400000  6.633663000E-01 
                 200000  3.267326000E-01 
                 600000  9.900990000E-03 
1052581  Db258m1 1       3.465735903E-02   3.565334000E+00   1.782667000E+00   1.782667000E+00   0.000000000E+00 
                 200000  1.000000000E+00 
1052590  Db259   1       1.359112119E+00   9.618800000E+00   0.000000000E+00   0.000000000E+00   9.618800000E+00 
                 400000  1.000000000E+00 
1052600  Db260   3       4.560178819E-01   8.344926760E+00   3.680488000E-02   3.680488000E-02   8.271317000E+00 
                 400000  8.819512000E-01 
                 200000  2.439024000E-02 
                 600000  9.365853000E-02 
1052610  Db261   2       3.850817670E-01   7.559580000E+00   0.000000000E+00   0.000000000E+00   7.559580000E+00 
                 400000  8.200000000E-01 
                 600000  1.800000000E-01 
1052620  Db262   2       1.980420516E-02   6.033000000E+00   0.000000000E+00   0.000000000E+00   6.033000000E+00 
                 400000  6.700000000E-01 
                 600000  3.300000000E-01 
1052630  Db263   3       2.432095370E-02   3.704464400E+00   2.296970000E-02   2.296970000E-02   3.658525000E+00 
                 400000  4.141414000E-01 
                 200000  3.030303000E-02 
                 600000  5.555555000E-01 
1052640  Db264   1       3.850817670E-03   8.660000000E+00   0.000000000E+00   0.000000000E+00   8.660000000E+00 
                 400000  1.000000000E+00 
1052650  Db265   1       7.701635340E-04   8.490000000E+00   0.000000000E+00   0.000000000E+00   8.490000000E+00 
                 400000  1.000000000E+00 
1062580  Sg258   1       2.166084939E+02   0.000000000E+00   0.000000000E+00   0.000000000E+00   0.000000000E+00 
                 600000  1.000000000E+00 
1062590  Sg259   2       1.248913839E+00   8.046000000E+00   0.000000000E+00   0.000000000E+00   8.046000000E+00 
                 400000  8.181818000E-01 
                 600000  1.818181000E-01 
1062600  Sg260   2       1.925408835E+02   4.961425000E+00   0.000000000E+00   0.000000000E+00   4.961425000E+00 
                 400000  5.000000000E-01 
                 600000  5.000000000E-01 
1062610  Sg261   2       3.013683394E+00   9.705941000E+00   0.000000000E+00   0.000000000E+00   9.705941000E+00 
                 400000  9.900990000E-01 
                 600000  9.900990000E-03 
1062620  Sg262   2       8.774014944E+01   2.112000000E+00   0.000000000E+00   0.000000000E+00   2.112000000E+00 
                 400000  2.200000000E-01 
                 600000  7.800000000E-01 
1062630  Sg263   2       6.931471806E-01   6.573700000E+00   0.000000000E+00   0.000000000E+00   6.573700000E+00 
                 400000  7.000000000E-01 
                 600000  3.000000000E-01 
1062631  Sg263m1 2       5.776226505E+00   4.695500000E+00   0.000000000E+00   0.000000000E+00   4.695500000E+00 
                 400000  5.000000000E-01 
                 300000  5.000000000E-01 
1062640  Sg264   2       1.540327068E+01   2.437941000E+00   0.000000000E+00   0.000000000E+00   2.437941000E+00 
                 400000  2.647058000E-01 
                 600000  7.352941000E-01 
1062650  Sg265   2       8.664339757E-02   3.903239000E+00   0.000000000E+00   0.000000000E+00   3.903239000E+00 
                 400000  4.300000000E-01 
                 600000  5.700000000E-01 
1062660  Sg266   2       2.772588722E-02   2.351708000E+00   0.000000000E+00   0.000000000E+00   2.351708000E+00 
                 400000  2.647058000E-01 
                 600000  7.352941000E-01 
1062690  Sg269   1       1.386294361E-02   8.700000000E+00   0.000000000E+00   0.000000000E+00   8.700000000E+00 
                 400000  1.000000000E+00 
1072600  Bh260   1       2.310490602E+03   1.047000000E+01   0.000000000E+00   0.000000000E+00   1.047000000E+01 
                 400000  1.000000000E+00 
1072610  Bh261   2       5.331901389E+01   9.556185000E+00   0.000000000E+00   0.000000000E+00   9.556185000E+00 
                 400000  9.047619000E-01 
                 600000  9.523809000E-02 
1072620  Bh262   2       6.795560594E+00   1.030046000E+01   0.000000000E+00   0.000000000E+00   1.030046000E+01 
                 400000  5.000000000E-01 
                 400000  5.000000000E-01 
1072621  Bh262m1 1       3.150669003E+01   1.032000000E+01   0.000000000E+00   0.000000000E+00   1.032000000E+01 
                 400000  1.000000000E+00 
1072630  Bh263   1       3.465735903E+03   1.008000000E+01   0.000000000E+00   0.000000000E+00   1.008000000E+01 
                 400000  1.000000000E+00 
1072640  Bh264   1       1.050223001E+00   9.967000000E+00   0.000000000E+00   0.000000000E+00   9.967000000E+00 
                 400000  1.000000000E+00 
1072650  Bh265   1       6.301338005E-01   9.770000000E+00   0.000000000E+00   0.000000000E+00   9.770000000E+00 
                 400000  1.000000000E+00 
1072660  Bh266   1       1.283605890E-01   9.552000000E+00   0.000000000E+00   0.000000000E+00   9.552000000E+00 
                 400000  1.000000000E+00 
1072670  Bh267   1       3.300700860E-02   9.370000000E+00   0.000000000E+00   0.000000000E+00   9.370000000E+00 
                 400000  1.000000000E+00 
1072690  Bh269   1       1.386294361E-02   8.800000000E+00   0.000000000E+00   0.000000000E+00   8.800000000E+00 
                 400000  1.000000000E+00 
1082630  Hs263   1       1.952527269E+02   1.067000000E+01   0.000000000E+00   0.000000000E+00   1.067000000E+01 
                 400000  1.000000000E+00 
1082640  Hs264   2       8.664339757E+02   5.295340000E+00   0.000000000E+00   0.000000000E+00   5.295340000E+00 
                 400000  5.000000000E-01 
                 600000  5.000000000E-01 
1082650  Hs265   2       3.381205759E+02   1.048139000E+01   0.000000000E+00   0.000000000E+00   1.048139000E+01 
                 400000  9.900990000E-01 
                 600000  9.900990000E-03 
1082651  Hs265m1 1       2.310490602E+03   1.074000000E+01   0.000000000E+00   0.000000000E+00   1.074000000E+01 
                 400000  1.000000000E+00 
1082660  Hs266   2       2.615649738E+02   1.019292000E+01   0.000000000E+00   0.000000000E+00   1.019292000E+01 
                 400000  9.861932000E-01 
                 600000  1.380670000E-02 
1082670  Hs267   2       1.271829689E+01   8.096000000E+00   0.000000000E+00   0.000000000E+00   8.096000000E+00 
                 400000  8.000000000E-01 
                 600000  2.000000000E-01 
1082680  Hs268   1       5.776226505E-01   9.623000000E+00   0.000000000E+00   0.000000000E+00   9.623000000E+00 
                 400000  1.000000000E+00 
1082690  Hs269   1       5.373233958E-02   9.630000000E+00   0.000000000E+00   0.000000000E+00   9.630000000E+00 
                 400000  1.000000000E+00 
1082730  Hs273   1       1.386294361E-02   9.730000000E+00   0.000000000E+00   0.000000000E+00   9.730000000E+00 
                 400000  1.000000000E+00 
1092650  Mt265   1       5.776226505E-03   1.099000000E+01   0.000000000E+00   0.000000000E+00   1.099000000E+01 
                 400000  1.000000000E+00 
1092660  Mt266   1       3.850817670E+02   1.099557000E+01   0.000000000E+00   0.000000000E+00   1.099557000E+01 
                 400000  1.000000000E+00 
1092661  Mt266m1 1       4.077336356E+02   1.100000000E+01   0.000000000E+00   0.000000000E+00   1.100000000E+01 
                 400000  1.000000000E+00 
1092670  Mt267   1       6.931471806E+01   1.087000000E+01   0.000000000E+00   0.000000000E+00   1.087000000E+01 
                 400000  1.000000000E+00 
1092680  Mt268   1       3.080654136E+01   1.073200000E+01   0.000000000E+00   0.000000000E+00   1.073200000E+01 
                 400000  1.000000000E+00 
1092690  Mt269   1       1.386294361E+01   1.050000000E+01   0.000000000E+00   0.000000000E+00   1.050000000E+01 
                 400000  1.000000000E+00 
1092700  Mt270   1       1.145697819E+02   1.035000000E+01   0.000000000E+00   0.000000000E+00   1.035000000E+01 
                 400000  1.000000000E+00 
1092710  Mt271   1       1.386294361E-01   1.014000000E+01   0.000000000E+00   0.000000000E+00   1.014000000E+01 
                 400000  1.000000000E+00 
1092730  Mt273   2       3.465735903E-02   5.300000000E+00   0.000000000E+00   0.000000000E+00   5.300000000E+00 
                 400000  5.000000000E-01 
                 600000  5.000000000E-01 
1102670  Ds267   1       2.475525645E+05   1.227700000E+01   0.000000000E+00   0.000000000E+00   1.227700000E+01 
                 400000  1.000000000E+00 
1102680  Ds268   1       6.931471806E+03   1.166000000E+01   0.000000000E+00   0.000000000E+00   1.166000000E+01 
                 400000  1.000000000E+00 
1102690  Ds269   1       2.586370077E+03   1.158456000E+01   0.000000000E+00   0.000000000E+00   1.158456000E+01 
                 400000  1.000000000E+00 
1102700  Ds270   2       4.620981204E+03   1.117374000E+01   0.000000000E+00   0.000000000E+00   1.117374000E+01 
                 400000  9.980000000E-01 
                 600000  2.000000000E-03 
1102701  Ds270m1 2       7.701635340E+01   8.970000000E+00   0.000000000E+00   3.390000000E-01   8.631000000E+00 
                 400000  7.000000000E-01 
                 300000  3.000000000E-01 
1102710  Ds271   1       4.065379358E+02   1.086965000E+01   0.000000000E+00   0.000000000E+00   1.086965000E+01 
                 400000  1.000000000E+00 
1102711  Ds271m1 1       8.013262203E+00   1.087000000E+01   0.000000000E+00   0.000000000E+00   1.087000000E+01 
                 400000  1.000000000E+00 
1102720  Ds272   1       6.931471806E-01   0.000000000E+00   0.000000000E+00   0.000000000E+00   0.000000000E+00 
                 600000  1.000000000E+00 
1102730  Ds273   1       3.080654136E+03   1.136790000E+01   0.000000000E+00   0.000000000E+00   1.136790000E+01 
                 400000  1.000000000E+00 
1102791  Ds279m1 2       3.648143056E+00   9.600000000E-01   0.000000000E+00   0.000000000E+00   9.600000000E-01 
                 400000  1.000000000E-01 
                 600000  9.000000000E-01 
1112720  Rg272   1       1.690602879E+02   1.144200000E+01   0.000000000E+00   0.000000000E+00   1.144200000E+01 
                 400000  1.000000000E+00 
-1
