****************************** NUIT Beta-ray emission data library ******************************
10030    H3           1
                      1.859000000E-02   1.000000000E+00 
20060    He6          1
                      3.507800000E+00   1.000000000E+00 
20080    He8          2
                      9.810000000E-01   9.000000000E-03   9.671000000E+00   8.400000000E-01 
30080    Li8          1
                      1.296500000E+01   1.000000000E+00 
30090    Li9          5
                      2.320000000E+00   4.000000000E-02   5.670000000E+00   1.500000000E-02   1.083000000E+01   1.000000000E-01 
                      1.117700000E+01   3.400000000E-01   1.360600000E+01   5.050000000E-01 
40100    Be10         1
                      5.560000000E-01   1.000000000E+00 
40120    Be12         1
                      1.170800000E+01   1.000000000E+00 
50120    B12          4
                      3.068900000E+00   8.000000000E-04   5.714600000E+00   1.500000000E-02   8.929990000E+00   1.230000000E-02 
                      1.336890000E+01   9.722000000E-01 
50130    B13          7
                      3.540200000E+00   2.200000000E-04   4.577200000E+00   1.600000000E-03   5.890200000E+00   9.400000000E-04 
                      9.583394000E+00   3.500000000E-03   9.752693000E+00   7.600000000E-02   1.034776000E+01   3.500000000E-03 
                      1.343720000E+01   9.210000000E-01 
50140    B14          4
                      1.330300000E+01   5.500000000E-02   1.391580000E+01   7.000000000E-02   1.455020000E+01   8.200000000E-01 
                      2.064400000E+01   5.000000000E-02 
60140    C14          1
                      1.564750000E-01   1.000000000E+00 
60150    C15          7
                      7.219902000E-01   3.400000000E-04   1.200300000E+00   1.300000000E-04   1.459080000E+00   4.100000000E-04 
                      2.470870000E+00   7.400000000E-05   3.447920000E+00   2.000000000E-05   4.472878000E+00   6.320000000E-01 
                      9.771700000E+00   3.680000000E-01 
70160    N16          7
                      5.745996000E-01   6.500000000E-09   8.340996000E-01   1.200000000E-05   1.547199000E+00   1.060000000E-02 
                      3.302250000E+00   4.800000000E-02   4.289210000E+00   6.620000000E-01   4.369700000E+00   1.200000000E-04 
                      1.041910000E+01   2.800000000E-01 
70170    N17          7
                      2.740000000E+00   6.900000000E-02   3.299800000E+00   5.010000000E-01   3.594200000E+00   6.000000000E-03 
                      4.125200000E+00   3.800000000E-01   5.623640000E+00   3.400000000E-03   7.808270000E+00   3.000000000E-02 
                      8.679000000E+00   1.600000000E-02 
80190    O19          12
                      2.696001000E-01   5.000000000E-06   4.418999000E-01   9.840000000E-04   7.866001000E-01   5.000000000E-06 
                      8.206001000E-01   5.000000000E-06   9.114302000E-01   8.100000000E-05   2.039751000E+00   1.000000000E-05 
                      3.265562000E+00   5.440000000E-01   3.360600000E+00   5.000000000E-05   3.473600000E+00   1.700000000E-04 
                      4.622457000E+00   4.540000000E-01   4.709710000E+00   5.500000000E-04   4.819600000E+00   2.000000000E-02 
80200    O20          2
                      3.258901000E-01   2.700000000E-04   2.757452000E+00   9.997300000E-01 
80210    O21          7
                      3.526000000E+00   5.300000000E-02   3.537620000E+00   1.050000000E-01   4.471050000E+00   1.000000000E-02 
                      4.592330000E+00   2.960000000E-01   4.650360000E+00   1.230000000E-01   6.355170000E+00   4.500000000E-02 
                      6.379600000E+00   3.720000000E-01 
90200    F20          3
                      2.058020000E+00   8.200000000E-05   5.390856000E+00   9.999130000E-01   7.024530000E+00   5.000000000E-06 
90210    F21          7
                      9.996401000E-01   7.700000000E-04   1.158360000E+00   4.300000000E-04   1.799240000E+00   3.900000000E-05 
                      1.948610000E+00   3.000000000E-05   3.938290000E+00   1.610000000E-01   5.333473000E+00   7.410000000E-01 
                      5.684200000E+00   9.600000000E-02 
90220    F22          7
                      3.395900000E+00   8.700000000E-02   3.477300000E+00   1.490000000E-02   4.471500000E+00   7.000000000E-02 
                      5.176600000E+00   1.640000000E-01   5.294300000E+00   5.390000000E-01   7.460300000E+00   3.100000000E-02 
                      9.543423000E+00   8.500000000E-03 
100230   Ne23         4
                      1.393750000E+00   6.500000000E-04   2.299800000E+00   1.100000000E-02   3.935819000E+00   3.200000000E-01 
                      4.375810000E+00   6.690000000E-01 
100240   Ne24         2
                      1.119970000E+00   7.900000000E-02   1.994393000E+00   9.210000000E-01 
100250   Ne25         5
                      2.961000000E+00   5.300000000E-03   3.563000000E+00   1.200000000E-02   5.048000000E+00   2.100000000E-02 
                      6.180680000E+00   1.950000000E-01   7.160470000E+00   7.660000000E-01 
100260   Ne26         2
                      7.106400000E+00   7.300000000E-02   7.257500000E+00   9.270000000E-01 
110240   Na24         3
                      2.803301000E-01   7.600000000E-04   1.392561000E+00   9.985500000E-01   4.146778000E+00   6.400000000E-04 
110241   Na24m1       1
                      5.985807000E+00   5.000000000E-04 
110250   Na25         5
                      1.033540000E+00   2.470000000E-03   1.870380000E+00   4.400000000E-03   2.223228000E+00   9.480000000E-02 
                      2.860251000E+00   2.746000000E-01   3.835000000E+00   6.250000000E-01 
110260   Na26         10
                      3.229000000E+00   1.700000000E-02   3.638500000E+00   7.000000000E-03   4.453700000E+00   3.000000000E-03 
                      4.519700000E+00   2.700000000E-02   5.004000000E+00   2.700000000E-02   5.021800000E+00   1.700000000E-02 
                      5.035600000E+00   5.400000000E-03   5.413200000E+00   1.600000000E-02   6.415620000E+00   1.000000000E-03 
                      7.545300000E+00   8.810000000E-01 
110270   Na27         10
                      4.076400000E+00   1.800000000E-03   4.292700000E+00   1.600000000E-03   4.516000000E+00   1.700000000E-03 
                      4.919000000E+00   2.600000000E-04   5.578100000E+00   5.200000000E-03   5.641900000E+00   7.400000000E-03 
                      5.959500000E+00   5.000000000E-03   7.128940000E+00   5.000000000E-03   7.370940000E+00   1.130000000E-01 
                      8.084310000E+00   8.580000000E-01 
110280   Na28         6
                      8.757800000E+00   5.000000000E-03   9.469800000E+00   2.600000000E-02   9.472300000E+00   1.300000000E-02 
                      1.016680000E+01   1.900000000E-01   1.255596000E+01   1.400000000E-01   1.403000000E+01   6.300000000E-01 
120270   Mg27         2
                      1.595590000E+00   2.900000000E-01   1.766290000E+00   7.100000000E-01 
120280   Mg28         3
                      2.117500000E-01   5.000000000E-02   4.589200000E-01   9.500000000E-01   8.596301000E-01   3.100000000E-03 
120290   Mg29         15
                      3.209900000E+00   2.500000000E-03   3.393400000E+00   1.000000000E-03   3.556000000E+00   5.000000000E-03 
                      3.677800000E+00   1.500000000E-03   3.941300000E+00   4.500000000E-03   3.971500000E+00   1.750000000E-03 
                      4.035400000E+00   3.000000000E-03   4.180000000E+00   3.000000000E-02   4.428460000E+00   2.800000000E-01 
                      4.551300000E+00   6.000000000E-02   4.747400000E+00   7.800000000E-02   5.388900000E+00   2.100000000E-01 
                      5.858730000E+00   1.500000000E-02   6.214950000E+00   7.000000000E-02   7.613000000E+00   2.700000000E-01 
130280   Al28         1
                      2.863390000E+00   9.999000000E-01 
130290   Al29         4
                      6.126699000E-01   3.300000000E-04   1.254100000E+00   6.300000000E-02   1.651500000E+00   3.800000000E-02 
                      2.406400000E+00   8.990000000E-01 
130300   Al30         7
                      2.609400000E+00   1.600000000E-03   2.946980000E+00   3.000000000E-03   3.329440000E+00   2.600000000E-02 
                      3.730160000E+00   6.600000000E-02   3.750690000E+00   5.700000000E-02   5.062500000E+00   6.730000000E-01 
                      6.325674000E+00   1.710000000E-01 
130310   Al31         4
                      5.678200000E+00   2.600000000E-01   6.300020000E+00   8.000000000E-02   7.242570000E+00   1.000000000E-02 
                      7.995000000E+00   6.500000000E-01 
130320   Al32         5
                      7.234300000E+00   1.700000000E-02   8.036100000E+00   4.300000000E-02   8.789200000E+00   3.000000000E-02 
                      1.107860000E+01   4.700000000E-02   1.302000000E+01   8.500000000E-01 
140310   Si31         2
                      2.253500000E-01   7.000000000E-04   1.491500000E+00   9.993000000E-01 
140320   Si32         1
                      2.239300000E-01   1.000000000E+00 
140330   Si33         13
                      6.550000000E-01   5.500000000E-04   7.970000000E-01   3.850000000E-04   9.888999000E-01   3.500000000E-04 
                      1.620300000E+00   8.000000000E-05   1.651300000E+00   2.000000000E-04   1.797200000E+00   3.500000000E-04 
                      2.217700000E+00   1.300000000E-04   2.354600000E+00   7.000000000E-04   2.569700000E+00   2.800000000E-04 
                      3.307400000E+00   4.700000000E-03   3.997500000E+00   5.300000000E-02   4.413600000E+00   2.200000000E-03 
                      5.845000000E+00   9.370000000E-01 
140350   Si35         6
                      4.464200000E+00   9.400000000E-02   4.940100000E+00   1.240000000E-01   5.630700000E+00   1.080000000E-01 
                      6.006600000E+00   2.140000000E-01   6.399000000E+00   4.600000000E-01   6.640300000E+00   1.000000000E-02 
150320   P32          1
                      1.710480000E+00   1.000000000E+00 
150330   P33          1
                      2.485000000E-01   1.000000000E+00 
150340   P34          5
                      1.259190000E+00   3.300000000E-03   1.299333000E+00   1.100000000E-03   1.457590000E+00   4.500000000E-04 
                      3.246436000E+00   1.490000000E-01   5.374000000E+00   8.500000000E-01 
150350   P35          2
                      1.049760000E+00   4.800000000E-03   2.416028000E+00   9.952000000E-01 
150360   P36          9
                      3.141100000E+00   1.136138000E-01   3.898600000E+00   3.428005000E-03   4.582100000E+00   5.612133000E-01 
                      5.161800000E+00   1.165521000E-01   5.206900000E+00   1.860917000E-02   5.391500000E+00   1.047990000E-01 
                      5.837800000E+00   1.958860000E-03   6.220300000E+00   6.856010000E-02   7.122100000E+00   1.126344000E-02 
160350   S35          1
                      1.672400000E-01   1.000000000E+00 
160370   S37          7
                      4.688203000E-01   4.000000000E-05   5.925302000E-01   5.600000000E-04   8.552500000E-01   9.000000000E-04 
                      1.123900000E+00   2.670000000E-03   1.761620000E+00   9.400000000E-01   1.778980000E+00   4.000000000E-04 
                      4.865120000E+00   5.600000000E-02 
160380   S38          5
                      1.859099000E-01   1.380000000E-02   9.950019000E-01   8.300000000E-01   1.191190000E+00   2.440000000E-02 
                      1.244320000E+00   1.700000000E-03   2.937000000E+00   1.300000000E-01 
160390   S39          4
                      4.068900000E+00   1.280000000E-01   4.854700000E+00   1.060000000E-01   4.943220000E+00   6.800000000E-01 
                      5.339570000E+00   8.000000000E-02 
160400   S40          6
                      2.382800000E+00   4.600000000E-01   3.396600000E+00   2.000000000E-02   3.800500000E+00   4.100000000E-01 
                      4.258300000E+00   4.000000000E-02   4.478200000E+00   8.000000000E-02   4.690000000E+00   5.000000000E-03 
170360   Cl36         1
                      7.086000000E-01   9.816082000E-01 
170380   Cl38         6
                      3.511001000E-01   1.000000000E-04   9.798999000E-01   3.500000000E-05   1.106310000E+00   3.310000000E-01 
                      1.539000000E+00   1.000000000E-04   2.748850000E+00   1.130000000E-01   4.916500000E+00   5.560000000E-01 
170390   Cl39         16
                      1.550000000E-01   1.900000000E-05   4.920501000E-01   2.700000000E-04   6.120649000E-01   5.800000000E-03 
                      6.865000000E-01   1.350000000E-05   7.908999000E-01   5.500000000E-06   8.103999000E-01   1.050000000E-05 
                      9.183001000E-01   8.000000000E-06   9.385811000E-01   2.240000000E-02   9.605000000E-01   1.050000000E-05 
                      1.008520000E+00   4.000000000E-05   1.083715000E+00   2.550000000E-02   1.099800000E+00   5.500000000E-06 
                      1.349251000E+00   6.000000000E-05   1.924458000E+00   8.300000000E-01   2.174792000E+00   4.500000000E-02 
                      3.442000000E+00   7.100000000E-02 
170400   Cl40         36
                      8.282998000E-01   4.900000000E-03   1.003900000E+00   1.600000000E-03   1.141300000E+00   2.600000000E-03 
                      1.204000000E+00   3.200000000E-03   1.271500000E+00   4.100000000E-04   1.346500000E+00   4.000000000E-04 
                      1.426400000E+00   3.200000000E-03   1.529500000E+00   4.100000000E-04   1.574100000E+00   6.500000000E-03 
                      1.599900000E+00   5.200000000E-02   1.762200000E+00   8.000000000E-04   1.850600000E+00   8.000000000E-04 
                      1.870600000E+00   8.900000000E-03   2.079500000E+00   1.600000000E-03   2.170000000E+00   1.600000000E-03 
                      2.210500000E+00   2.100000000E-02   2.314300000E+00   8.900000000E-03   2.711000000E+00   4.900000000E-03 
                      2.742200000E+00   4.100000000E-03   2.899300000E+00   1.700000000E-03   2.917770000E+00   2.260000000E-01 
                      2.999000000E+00   2.400000000E-03   3.122000000E+00   2.400000000E-03   3.155500000E+00   1.600000000E-03 
                      3.179010000E+00   2.700000000E-01   3.301100000E+00   2.400000000E-03   3.397420000E+00   1.380000000E-01 
                      3.538090000E+00   1.600000000E-03   3.561200000E+00   5.500000000E-02   3.799520000E+00   4.600000000E-02 
                      3.968500000E+00   9.100000000E-03   4.272130000E+00   2.100000000E-02   4.587570000E+00   6.800000000E-03 
                      4.955990000E+00   1.700000000E-02   6.019230000E+00   4.000000000E-02   7.480000000E+00   4.500000000E-02 
180390   Ar39         1
                      5.650000000E-01   1.000000000E+00 
180410   Ar41         3
                      8.146999000E-01   5.200000000E-04   1.198060000E+00   9.916000000E-01   2.491700000E+00   7.800000000E-03 
180420   Ar42         1
                      5.990000000E-01   1.000000000E+00 
180430   Ar43         21
                      8.508001000E-01   4.700000000E-03   9.188001000E-01   2.800000000E-03   9.566001000E-01   2.200000000E-02 
                      1.109300000E+00   3.500000000E-02   1.171900000E+00   3.800000000E-03   1.255200000E+00   5.500000000E-02 
                      1.301000000E+00   1.000000000E-02   1.508100000E+00   1.100000000E-02   2.220000000E+00   1.900000000E-01 
                      2.375700000E+00   3.900000000E-03   2.387400000E+00   1.600000000E-01   2.516500000E+00   2.300000000E-03 
                      2.699400000E+00   3.200000000E-03   3.015100000E+00   2.900000000E-03   3.055100000E+00   3.700000000E-03 
                      3.358100000E+00   1.500000000E-02   3.455000000E+00   9.000000000E-03   3.589600000E+00   1.600000000E-01 
                      3.827000000E+00   1.400000000E-02   4.003600000E+00   1.000000000E-03   4.565000000E+00   3.000000000E-01 
180440   Ar44         5
                      5.338999000E-01   2.200000000E-02   7.823001000E-01   3.200000000E-02   1.222100000E+00   9.300000000E-01 
                      1.648600000E+00   1.500000000E-02   2.725300000E+00   1.400000000E-03 
180450   Ar45         19
                      2.275700000E+00   5.300000000E-03   2.487500000E+00   2.000000000E-02   2.800800000E+00   2.700000000E-03 
                      2.848180000E+00   2.300000000E-01   3.137600000E+00   4.100000000E-01   3.446500000E+00   2.000000000E-03 
                      3.533560000E+00   4.700000000E-03   4.058200000E+00   1.000000000E-03   4.096900000E+00   9.400000000E-03 
                      4.276100000E+00   5.200000000E-03   4.327800000E+00   1.800000000E-02   4.656580000E+00   3.800000000E-04 
                      5.122200000E+00   8.700000000E-03   5.205650000E+00   3.300000000E-02   5.370900000E+00   3.000000000E-03 
                      5.420500000E+00   4.000000000E-03   5.763420000E+00   1.400000000E-01   6.370350000E+00   1.400000000E-02 
                      6.844800000E+00   1.250000000E-01 
180460   Ar46         2
                      3.735700000E+00   1.000000000E+00   5.680000000E+00   2.500000000E-02 
180470   Ar47         6
                      4.657600000E+00   3.000000000E-02   6.737900000E+00   2.600000000E-01   6.782400000E+00   9.000000000E-02 
                      8.480000000E+00   7.000000000E-02   1.014000000E+01   2.400000000E-01   1.050000000E+01   2.600000000E-01 
190400   K40          1
                      1.311070000E+00   8.913755000E-01 
190420   K42          5
                      7.994995000E-02   7.000000000E-04   1.101150000E+00   5.000000000E-04   1.688250000E+00   3.400000000E-03 
                      2.000850000E+00   1.764000000E-01   3.525450000E+00   8.190000000E-01 
190430   K43          5
                      4.390270000E-01   2.600000000E-02   8.432430000E-01   9.090000000E-01   1.240106000E+00   4.060000000E-02 
                      1.460738000E+00   9.000000000E-03   1.833500000E+00   1.540000000E-02 
190440   K44          34
                      1.264004000E-01   3.000000000E-04   3.197002000E-01   2.300000000E-04   3.622002000E-01   9.000000000E-05 
                      4.861001000E-01   1.100000000E-03   5.249101000E-01   6.600000000E-04   5.564004000E-01   2.900000000E-04 
                      6.614800000E-01   8.000000000E-04   7.946001000E-01   3.500000000E-05   8.031802000E-01   6.800000000E-03 
                      8.211001000E-01   2.900000000E-03   8.628003000E-01   8.000000000E-04   1.037800000E+00   8.000000000E-04 
                      1.114600000E+00   1.900000000E-03   1.125400000E+00   4.600000000E-04   1.134566000E+00   4.300000000E-02 
                      1.250500000E+00   2.400000000E-04   1.278031000E+00   7.200000000E-02   1.288100000E+00   3.500000000E-04 
                      1.328770000E+00   1.500000000E-02   1.371980000E+00   3.700000000E-03   1.426900000E+00   1.200000000E-03 
                      1.593200000E+00   1.200000000E-03   1.910940000E+00   2.300000000E-03   2.011121000E+00   1.100000000E-01 
                      2.025675000E+00   6.200000000E-02   2.106800000E+00   4.000000000E-04   2.330000000E+00   1.000000000E-03 
                      2.379337000E+00   2.850000000E-01   2.385950000E+00   2.100000000E-03   2.642960000E+00   1.000000000E-03 
                      3.404088000E+00   6.000000000E-03   3.803686000E+00   1.500000000E-02   4.530182000E+00   1.700000000E-02 
                      5.687200000E+00   3.400000000E-01 
190450   K45          17
                      4.915000000E-01   8.400000000E-05   5.423999000E-01   4.600000000E-04   7.058999000E-01   1.530000000E-03 
                      9.020000000E-01   6.600000000E-03   1.172800000E+00   8.400000000E-04   1.219700000E+00   4.600000000E-03 
                      1.355500000E+00   7.900000000E-04   1.425430000E+00   6.600000000E-02   1.673500000E+00   3.200000000E-04 
                      1.804370000E+00   1.000000000E-01   1.842780000E+00   1.550000000E-01   1.947800000E+00   1.500000000E-04 
                      2.296780000E+00   6.000000000E-04   2.316600000E+00   5.100000000E-01   2.761940000E+00   1.400000000E-02 
                      4.022220000E+00   7.900000000E-02   4.196500000E+00   5.000000000E-02 
190460   K46          7
                      1.096400000E+00   2.100000000E-02   1.426400000E+00   1.500000000E-02   2.641400000E+00   2.500000000E-01 
                      3.201400000E+00   6.000000000E-03   4.091400000E+00   5.000000000E-02   5.141400000E+00   3.000000000E-02 
                      6.376400000E+00   6.300000000E-01 
190470   K47          4
                      2.119300000E+00   1.182000000E-02   4.044480000E+00   7.978500000E-01   4.065690000E+00   1.871500000E-01 
                      4.630490000E+00   9.850000000E-03 
190480   K48          33
                      1.058000000E+00   8.000000000E-04   1.173000000E+00   8.000000000E-04   1.264000000E+00   6.000000000E-04 
                      1.428000000E+00   4.000000000E-04   1.476000000E+00   1.900000000E-03   1.712000000E+00   4.000000000E-04 
                      1.736000000E+00   2.000000000E-04   1.821000000E+00   1.500000000E-03   1.850000000E+00   6.000000000E-04 
                      1.910000000E+00   2.200000000E-03   1.967000000E+00   2.000000000E-04   2.013000000E+00   8.000000000E-04 
                      2.105000000E+00   8.000000000E-04   2.789000000E+00   4.600000000E-03   3.123000000E+00   1.100000000E-03 
                      3.559000000E+00   5.600000000E-03   3.623000000E+00   1.500000000E-02   3.699000000E+00   3.800000000E-03 
                      4.432000000E+00   7.800000000E-03   4.682700000E+00   3.300000000E-02   4.689130000E+00   2.250000000E-01 
                      4.788500000E+00   2.400000000E-02   5.194910000E+00   2.080000000E-01   5.404750000E+00   1.560000000E-01 
                      5.475800000E+00   1.160000000E-01   6.720410000E+00   3.800000000E-02   6.828000000E+00   1.400000000E-03 
                      7.478120000E+00   9.600000000E-02   7.583100000E+00   2.200000000E-02   7.587010000E+00   5.000000000E-03 
                      7.806000000E+00   7.500000000E-04   8.258280000E+00   6.200000000E-02   1.209000000E+01   5.000000000E-03 
200450   Ca45         2
                      2.434000000E-01   1.900000000E-05   2.558000000E-01   9.999810000E-01 
200470   Ca47         4
                      1.138000000E-01   3.700000000E-04   6.948800000E-01   7.300000000E-01   1.225170000E+00   8.700000000E-04 
                      1.992000000E+00   2.700000000E-01 
200490   Ca49         9
                      5.236499000E-01   2.810000000E-03   5.473003000E-01   3.600000000E-04   7.686601000E-01   6.490000000E-03 
                      9.298999000E-01   6.100000000E-05   1.190030000E+00   8.198000000E-02   1.745400000E+00   1.420000000E-03 
                      2.177580000E+00   9.020000000E-01   2.890200000E+00   4.700000000E-03   3.033500000E+00   1.800000000E-04 
200500   Ca50         1
                      3.118228000E+00   9.900000000E-01 
200510   Ca51         10
                      3.582900000E+00   6.500000000E-02   3.964400000E+00   3.600000000E-02   4.159800000E+00   2.550000000E-01 
                      4.316310000E+00   1.920000000E-01   4.646200000E+00   9.900000000E-02   5.007800000E+00   1.290000000E-01 
                      5.639980000E+00   1.550000000E-02   5.960980000E+00   1.490000000E-01   6.187670000E+00   2.500000000E-02 
                      6.493380000E+00   5.100000000E-02 
210460   Sc46         2
                      3.563540000E-01   9.999640000E-01   1.476914000E+00   3.600000000E-05 
210470   Sc47         2
                      4.409190000E-01   6.840000000E-01   6.003000000E-01   3.160000000E-01 
210480   Sc48         2
                      4.834309000E-01   1.002000000E-01   6.587920000E-01   8.998000000E-01 
210490   Sc49         3
                      2.441000000E-01   5.000000000E-04   3.834000000E-01   1.000000000E-04   2.006000000E+00   9.994000000E-01 
210500   Sc50         9
                      1.082750000E+00   2.510000000E-03   1.449260000E+00   1.450000000E-03   1.510100000E+00   2.070000000E-03 
                      2.009200000E+00   1.580000000E-02   2.718050000E+00   1.750000000E-03   2.742780000E+00   5.800000000E-03 
                      3.691268000E+00   8.840000000E-01   4.215070000E+00   8.400000000E-02   5.336206000E+00   6.500000000E-03 
210510   Sc51         11
                      1.627900000E+00   1.700000000E-03   2.323400000E+00   3.300000000E-03   2.415000000E+00   4.000000000E-03 
                      2.891400000E+00   1.300000000E-01   3.272600000E+00   3.000000000E-03   3.447700000E+00   1.310000000E-01 
                      3.590700000E+00   3.840000000E-02   3.778800000E+00   4.600000000E-02   3.818600000E+00   2.030000000E-02 
                      4.366000000E+00   3.400000000E-01   5.072700000E+00   2.750000000E-01 
210520   Sc52         13
                      4.324100000E+00   9.700000000E-02   4.632100000E+00   8.900000000E-02   4.823900000E+00   1.600000000E-02 
                      5.032400000E+00   1.800000000E-02   5.087700000E+00   6.500000000E-02   5.187800000E+00   7.600000000E-02 
                      5.657300000E+00   3.000000000E-02   5.760100000E+00   7.800000000E-02   5.966800000E+00   3.200000000E-02 
                      6.678420000E+00   5.800000000E-02   6.792360000E+00   1.030000000E-01   6.845800000E+00   9.500000000E-02 
                      8.060280000E+00   2.420000000E-01 
220510   Ti51         2
                      1.544870000E+00   8.100000000E-02   2.153423000E+00   9.190000000E-01 
220520   Ti52         1
                      1.834394000E+00   1.000000000E+00 
220530   Ti53         9
                      2.089500000E+00   1.000000000E-02   2.190500000E+00   1.110000000E-01   2.436000000E+00   1.500000000E-01 
                      2.469400000E+00   4.500000000E-02   2.936000000E+00   6.700000000E-02   3.062400000E+00   4.800000000E-02 
                      3.115990000E+00   3.700000000E-01   3.470400000E+00   1.000000000E-01   4.791590000E+00   1.100000000E-01 
220550   Ti55         6
                      5.327200000E+00   1.600000000E-01   5.979100000E+00   5.000000000E-02   6.149900000E+00   1.200000000E-01 
                      6.807400000E+00   3.100000000E-01   7.156700000E+00   1.200000000E-01   7.480000000E+00   2.400000000E-01 
230500   V50          1
                      2.546000000E-01   1.700000000E-01 
230520   V52          8
                      2.037002000E-01   2.500000000E-05   5.032002000E-01   2.000000000E-05   5.603801000E-01   3.000000000E-04 
                      8.139502000E-01   8.000000000E-05   1.010825000E+00   1.160000000E-03   1.207850000E+00   5.700000000E-03 
                      1.606004000E+00   5.200000000E-04   2.541519000E+00   9.922000000E-01 
230530   V53          3
                      1.899400000E+00   4.000000000E-03   2.146980000E+00   1.100000000E-01   2.429830000E+00   8.900000000E-01 
230540   V54          11
                      2.591100000E+00   1.403200000E-02   2.823950000E+00   6.139000000E-02   2.958940000E+00   5.779430000E-01 
                      3.243540000E+00   1.017320000E-01   3.256400000E+00   1.315500000E-01   3.386900000E+00   4.209600000E-02 
                      3.605200000E+00   5.262000000E-03   3.882500000E+00   6.665200000E-02   3.968130000E+00   2.631000000E-03 
                      4.422550000E+00   2.104800000E-02   5.218170000E+00   3.508000000E-02 
230550   V55          7
                      4.500920000E+00   2.200000000E-02   4.541200000E+00   5.700000000E-02   4.765290000E+00   4.100000000E-02 
                      5.099330000E+00   1.950000000E-01   5.414150000E+00   3.500000000E-02   5.462320000E+00   6.420000000E-01 
                      5.737920000E+00   4.000000000E-03 
240550   Cr55         5
                      2.351001000E-01   5.900000000E-06   3.349002000E-01   1.100000000E-06   3.506001000E-01   3.100000000E-05 
                      1.075000000E+00   3.800000000E-04   2.603100000E+00   9.995800000E-01 
240560   Cr56         1
                      1.518400000E+00   1.000000000E+00 
240570   Cr57         13
                      2.260800000E+00   2.600000000E-02   2.469700000E+00   1.700000000E-02   2.622400000E+00   2.400000000E-03 
                      2.777200000E+00   2.600000000E-02   2.816100000E+00   2.200000000E-03   3.127500000E+00   7.000000000E-02 
                      3.237400000E+00   2.200000000E-03   3.428150000E+00   6.000000000E-02   3.470230000E+00   8.000000000E-03 
                      3.588000000E+00   4.000000000E-03   3.907130000E+00   2.200000000E-02   4.112840000E+00   2.700000000E-02 
                      4.963000000E+00   7.400000000E-01 
250560   Mn56         7
                      2.502700000E-01   1.880000000E-04   3.257900000E-01   1.160000000E-02   5.726399000E-01   4.000000000E-04 
                      7.356499000E-01   1.460000000E-01   1.037990000E+00   2.790000000E-01   1.610470000E+00   5.900000000E-04 
                      2.848738000E+00   5.630000000E-01 
250570   Mn57         7
                      9.680300000E-01   2.400000000E-03   1.066000000E+00   1.100000000E-02   1.686150000E+00   4.000000000E-03 
                      1.986901000E+00   6.300000000E-02   2.326561000E+00   2.200000000E-02   2.556824000E+00   1.500000000E-01 
                      2.678887000E+00   7.500000000E-01 
250580   Mn58         4
                      1.719830000E+00   1.200000000E-02   3.006130000E+00   1.200000000E-02   3.373600000E+00   5.000000000E-03 
                      6.250000000E+00   9.700000000E-01 
250581   Mn58m1       13
                      1.487880000E+00   1.060000000E-03   1.731780000E+00   2.000000000E-03   1.791610000E+00   1.900000000E-03 
                      1.828680000E+00   9.200000000E-03   2.008870000E+00   2.240000000E-02   2.233310000E+00   2.400000000E-03 
                      2.420170000E+00   4.250000000E-02   2.692210000E+00   9.200000000E-03   3.088520000E+00   3.240000000E-02 
                      3.445380000E+00   1.580000000E-03   3.721390000E+00   8.000000000E-02   4.187890000E+00   7.600000000E-01 
                      4.245260000E+00   3.800000000E-02 
250590   Mn59         11
                      2.738000000E+00   1.800000000E-03   2.836000000E+00   2.900000000E-03   3.266800000E+00   8.200000000E-04 
                      3.615600000E+00   3.500000000E-03   4.023150000E+00   1.050000000E-01   4.161900000E+00   1.800000000E-03 
                      4.458720000E+00   3.200000000E-01   4.614250000E+00   1.090000000E-01   4.712280000E+00   2.100000000E-01 
                      4.897960000E+00   4.000000000E-03   5.185000000E+00   2.300000000E-01 
250600   Mn60         1
                      8.230000000E+00   1.000000000E+00 
250610   Mn61         4
                      6.731340000E+00   1.800000000E-01   6.969010000E+00   6.000000000E-03   7.153240000E+00   7.400000000E-02 
                      7.360000000E+00   7.400000000E-01 
250620   Mn62         12
                      6.809300000E+00   4.646100000E-02   7.146300000E+00   1.093200000E-02   7.198300000E+00   8.199000000E-03 
                      7.226520000E+00   4.190600000E-01   7.499700000E+00   1.093200000E-02   7.550000000E+00   6.377000000E-03 
                      7.844300000E+00   8.199000000E-03   7.851100000E+00   1.184300000E-02   8.010280000E+00   7.743500000E-04 
                      8.168380000E+00   1.548700000E-01   8.683530000E+00   7.652400000E-02   8.843020000E+00   2.459700000E-01 
260590   Fe59         5
                      8.356995000E-02   7.800000000E-04   1.309469000E-01   1.310000000E-02   2.735990000E-01   4.530000000E-01 
                      4.659430000E-01   5.310000000E-01   1.565200000E+00   1.800000000E-03 
260600   Fe60         1
                      1.784000000E-01   1.000000000E+00 
260610   Fe61         23
                      6.130000000E-01   4.125440000E-04   7.388001000E-01   5.344320000E-04   7.733001000E-01   6.094400000E-03 
                      7.868999000E-01   7.875840000E-04   8.736001000E-01   6.563200000E-04   9.776999000E-01   1.312640000E-02 
                      1.057900000E+00   6.563200000E-04   1.113610000E+00   1.125120000E-02   1.223500000E+00   7.219520000E-03 
                      1.493500000E+00   1.153248000E-03   1.546600000E+00   1.125120000E-03   1.675000000E+00   1.500160000E-02 
                      1.747100000E+00   5.625600000E-04   1.966500000E+00   4.688000000E-02   2.024800000E+00   9.282240000E-03 
                      2.089000000E+00   2.437760000E-03   2.332110000E+00   7.500800000E-02   2.359120000E+00   1.265760000E-03 
                      2.652590000E+00   2.531520000E-01   2.692270000E+00   1.875200000E-04   2.772900000E+00   3.562880000E-01 
                      2.950510000E+00   1.500160000E-01   3.978000000E+00   4.688000000E-02 
260620   Fe62         1
                      2.024900000E+00   1.000000000E+00 
260630   Fe63         8
                      2.868000000E+00   2.000000000E-03   3.496100000E+00   1.200000000E-02   4.401400000E+00   3.000000000E-03 
                      4.713100000E+00   2.000000000E-03   4.795270000E+00   8.000000000E-04   4.862860000E+00   5.000000000E-02 
                      5.295080000E+00   1.300000000E-01   6.290000000E+00   8.000000000E-01 
260640   Fe64         3
                      3.459000000E+00   2.000000000E-02   4.709200000E+00   5.000000000E-02   5.020000000E+00   9.300000000E-01 
260650   Fe65         6
                      6.106810000E+00   8.000000000E-02   6.293720000E+00   3.900000000E-01   6.331200000E+00   1.900000000E-01 
                      7.067380000E+00   2.200000000E-01   7.195010000E+00   1.500000000E-02   7.407460000E+00   1.100000000E-01 
260651   Fe65m1       10
                      5.469900000E+00   8.000000000E-02   5.474100000E+00   1.400000000E-01   5.808400000E+00   1.800000000E-01 
                      5.887100000E+00   1.600000000E-01   5.922700000E+00   1.800000000E-01   6.723830000E+00   7.000000000E-02 
                      6.740500000E+00   4.200000000E-02   6.886590000E+00   5.000000000E-02   6.924900000E+00   5.000000000E-02 
                      8.366000000E+00   8.000000000E-02 
270600   Co60         2
                      3.181518000E-01   9.988000000E-01   1.491392000E+00   1.200000000E-03 
270601   Co60m1       2
                      7.234329000E-01   8.400000000E-05   1.549726000E+00   2.299200000E-03 
270610   Co61         2
                      4.134999000E-01   4.400000000E-02   1.255285000E+00   9.560000000E-01 
270620   Co62         10
                      1.251800000E+00   3.300000000E-03   1.796100000E+00   1.400000000E-02   1.945400000E+00   3.800000000E-03 
                      2.044800000E+00   1.210000000E-02   2.059000000E+00   3.300000000E-03   2.156900000E+00   2.400000000E-02 
                      2.255700000E+00   4.000000000E-03   3.013160000E+00   2.580000000E-01   4.142070000E+00   6.780000000E-01 
                      5.315000000E+00   2.500000000E-03 
270630   Co63         7
                      1.410300000E+00   5.300000000E-03   2.220300000E+00   1.430000000E-02   2.420900000E+00   9.900000000E-03 
                      2.603010000E+00   3.710000000E-02   3.154200000E+00   1.100000000E-03   3.516450000E+00   1.500000000E-03 
                      3.584850000E+00   9.300000000E-01 
270640   Co64         3
                      5.029800000E+00   5.000000000E-02   5.960900000E+00   5.000000000E-02   7.307000000E+00   9.000000000E-01 
270650   Co65         5
                      4.682350000E+00   4.600000000E-02   4.814890000E+00   2.900000000E-02   5.645630000E+00   3.500000000E-03 
                      5.892890000E+00   7.000000000E-03   5.956000000E+00   9.170000000E-01 
270660   Co66         3
                      6.659400000E+00   9.000000000E-02   7.218000000E+00   6.900000000E-01   8.464080000E+00   2.200000000E-01 
270670   Co67         3
                      6.545000000E+00   5.500000000E-02   7.692800000E+00   3.000000000E-02   8.005900000E+00   9.150000000E-01 
270680   Co68         5
                      8.165500000E+00   1.400000000E-02   8.542900000E+00   2.900000000E-01   8.656400000E+00   6.000000000E-01 
                      8.979900000E+00   5.000000000E-02   9.251800000E+00   5.000000000E-02 
280630   Ni63         1
                      6.694500000E-02   1.000000000E+00 
280650   Ni65         5
                      4.129199000E-01   5.550000000E-03   5.144600000E-01   8.900000000E-03   6.560699000E-01   2.840000000E-01 
                      1.022350000E+00   1.018000000E-01   2.137900000E+00   6.000000000E-01 
280660   Ni66         1
                      2.519000000E-01   1.000000000E+00 
280670   Ni67         6
                      7.348999000E-01   2.600000000E-03   8.958999000E-01   2.400000000E-03   9.528999000E-01   1.400000000E-03 
                      1.304000000E+00   2.200000000E-03   1.638900000E+00   1.130000000E-02   3.576000000E+00   9.800000000E-01 
280690   Ni69         10
                      1.815600000E+00   4.000000000E-03   2.819000000E+00   4.000000000E-02   2.958500000E+00   4.400000000E-02 
                      3.002200000E+00   3.530000000E-01   3.061600000E+00   3.570000000E-01   3.207600000E+00   1.150000000E-01 
                      3.472700000E+00   3.000000000E-03   3.887200000E+00   1.200000000E-02   4.047200000E+00   2.800000000E-02 
                      4.544700000E+00   5.000000000E-02 
290640   Cu64         1
                      5.794000000E-01   3.849403000E-01 
290660   Cu66         4
                      2.691999000E-01   3.700000000E-05   7.686999000E-01   2.200000000E-03   1.601690000E+00   9.010000000E-02 
                      2.640900000E+00   9.077000000E-01 
290670   Cu67         4
                      1.681700000E-01   1.100000000E-02   3.771230000E-01   5.700000000E-01   4.683890000E-01   2.200000000E-01 
                      5.617000000E-01   2.000000000E-01 
290680   Cu68         9
                      1.618060000E+00   1.900000000E-02   1.688950000E+00   1.400000000E-02   1.929800000E+00   1.000000000E-02 
                      2.069700000E+00   8.000000000E-03   2.101370000E+00   1.370000000E-01   2.556650000E+00   3.600000000E-02 
                      2.783970000E+00   1.700000000E-02   3.362600000E+00   4.300000000E-01   4.439900000E+00   3.200000000E-01 
290690   Cu69         12
                      6.485999000E-01   4.600000000E-03   7.879999000E-01   6.600000000E-04   8.533899000E-01   1.800000000E-02 
                      1.048200000E+00   4.200000000E-04   1.223100000E+00   2.800000000E-04   1.251850000E+00   6.900000000E-02 
                      1.429730000E+00   5.500000000E-03   1.500670000E+00   4.200000000E-02   1.673740000E+00   2.400000000E-01 
                      1.846940000E+00   8.800000000E-02   2.150100000E+00   2.500000000E-02   2.681400000E+00   5.100000000E-01 
290700   Cu70         20
                      1.527200000E+00   5.000000000E-03   1.739300000E+00   5.190000000E-02   1.796800000E+00   5.700000000E-03 
                      1.878400000E+00   1.040000000E-02   2.000100000E+00   1.400000000E-02   2.030200000E+00   2.980000000E-02 
                      2.074100000E+00   1.350000000E-02   2.123700000E+00   4.150000000E-02   2.279470000E+00   2.360000000E-02 
                      2.323900000E+00   2.160000000E-02   2.527080000E+00   1.410000000E-02   2.586900000E+00   7.400000000E-03 
                      2.684600000E+00   5.700000000E-03   2.740200000E+00   4.900000000E-02   2.800210000E+00   3.250000000E-02 
                      2.989380000E+00   1.030000000E-02   3.111820000E+00   6.070000000E-02   3.246700000E+00   9.400000000E-03 
                      3.550200000E+00   5.790000000E-01   3.693460000E+00   1.420000000E-02 
290720   Cu72         31
                      3.767600000E+00   1.100000000E-02   3.932900000E+00   1.900000000E-02   3.934800000E+00   8.700000000E-03 
                      4.003200000E+00   2.300000000E-02   4.187200000E+00   9.000000000E-03   4.231800000E+00   2.300000000E-02 
                      4.360800000E+00   2.460000000E-02   4.496400000E+00   9.000000000E-02   4.609800000E+00   3.600000000E-02 
                      4.654730000E+00   7.600000000E-02   4.664200000E+00   1.000000000E-02   4.700350000E+00   1.080000000E-01 
                      4.787400000E+00   2.600000000E-02   4.966500000E+00   6.300000000E-03   5.115400000E+00   1.900000000E-02 
                      5.169300000E+00   8.700000000E-03   5.252000000E+00   2.500000000E-03   5.300100000E+00   4.440000000E-02 
                      5.453340000E+00   9.900000000E-02   5.557180000E+00   1.200000000E-02   5.569900000E+00   2.500000000E-03 
                      5.716370000E+00   3.900000000E-02   5.920030000E+00   7.500000000E-03   6.169480000E+00   5.000000000E-03 
                      6.193000000E+00   1.200000000E-02   6.305000000E+00   3.000000000E-03   6.704700000E+00   6.400000000E-02 
                      6.749400000E+00   2.700000000E-03   6.851000000E+00   1.600000000E-02   6.862480000E+00   2.800000000E-02 
                      7.709300000E+00   1.600000000E-01 
290730   Cu73         6
                      4.597100000E+00   1.000000000E-02   5.482000000E+00   3.000000000E-02   6.103800000E+00   5.000000000E-02 
                      6.156400000E+00   4.300000000E-01   6.298800000E+00   6.000000000E-02   6.606000000E+00   4.200000000E-01 
290740   Cu74         21
                      4.123000000E+00   8.000000000E-03   4.855700000E+00   2.200000000E-02   4.889100000E+00   2.000000000E-02 
                      5.188000000E+00   2.900000000E-02   6.180000000E+00   1.000000000E-02   6.684000000E+00   1.100000000E-02 
                      6.686600000E+00   2.100000000E-02   6.764900000E+00   9.000000000E-03   6.781500000E+00   4.800000000E-02 
                      6.845800000E+00   8.500000000E-02   6.941800000E+00   1.340000000E-01   7.053000000E+00   8.000000000E-03 
                      7.093100000E+00   1.000000000E-02   7.199000000E+00   8.000000000E-02   7.397400000E+00   9.000000000E-03 
                      7.602000000E+00   3.600000000E-02   7.651600000E+00   2.800000000E-02   7.962000000E+00   1.000000000E-02 
                      8.080580000E+00   7.000000000E-02   8.332380000E+00   3.500000000E-02   9.144990000E+00   3.200000000E-01 
290760   Cu76         9
                      8.054000000E+00   1.600000000E-02   8.094000000E+00   6.000000000E-02   8.352500000E+00   1.530000000E-01 
                      8.513600000E+00   3.800000000E-02   8.693400000E+00   1.000000000E-01   8.977900000E+00   5.000000000E-03 
                      9.060500000E+00   4.800000000E-02   1.003060000E+01   2.300000000E-01   1.072830000E+01   3.300000000E-01 
300690   Zn69         3
                      3.839996000E-02   2.500000000E-06   5.916999000E-01   1.200000000E-05   9.101000000E-01   9.999860000E-01 
300691   Zn69m1       1
                      7.707999000E-01   3.300000000E-04 
300710   Zn71         10
                      5.157100000E-01   2.300000000E-03   7.455701000E-01   7.000000000E-04   1.178590000E+00   4.100000000E-02 
                      1.700900000E+00   1.600000000E-03   1.845410000E+00   4.000000000E-04   1.899860000E+00   8.000000000E-02 
                      2.298610000E+00   3.200000000E-01   2.322900000E+00   1.000000000E-04   2.420150000E+00   4.000000000E-03 
                      2.810200000E+00   5.500000000E-01 
300711   Zn71m1       12
                      1.520798000E-01   3.300000000E-03   1.627300000E-01   3.300000000E-03   2.478999000E-01   9.200000000E-04 
                      3.670998000E-01   7.000000000E-03   4.796799000E-01   3.800000000E-03   5.172600000E-01   6.500000000E-03 
                      7.207500000E-01   6.400000000E-02   1.248300000E+00   8.500000000E-04   1.469300000E+00   5.900000000E-03 
                      1.474140000E+00   8.780000000E-01   1.860440000E+00   9.000000000E-03   2.003140000E+00   2.000000000E-03 
300720   Zn72         4
                      2.349000000E-01   1.470000000E-01   2.817000000E-01   8.510000000E-01   3.143000000E-01   2.100000000E-03 
                      3.236000000E-01   5.000000000E-05 
300730   Zn73         8
                      1.116500000E+00   2.000000000E-03   1.997500000E+00   2.300000000E-02   2.181700000E+00   6.000000000E-03 
                      2.413600000E+00   3.000000000E-03   3.195030000E+00   1.600000000E-02   3.610180000E+00   4.000000000E-03 
                      3.888050000E+00   5.100000000E-02   4.106000000E+00   8.900000000E-01 
300750   Zn75         38
                      2.697010000E+00   5.600000000E-03   2.711050000E+00   2.500000000E-02   2.800540000E+00   1.600000000E-02 
                      2.907170000E+00   9.200000000E-03   2.950930000E+00   1.130000000E-02   2.992220000E+00   1.340000000E-02 
                      3.028600000E+00   1.430000000E-02   3.037200000E+00   1.010000000E-02   3.041110000E+00   2.600000000E-02 
                      3.093700000E+00   2.000000000E-02   3.167170000E+00   9.200000000E-03   3.169750000E+00   2.300000000E-02 
                      3.266270000E+00   2.050000000E-02   3.271480000E+00   6.900000000E-02   3.303880000E+00   1.130000000E-02 
                      3.306680000E+00   3.700000000E-02   3.342230000E+00   1.040000000E-02   3.349370000E+00   2.500000000E-02 
                      3.400400000E+00   3.900000000E-03   3.469370000E+00   8.000000000E-03   3.492400000E+00   6.700000000E-02 
                      3.536860000E+00   1.720000000E-02   3.633210000E+00   4.700000000E-02   3.648440000E+00   3.300000000E-02 
                      3.672330000E+00   2.300000000E-02   4.040790000E+00   1.250000000E-02   4.250730000E+00   1.100000000E-03 
                      4.284120000E+00   1.840000000E-02   4.361020000E+00   5.600000000E-02   4.396430000E+00   9.000000000E-03 
                      4.513210000E+00   3.300000000E-03   4.632060000E+00   2.500000000E-02   5.024370000E+00   2.000000000E-02 
                      5.299590000E+00   7.500000000E-02   5.473800000E+00   7.300000000E-02   5.677370000E+00   7.200000000E-02 
                      5.727640000E+00   6.300000000E-02   5.906000000E+00   4.000000000E-02 
300760   Zn76         22
                      1.391160000E+00   1.200000000E-03   1.570870000E+00   1.700000000E-03   1.826960000E+00   1.600000000E-03 
                      1.902580000E+00   2.100000000E-02   2.016190000E+00   2.400000000E-03   2.097550000E+00   1.300000000E-03 
                      2.167610000E+00   8.500000000E-03   2.183100000E+00   3.000000000E-03   2.243460000E+00   1.970000000E-02 
                      2.372380000E+00   3.600000000E-03   2.425480000E+00   9.500000000E-03   2.448160000E+00   4.100000000E-02 
                      2.887570000E+00   1.600000000E-03   2.963300000E+00   1.060000000E-01   3.212050000E+00   1.000000000E-03 
                      3.312770000E+00   5.800000000E-03   3.428070000E+00   1.080000000E-01   3.623790000E+00   1.500000000E-03 
                      3.712030000E+00   3.000000000E-02   3.718320000E+00   2.800000000E-01   3.794100000E+00   3.400000000E-01 
                      3.821310000E+00   1.400000000E-02 
300770   Zn77         33
                      3.673080000E+00   1.210699000E-02   3.935260000E+00   3.710206000E-02   3.960170000E+00   7.713323000E-03 
                      4.341200000E+00   2.148014000E-03   4.374340000E+00   3.807843000E-03   4.397260000E+00   6.346405000E-02 
                      4.504220000E+00   8.689693000E-02   4.777300000E+00   5.174761000E-03   4.818020000E+00   2.577617000E-02 
                      4.845840000E+00   2.851000000E-02   4.854470000E+00   3.319658000E-02   4.875500000E+00   5.760583000E-03 
                      5.053740000E+00   1.425500000E-02   5.064960000E+00   1.191171000E-01   5.174190000E+00   2.733836000E-02 
                      5.174650000E+00   5.174761000E-02   5.232970000E+00   1.366918000E-02   5.330440000E+00   2.167541000E-02 
                      5.345280000E+00   1.757466000E-02   5.371020000E+00   9.275515000E-02   5.405890000E+00   9.373152000E-03 
                      5.687120000E+00   1.288808000E-02   5.725670000E+00   3.417295000E-03   5.799830000E+00   1.650065000E-02 
                      5.920680000E+00   1.562192000E-02   5.969020000E+00   1.659829000E-02   6.086660000E+00   2.245651000E-02 
                      6.329640000E+00   2.050377000E-02   6.576590000E+00   7.908597000E-02   6.728945000E+00   1.464555000E-02 
                      7.013510000E+00   6.248768000E-02   7.042080000E+00   3.222021000E-02   7.203000000E+00   2.440925000E-02 
300780   Zn78         11
                      2.669100000E+00   3.100000000E-02   2.798400000E+00   3.000000000E-02   3.391900000E+00   1.500000000E-02 
                      3.568110000E+00   3.600000000E-02   4.017320000E+00   1.760000000E-01   4.356390000E+00   1.220000000E-01 
                      5.100430000E+00   1.200000000E-02   5.191920000E+00   6.600000000E-02   5.243280000E+00   1.480000000E-01 
                      5.265410000E+00   1.400000000E-02   5.362630000E+00   3.920000000E-01 
310700   Ga70         3
                      4.376300000E-01   3.199946000E-03   6.138001000E-01   3.599939000E-03   1.653000000E+00   9.890834000E-01 
310720   Ga72         22
                      1.815300000E-01   6.400000000E-04   2.396899000E-01   1.370000000E-03   2.899900000E-01   4.800000000E-05 
                      3.189851000E-01   9.550000000E-03   3.771999000E-01   4.100000000E-04   4.316001000E-01   2.700000000E-03 
                      5.418440000E-01   3.320000000E-03   5.575481000E-01   2.910000000E-03   6.553650000E-01   1.571000000E-01 
                      6.588799000E-01   4.300000000E-05   6.718921000E-01   2.243000000E-01   9.614819000E-01   2.887000000E-01 
                      1.053626000E+00   1.953000000E-02   1.242820000E+00   2.200000000E-04   1.415060000E+00   1.280000000E-04 
                      1.482245000E+00   9.180000000E-02   1.533094000E+00   9.500000000E-04   1.594963000E+00   1.000000000E-03 
                      1.932153000E+00   3.210000000E-02   2.268760000E+00   7.000000000E-03   2.533205000E+00   9.380000000E-02 
                      3.163084000E+00   6.800000000E-02 
310730   Ga73         10
                      2.120000000E-01   1.400000000E-03   4.662300000E-01   7.200000000E-02   6.826000000E-01   8.000000000E-04 
                      7.041000000E-01   1.500000000E-03   1.043180000E+00   5.100000000E-03   1.205650000E+00   7.100000000E-02 
                      1.234040000E+00   7.860000000E-01   1.244500000E+00   1.400000000E-03   1.529380000E+00   1.300000000E-03 
                      1.531360000E+00   7.000000000E-02 
310740   Ga74         35
                      6.747002000E-01   1.370000000E-02   7.613999000E-01   4.600000000E-03   8.953799000E-01   5.970000000E-02 
                      1.005700000E+00   1.400000000E-03   1.137670000E+00   3.500000000E-03   1.150100000E+00   1.000000000E-03 
                      1.171610000E+00   1.620000000E-02   1.377900000E+00   4.900000000E-03   1.396720000E+00   2.340000000E-02 
                      1.423200000E+00   1.710000000E-02   1.477940000E+00   2.110000000E-02   1.544750000E+00   2.410000000E-02 
                      1.565960000E+00   7.160000000E-03   1.652110000E+00   2.540000000E-02   1.656200000E+00   1.800000000E-03 
                      1.676230000E+00   1.160000000E-02   1.806230000E+00   3.800000000E-03   1.894880000E+00   1.430000000E-02 
                      1.991120000E+00   6.300000000E-03   2.030030000E+00   2.100000000E-03   2.197250000E+00   1.960000000E-02 
                      2.232550000E+00   3.010000000E-02   2.292100000E+00   1.300000000E-03   2.338830000E+00   3.700000000E-03 
                      2.399100000E+00   2.300000000E-03   2.423480000E+00   5.000000000E-01   2.679320000E+00   2.900000000E-02 
                      2.836460000E+00   1.000000000E-02   3.175100000E+00   4.000000000E-03   3.207730000E+00   4.000000000E-03 
                      3.675810000E+00   5.800000000E-02   3.890370000E+00   1.050000000E-03   3.909280000E+00   2.300000000E-02 
                      4.168750000E+00   6.000000000E-03   4.777150000E+00   4.700000000E-02 
310741   Ga74m1       1
                      5.432700000E+00   2.500000000E-01 
310750   Ga75         14
                      7.279199000E-01   6.200000000E-04   1.288270000E+00   6.200000000E-04   1.595620000E+00   9.300000000E-03 
                      1.890900000E+00   5.950000000E-02   1.964760000E+00   7.400000000E-03   2.151950000E+00   1.180000000E-02 
                      2.169070000E+00   9.600000000E-03   2.506810000E+00   8.500000000E-02   2.807700000E+00   9.600000000E-03 
                      2.817660000E+00   5.300000000E-02   2.934920000E+00   1.200000000E-02   3.075340000E+00   3.600000000E-02 
                      3.139140000E+00   2.410000000E-01   3.392000000E+00   5.000000000E-01 
310760   Ga76         41
                      8.510000000E-01   4.400000000E-03   8.951001000E-01   5.000000000E-03   1.033200000E+00   4.100000000E-03 
                      1.166300000E+00   3.400000000E-03   1.252830000E+00   9.800000000E-03   1.393600000E+00   9.600000000E-03 
                      1.793720000E+00   1.100000000E-02   2.101400000E+00   1.000000000E-02   2.103700000E+00   5.300000000E-03 
                      2.132100000E+00   7.800000000E-03   2.196300000E+00   1.000000000E-02   2.439700000E+00   1.270000000E-02 
                      2.552700000E+00   1.580000000E-02   2.589700000E+00   1.500000000E-02   2.676800000E+00   8.500000000E-03 
                      2.723300000E+00   2.210000000E-02   2.793900000E+00   8.400000000E-03   2.964310000E+00   9.300000000E-02 
                      3.029150000E+00   1.560000000E-02   3.283450000E+00   4.400000000E-03   3.438550000E+00   5.000000000E-02 
                      3.507010000E+00   4.600000000E-03   3.581500000E+00   3.900000000E-03   3.593350000E+00   3.600000000E-02 
                      3.603870000E+00   9.000000000E-04   3.684400000E+00   1.600000000E-03   3.733990000E+00   6.200000000E-02 
                      3.774690000E+00   1.000000000E-02   3.996410000E+00   1.030000000E-01   4.074630000E+00   4.800000000E-03 
                      4.147440000E+00   7.500000000E-03   4.168440000E+00   6.800000000E-02   4.223800000E+00   5.900000000E-03 
                      4.261690000E+00   1.000000000E-03   4.325100000E+00   1.230000000E-02   4.896330000E+00   5.500000000E-03 
                      5.005110000E+00   1.000000000E-03   5.376740000E+00   1.050000000E-01   5.506120000E+00   3.000000000E-03 
                      5.807750000E+00   1.010000000E-01   6.353270000E+00   1.420000000E-01 
310780   Ga78         19
                      3.077800000E+00   1.400000000E-02   3.876600000E+00   2.800000000E-02   3.885870000E+00   3.200000000E-02 
                      4.072200000E+00   5.200000000E-02   4.468100000E+00   1.900000000E-02   4.766110000E+00   3.000000000E-02 
                      5.035410000E+00   1.320000000E-01   5.203100000E+00   2.800000000E-02   5.298880000E+00   4.600000000E-02 
                      5.449980000E+00   4.300000000E-02   5.490310000E+00   1.340000000E-01   5.717290000E+00   4.700000000E-02 
                      5.836600000E+00   6.300000000E-02   6.313270000E+00   2.900000000E-02   6.511460000E+00   4.300000000E-02 
                      6.585810000E+00   6.000000000E-02   6.609400000E+00   1.000000000E-02   6.969490000E+00   7.100000000E-02 
                      7.536650000E+00   1.200000000E-01 
310790   Ga79         37
                      2.702300000E+00   1.900000000E-03   2.795700000E+00   7.100000000E-03   2.896300000E+00   6.400000000E-03 
                      2.923240000E+00   1.920000000E-02   3.068500000E+00   4.100000000E-03   3.087440000E+00   1.110000000E-02 
                      3.148100000E+00   2.000000000E-03   3.176900000E+00   2.660000000E-03   3.196230000E+00   9.300000000E-03 
                      3.539500000E+00   5.300000000E-02   3.558920000E+00   6.100000000E-03   3.627660000E+00   3.480000000E-02 
                      3.661030000E+00   3.800000000E-03   3.690190000E+00   2.840000000E-02   3.774590000E+00   1.930000000E-02 
                      3.783300000E+00   3.200000000E-03   3.811980000E+00   3.150000000E-02   3.981190000E+00   8.300000000E-03 
                      4.085060000E+00   2.620000000E-02   4.152740000E+00   7.900000000E-03   4.200630000E+00   8.000000000E-03 
                      4.205410000E+00   2.830000000E-02   4.466420000E+00   8.300000000E-02   4.492620000E+00   9.900000000E-03 
                      4.592100000E+00   5.600000000E-03   4.839680000E+00   1.250000000E-01   4.909870000E+00   1.080000000E-01 
                      4.930050000E+00   4.400000000E-03   5.423620000E+00   2.900000000E-02   5.506370000E+00   2.500000000E-03 
                      5.792690000E+00   7.800000000E-02   5.875600000E+00   1.920000000E-02   5.892220000E+00   1.000000000E-02 
                      5.934910000E+00   4.000000000E-03   6.372840000E+00   3.200000000E-02   6.589410000E+00   3.000000000E-03 
                      6.980000000E+00   2.200000000E-01 
310800   Ga80         32
                      4.156680000E+00   5.600000000E-03   4.264860000E+00   1.090000000E-02   4.511520000E+00   1.960000000E-02 
                      4.738800000E+00   1.810000000E-02   4.743990000E+00   7.500000000E-03   4.860740000E+00   6.700000000E-03 
                      4.973820000E+00   8.800000000E-03   5.079260000E+00   6.100000000E-03   5.319300000E+00   3.100000000E-02 
                      5.460870000E+00   1.520000000E-02   5.779420000E+00   2.900000000E-02   5.898850000E+00   5.100000000E-03 
                      5.988160000E+00   5.600000000E-02   6.286150000E+00   1.220000000E-02   6.324110000E+00   1.450000000E-02 
                      6.329360000E+00   9.100000000E-03   6.398270000E+00   4.600000000E-03   6.626110000E+00   1.800000000E-02 
                      6.796590000E+00   9.200000000E-03   6.813670000E+00   9.700000000E-03   6.866890000E+00   1.050000000E-02 
                      6.888340000E+00   7.400000000E-03   6.889000000E+00   4.500000000E-02   7.275050000E+00   1.590000000E-02 
                      7.333650000E+00   2.000000000E-02   7.460070000E+00   3.000000000E-02   8.046230000E+00   4.500000000E-02 
                      8.339840000E+00   5.500000000E-02   8.569410000E+00   9.500000000E-02   8.738439000E+00   5.300000000E-02 
                      9.652850000E+00   1.300000000E-01   1.031200000E+01   1.800000000E-01 
310810   Ga81         35
                      4.193470000E+00   8.700000000E-03   4.387230000E+00   3.600000000E-03   4.495830000E+00   7.000000000E-02 
                      4.628690000E+00   2.420000000E-02   4.651090000E+00   8.600000000E-02   4.843850000E+00   6.300000000E-03 
                      4.891120000E+00   5.800000000E-02   4.966050000E+00   1.130000000E-02   4.998440000E+00   2.350000000E-02 
                      5.160920000E+00   7.800000000E-02   5.226770000E+00   6.100000000E-02   5.534950000E+00   9.400000000E-03 
                      5.642610000E+00   1.130000000E-02   5.667290000E+00   6.900000000E-02   5.970330000E+00   6.500000000E-03 
                      6.100820000E+00   2.440000000E-02   6.114030000E+00   7.300000000E-03   6.134700000E+00   1.500000000E-02 
                      6.489130000E+00   4.000000000E-03   6.525620000E+00   9.100000000E-03   6.808660000E+00   3.900000000E-03 
                      6.831770000E+00   1.900000000E-02   6.847770000E+00   1.680000000E-02   6.858460000E+00   9.800000000E-03 
                      6.932960000E+00   1.090000000E-02   6.940030000E+00   4.000000000E-02   7.086980000E+00   2.600000000E-03 
                      7.115495000E+00   2.180000000E-02   7.254070000E+00   5.400000000E-03   7.360770000E+00   2.400000000E-03 
                      7.377534000E+00   3.300000000E-02   7.768370000E+00   2.100000000E-02   7.952793000E+00   3.600000000E-02 
                      7.984860000E+00   2.550000000E-02   8.664000000E+00   4.350000000E-02 
320750   Ge75         6
                      5.582100000E-01   3.200000000E-03   7.071001000E-01   2.250000000E-03   7.753001000E-01   5.000000000E-06 
                      9.113001000E-01   1.150000000E-01   9.773001000E-01   8.600000000E-03   1.175900000E+00   8.710000000E-01 
320751   Ge75m1       1
                      9.168300000E-01   2.999997000E-04 
320770   Ge77         33
                      1.586299000E-01   1.000000000E-03   1.892400000E-01   2.380000000E-03   2.393101000E-01   3.700000000E-04 
                      2.781499000E-01   1.860000000E-03   3.484299000E-01   1.141000000E-02   3.608450000E-01   2.260000000E-02 
                      5.916250000E-01   2.200000000E-02   7.023609000E-01   8.000000000E-02   7.314449000E-01   2.500000000E-02 
                      9.696899000E-01   7.710000000E-04   1.128774000E+00   1.850000000E-02   1.141858000E+00   7.120000000E-02 
                      1.163706000E+00   1.900000000E-03   1.174186000E+00   1.740000000E-02   1.244849000E+00   4.510000000E-02 
                      1.303946000E+00   1.750000000E-02   1.305200000E+00   7.500000000E-05   1.352270000E+00   4.690000000E-04 
                      1.357370000E+00   1.520000000E-03   1.382810000E+00   3.900000000E-03   1.512726000E+00   1.850000000E-01 
                      1.537520000E+00   1.980000000E-03   1.643760000E+00   1.790000000E-03   1.813440000E+00   3.050000000E-03 
                      1.827291000E+00   2.700000000E-03   1.917777000E+00   4.500000000E-03   2.068098000E+00   4.000000000E-03 
                      2.070687000E+00   2.050000000E-01   2.088015000E+00   8.200000000E-03   2.227060000E+00   1.530000000E-01 
                      2.438080000E+00   2.900000000E-02   2.487019000E+00   5.300000000E-02   2.507753000E+00   5.000000000E-03 
320771   Ge77m1       7
                      1.185230000E+00   2.200000000E-03   1.257020000E+00   3.700000000E-03   2.247260000E+00   1.110000000E-03 
                      2.357820000E+00   3.900000000E-04   2.646170000E+00   2.200000000E-01   2.666940000E+00   1.800000000E-03 
                      2.861700000E+00   5.800000000E-01 
320780   Ge78         2
                      6.611000000E-01   4.000000000E-02   6.777000000E-01   9.600000000E-01 
320790   Ge79         8
                      2.278580000E+00   9.200000000E-03   2.642100000E+00   1.210000000E-01   2.657740000E+00   3.320000000E-03 
                      2.736000000E+00   1.290000000E-02   3.544310000E+00   2.650000000E-02   4.038490000E+00   2.240000000E-01 
                      4.047540000E+00   7.800000000E-03   4.148000000E+00   6.000000000E-01 
320791   Ge79m1       9
                      2.369240000E+00   1.028352000E-01   2.443690000E+00   2.995200000E-01   2.816190000E+00   2.196480000E-02 
                      2.837180000E+00   6.289920000E-02   2.843880000E+00   2.795520000E-02   3.322040000E+00   9.684480000E-02 
                      3.561260000E+00   1.008384000E-01   3.699990000E+00   7.787520000E-02   4.103540000E+00   1.198080000E-01 
320800   Ge80         5
                      7.629000000E-01   1.400000000E-03   1.698950000E+00   5.300000000E-02   1.955740000E+00   3.600000000E-02 
                      2.370650000E+00   2.700000000E-01   2.636000000E+00   6.500000000E-01 
320810   Ge81         9
                      2.951600000E+00   3.421685000E-02   3.276100000E+00   2.072288000E-01   3.483750000E+00   1.975903000E-01 
                      3.617500000E+00   3.826504000E-01   4.099930000E+00   5.590359000E-02   4.327050000E+00   3.759034000E-02 
                      5.113060000E+00   2.216866000E-02   5.200010000E+00   4.337348000E-02   6.148910000E+00   1.927710000E-02 
320811   Ge81m1       12
                      3.358420000E+00   6.100000000E-02   3.390010000E+00   1.100000000E-02   3.552860000E+00   1.800000000E-02 
                      3.725830000E+00   1.000000000E-01   3.784870000E+00   1.000000000E-01   4.009160000E+00   6.000000000E-02 
                      4.058680000E+00   4.800000000E-02   5.051290000E+00   3.400000000E-02   6.162730000E+00   4.900000000E-02 
                      6.183420000E+00   8.000000000E-02   6.630750000E+00   1.200000000E-01   6.828060000E+00   7.000000000E-02 
320820   Ge82         2
                      3.596050000E+00   9.500000000E-01   3.844820000E+00   4.800000000E-02 
320830   Ge83         27
                      3.851200000E+00   3.400000000E-02   4.258900000E+00   5.400000000E-02   4.287300000E+00   2.500000000E-02 
                      4.328600000E+00   3.700000000E-02   4.464700000E+00   3.000000000E-02   4.471800000E+00   2.700000000E-02 
                      4.501500000E+00   4.200000000E-02   4.562900000E+00   7.400000000E-02   4.662400000E+00   7.200000000E-03 
                      4.693300000E+00   1.500000000E-02   4.736600000E+00   2.900000000E-02   4.959500000E+00   3.600000000E-02 
                      5.170400000E+00   2.400000000E-02   5.592800000E+00   2.300000000E-02   6.470100000E+00   1.700000000E-02 
                      6.715100000E+00   1.800000000E-02   6.888200000E+00   3.400000000E-02   7.149600000E+00   3.400000000E-02 
                      7.167500000E+00   4.100000000E-02   7.258100000E+00   5.000000000E-02   7.277900000E+00   4.200000000E-02 
                      7.363300000E+00   3.100000000E-02   7.436200000E+00   2.500000000E-02   7.496500000E+00   2.300000000E-02 
                      7.499300000E+00   7.500000000E-02   7.981320000E+00   2.800000000E-02   8.386480000E+00   1.350000000E-01 
330740   As74         2
                      7.180200000E-01   1.539384000E-01   1.352800000E+00   1.859256000E-01 
330760   As76         17
                      2.927800000E-01   5.400000000E-03   3.072800000E-01   1.030000000E-02   4.479402000E-01   2.700000000E-04 
                      5.335300000E-01   1.690000000E-02   5.996501000E-01   7.000000000E-04   6.157002000E-01   2.200000000E-04 
                      7.920401000E-01   3.600000000E-05   8.356101000E-01   6.000000000E-05   9.366401000E-01   3.600000000E-05 
                      1.081400000E+00   3.500000000E-04   1.174950000E+00   1.770000000E-02   1.273650000E+00   2.300000000E-04 
                      1.631820000E+00   5.400000000E-04   1.746450000E+00   7.500000000E-02   1.840290000E+00   8.100000000E-03 
                      2.403540000E+00   3.520000000E-01   2.962600000E+00   5.100000000E-01 
330770   As77         7
                      1.623470000E-01   6.300000000E-03   2.435070000E-01   1.700000000E-05   3.818310000E-01   1.300000000E-04 
                      4.332000000E-01   6.300000000E-03   4.439880000E-01   1.600000000E-02   5.210580000E-01   9.200000000E-04 
                      6.830000000E-01   9.700000000E-01 
330780   As78         21
                      4.976001000E-01   6.500000000E-04   7.125701000E-01   1.410000000E-02   7.975401000E-01   2.900000000E-03 
                      8.363001000E-01   2.300000000E-03   9.142700000E-01   3.500000000E-02   9.791999000E-01   1.660000000E-02 
                      1.064480000E+00   2.500000000E-02   1.370420000E+00   6.400000000E-02   1.526910000E+00   1.590000000E-01 
                      1.561320000E+00   3.900000000E-03   1.671590000E+00   3.100000000E-03   1.701280000E+00   6.100000000E-03 
                      1.881660000E+00   1.000000000E-03   2.213220000E+00   9.000000000E-03   2.355000000E+00   7.000000000E-03 
                      2.450090000E+00   1.000000000E-03   2.706360000E+00   5.000000000E-03   2.710240000E+00   2.800000000E-03 
                      2.900340000E+00   1.460000000E-01   3.595160000E+00   1.850000000E-01   4.209000000E+00   3.200000000E-01 
330790   As79         8
                      1.192400000E+00   2.400000000E-03   1.201300000E+00   4.300000000E-03   1.306900000E+00   1.750000000E-02 
                      1.709300000E+00   2.600000000E-03   1.753500000E+00   1.090000000E-02   1.916400000E+00   1.440000000E-02 
                      2.185400000E+00   9.400000000E-01   2.280900000E+00   5.000000000E-03 
330800   As80         13
                      1.874000000E+00   1.200000000E-03   1.995000000E+00   1.700000000E-03   2.577000000E+00   9.600000000E-03 
                      2.764700000E+00   2.500000000E-03   2.826700000E+00   2.900000000E-03   3.087300000E+00   1.400000000E-02 
                      3.289900000E+00   8.200000000E-02   3.641000000E+00   1.400000000E-02   3.727700000E+00   4.200000000E-02 
                      4.123400000E+00   3.300000000E-03   4.152030000E+00   1.100000000E-02   4.934860000E+00   2.600000000E-01 
                      5.601000000E+00   5.600000000E-01 
330810   As81         16
                      6.333001000E-01   6.500000000E-04   8.909399000E-01   2.100000000E-03   9.208301000E-01   4.600000000E-03 
                      1.086350000E+00   3.300000000E-03   1.196350000E+00   1.540000000E-03   1.286100000E+00   6.100000000E-03 
                      1.523470000E+00   2.500000000E-03   1.826380000E+00   6.000000000E-03   2.449820000E+00   1.440000000E-02 
                      2.552480000E+00   2.000000000E-03   2.803130000E+00   3.600000000E-03   3.232050000E+00   1.580000000E-02 
                      3.365090000E+00   8.940000000E-02   3.388310000E+00   1.789000000E-01   3.753100000E+00   6.500000000E-03 
                      3.856000000E+00   6.630000000E-01 
330820   As82         9
                      2.924900000E+00   6.000000000E-01   3.491000000E+00   1.000000000E-01   3.785700000E+00   1.400000000E-01 
                      3.822100000E+00   1.000000000E-02   5.756700000E+00   1.000000000E-03   5.759710000E+00   3.600000000E-02 
                      6.081370000E+00   1.700000000E-02   6.836570000E+00   5.000000000E-02   7.491000000E+00   5.000000000E-02 
330821   As82m1       6
                      3.628240000E+00   8.100000000E-02   4.265220000E+00   1.900000000E-01   4.825690000E+00   4.400000000E-01 
                      5.169150000E+00   5.000000000E-02   5.984500000E+00   1.300000000E-01   5.987710000E+00   9.000000000E-02 
330840   As84         34
                      3.489500000E+00   8.900000000E-03   3.552600000E+00   6.900000000E-03   3.693700000E+00   1.350000000E-02 
                      3.844400000E+00   1.030000000E-02   4.073900000E+00   1.870000000E-02   4.204000000E+00   4.200000000E-03 
                      4.224620000E+00   1.120000000E-02   4.432420000E+00   4.400000000E-03   4.456500000E+00   4.100000000E-03 
                      4.497690000E+00   1.360000000E-02   4.871930000E+00   1.480000000E-02   4.932800000E+00   2.100000000E-02 
                      5.648790000E+00   5.200000000E-03   5.811800000E+00   4.700000000E-02   5.977760000E+00   1.430000000E-02 
                      6.011800000E+00   4.400000000E-03   6.108700000E+00   2.700000000E-03   6.221960000E+00   2.020000000E-02 
                      6.545700000E+00   6.500000000E-03   6.552790000E+00   5.100000000E-02   6.654850000E+00   2.420000000E-02 
                      6.685250000E+00   1.210000000E-02   6.723310000E+00   1.800000000E-02   6.796740000E+00   1.200000000E-02 
                      6.861550000E+00   2.140000000E-02   6.968080000E+00   8.000000000E-03   7.024330000E+00   4.700000000E-03 
                      7.069730000E+00   1.770000000E-02   7.109350000E+00   2.050000000E-02   7.394480000E+00   1.010000000E-01 
                      7.632670000E+00   6.600000000E-02   7.972320000E+00   1.100000000E-01   8.639550000E+00   2.500000000E-01 
                      1.009400000E+01   2.500000000E-02 
340790   Se79         1
                      1.510000000E-01   1.000000000E+00 
340810   Se81         6
                      2.580000000E-01   1.450000000E-05   7.570300000E-01   4.000000000E-03   9.354301000E-01   1.960000000E-04 
                      1.019290000E+00   7.900000000E-03   1.047100000E+00   3.400000000E-04   1.585300000E+00   9.873000000E-01 
340811   Se81m1       2
                      9.212001000E-01   5.800638000E-06   1.152270000E+00   5.100561000E-04 
340830   Se83         20
                      5.293001000E-01   2.373840000E-02   7.197700000E-01   1.026780000E-01   8.883999000E-01   8.195400000E-03 
                      9.281399000E-01   1.168080000E-01   9.721999000E-01   2.420940000E-01   1.019340000E+00   3.014400000E-01 
                      1.268400000E+00   7.724400000E-03   1.531950000E+00   7.630200000E-03   1.607550000E+00   2.355000000E-03 
                      1.855930000E+00   1.884000000E-02   1.861890000E+00   2.826000000E-02   1.964870000E+00   7.536000000E-03 
                      2.227410000E+00   2.355000000E-03   2.245180000E+00   1.318800000E-02   2.313460000E+00   9.420000000E-04 
                      2.574100000E+00   5.086800000E-02   2.678090000E+00   3.297000000E-03   2.799290000E+00   1.413000000E-02 
                      2.866920000E+00   1.884000000E-02   3.309320000E+00   2.826000000E-02 
340831   Se83m1       11
                      8.031999000E-01   9.500000000E-04   1.084800000E+00   3.540000000E-03   1.843050000E+00   1.860000000E-01 
                      1.979060000E+00   2.070000000E-02   2.234470000E+00   2.630000000E-02   2.840670000E+00   3.600000000E-03 
                      2.863850000E+00   3.310000000E-01   2.906550000E+00   1.280000000E-01   3.027710000E+00   2.000000000E-03 
                      3.095400000E+00   1.000000000E-03   3.894500000E+00   3.100000000E-01 
340840   Se84         2
                      1.454800000E+00   1.000000000E+00   1.863000000E+00   5.000000000E-04 
340850   Se85         22
                      1.651100000E+00   5.100000000E-03   1.862600000E+00   1.430000000E-02   1.989600000E+00   1.100000000E-02 
                      2.043000000E+00   3.900000000E-02   2.133200000E+00   7.300000000E-02   2.161600000E+00   4.300000000E-02 
                      2.191600000E+00   4.300000000E-02   2.337400000E+00   1.700000000E-02   2.420300000E+00   9.700000000E-02 
                      2.481600000E+00   6.900000000E-03   2.517400000E+00   2.800000000E-02   2.622400000E+00   3.100000000E-02 
                      3.154200000E+00   3.000000000E-02   3.361500000E+00   7.800000000E-02   4.218200000E+00   1.700000000E-02 
                      4.302500000E+00   4.000000000E-03   4.366800000E+00   1.600000000E-02   4.437300000E+00   1.900000000E-02 
                      4.608700000E+00   7.000000000E-03   4.734800000E+00   2.800000000E-02   5.816810000E+00   1.100000000E-01 
                      6.162000000E+00   3.100000000E-01 
340860   Se86         5
                      2.470900000E+00   2.160000000E-01   2.689700000E+00   6.900000000E-01   3.965600000E+00   8.000000000E-03 
                      4.928610000E+00   1.700000000E-02   5.082700000E+00   1.200000000E-01 
340870   Se87         9
                      3.478900000E+00   1.400000000E-02   3.539600000E+00   2.800000000E-02   5.587860000E+00   1.400000000E-01 
                      6.430500000E+00   2.500000000E-02   6.755490000E+00   1.100000000E-01   6.892830000E+00   7.800000000E-02 
                      7.132000000E+00   1.900000000E-01   7.223490000E+00   9.500000000E-02   7.466000000E+00   3.200000000E-01 
350800   Br80         4
                      6.826000000E-01   1.900849000E-03   7.470000000E-01   3.101386000E-03   1.386400000E+00   6.202771000E-02 
                      2.003000000E+00   8.503800000E-01 
350820   Br82         9
                      1.721602000E-01   9.000000000E-05   2.644900000E-01   1.387000000E-02   4.442380000E-01   9.850000000E-01 
                      5.364221000E-01   6.000000000E-04   9.210501000E-01   2.300000000E-04   9.985901000E-01   1.000000000E-03 
                      1.135930000E+00   1.000000000E-04   1.272070000E+00   9.000000000E-03   1.617701000E+00   3.500000000E-03 
350821   Br82m1       10
                      4.826843000E-01   1.118880000E-05   5.823494000E-01   4.737600000E-06   5.906694000E-01   2.116800000E-05 
                      6.588394000E-01   5.342400000E-06   9.669094000E-01   5.040000000E-07   1.181748000E+00   5.644800000E-05 
                      1.650989000E+00   1.411200000E-05   1.663648000E+00   4.939200000E-04   2.362026000E+00   2.217600000E-03 
                      3.138549000E+00   2.116800000E-02 
350830   Br83         6
                      1.845000000E-01   1.200000000E-07   2.934750000E-01   1.800000000E-04   4.128020000E-01   1.200000000E-02 
                      4.219720000E-01   8.000000000E-04   9.424451000E-01   9.860000000E-01   9.745949000E-01   7.000000000E-04 
350840   Br84         20
                      4.397998000E-01   2.100000000E-03   5.122002000E-01   2.100000000E-02   5.446999000E-01   4.800000000E-03 
                      7.016999000E-01   1.150000000E-01   7.503001000E-01   2.900000000E-03   7.586001000E-01   1.700000000E-03 
                      9.232400000E-01   2.500000000E-02   1.153430000E+00   4.900000000E-03   1.263150000E+00   9.400000000E-02 
                      1.546990000E+00   3.900000000E-02   1.869900000E+00   1.120000000E-02   1.929070000E+00   7.300000000E-02 
                      2.005990000E+00   1.700000000E-02   2.139800000E+00   3.300000000E-03   2.283760000E+00   4.500000000E-03 
                      2.534050000E+00   2.000000000E-03   2.731370000E+00   1.170000000E-01   2.791700000E+00   6.000000000E-04 
                      3.747390000E+00   1.350000000E-01   4.629000000E+00   3.300000000E-01 
350841   Br84m1       1
                      1.859400000E+00   1.000000000E+00 
350850   Br85         11
                      7.386499000E-01   4.200000000E-03   8.440401000E-01   2.230000000E-02   9.371701000E-01   1.100000000E-03 
                      1.002430000E+00   1.000000000E-05   1.459420000E+00   6.600000000E-04   1.533380000E+00   4.800000000E-04 
                      1.652010000E+00   5.200000000E-03   1.709310000E+00   2.850000000E-04   1.735260000E+00   2.500000000E-04 
                      1.768680000E+00   8.300000000E-03   2.571120000E+00   9.600000000E-01 
350860   Br86         14
                      8.573999000E-01   1.000000000E-03   9.040000000E-01   5.000000000E-04   1.415900000E+00   2.100000000E-02 
                      1.464300000E+00   7.000000000E-04   2.107200000E+00   2.700000000E-02   2.219200000E+00   2.900000000E-02 
                      3.309840000E+00   5.100000000E-01   4.291800000E+00   1.200000000E-02   4.527020000E+00   4.800000000E-02 
                      4.699680000E+00   2.800000000E-02   4.775540000E+00   3.100000000E-02   5.276220000E+00   4.900000000E-02 
                      6.061390000E+00   1.000000000E-01   7.626000000E+00   1.500000000E-01 
350870   Br87         158
                      6.570000000E-01   1.800000000E-04   8.400000000E-01   5.000000000E-04   8.597998000E-01   8.000000000E-04 
                      8.900000000E-01   4.100000000E-04   8.970000000E-01   2.900000000E-04   9.120000000E-01   2.900000000E-04 
                      9.590000000E-01   2.300000000E-04   9.870000000E-01   6.000000000E-04   9.970000000E-01   3.000000000E-04 
                      1.024500000E+00   6.800000000E-04   1.043000000E+00   6.000000000E-04   1.052000000E+00   1.800000000E-03 
                      1.089000000E+00   5.200000000E-04   1.103100000E+00   6.500000000E-05   1.119000000E+00   1.600000000E-03 
                      1.119200000E+00   1.800000000E-04   1.132400000E+00   1.100000000E-03   1.145700000E+00   3.900000000E-04 
                      1.153000000E+00   1.140000000E-03   1.158100000E+00   2.700000000E-04   1.165200000E+00   1.400000000E-03 
                      1.169200000E+00   6.000000000E-05   1.182800000E+00   4.000000000E-04   1.211600000E+00   4.900000000E-04 
                      1.222000000E+00   1.000000000E-03   1.223300000E+00   6.100000000E-04   1.229200000E+00   1.500000000E-04 
                      1.249800000E+00   2.900000000E-03   1.256100000E+00   2.200000000E-04   1.261800000E+00   6.600000000E-04 
                      1.271300000E+00   3.300000000E-04   1.284400000E+00   4.100000000E-03   1.344250000E+00   3.800000000E-03 
                      1.351210000E+00   7.200000000E-03   1.363100000E+00   1.900000000E-03   1.378100000E+00   1.000000000E-04 
                      1.393800000E+00   2.900000000E-04   1.398100000E+00   4.700000000E-04   1.411660000E+00   2.100000000E-03 
                      1.434900000E+00   1.500000000E-03   1.447900000E+00   1.400000000E-03   1.477800000E+00   1.400000000E-03 
                      1.515430000E+00   2.600000000E-03   1.537290000E+00   5.600000000E-03   1.572400000E+00   1.800000000E-03 
                      1.603740000E+00   1.180000000E-02   1.616790000E+00   8.300000000E-03   1.622750000E+00   9.500000000E-03 
                      1.634600000E+00   1.800000000E-03   1.662900000E+00   4.000000000E-04   1.681920000E+00   1.600000000E-03 
                      1.697610000E+00   5.300000000E-03   1.714450000E+00   4.300000000E-03   1.729100000E+00   8.800000000E-04 
                      1.741790000E+00   4.500000000E-03   1.752100000E+00   6.800000000E-04   1.758310000E+00   2.800000000E-03 
                      1.773300000E+00   4.400000000E-03   1.784100000E+00   4.600000000E-04   1.796300000E+00   1.600000000E-03 
                      1.814800000E+00   5.400000000E-04   1.841900000E+00   7.000000000E-04   1.855570000E+00   1.900000000E-03 
                      1.856440000E+00   3.140000000E-02   1.892200000E+00   1.800000000E-03   1.900300000E+00   1.300000000E-03 
                      1.928600000E+00   8.200000000E-04   1.945950000E+00   4.500000000E-03   1.959130000E+00   6.000000000E-03 
                      1.981710000E+00   2.200000000E-03   1.993100000E+00   1.400000000E-03   2.010100000E+00   1.500000000E-03 
                      2.033540000E+00   1.880000000E-02   2.065290000E+00   3.200000000E-03   2.083450000E+00   3.500000000E-03 
                      2.089800000E+00   5.100000000E-04   2.106740000E+00   3.400000000E-03   2.107650000E+00   3.210000000E-02 
                      2.149800000E+00   8.300000000E-03   2.162800000E+00   1.300000000E-03   2.173430000E+00   9.500000000E-03 
                      2.197100000E+00   4.400000000E-03   2.222480000E+00   2.320000000E-02   2.245510000E+00   8.800000000E-03 
                      2.269710000E+00   1.200000000E-03   2.293850000E+00   3.900000000E-03   2.401070000E+00   3.380000000E-02 
                      2.490790000E+00   9.800000000E-03   2.520710000E+00   5.300000000E-03   2.552900000E+00   1.100000000E-03 
                      2.591660000E+00   1.100000000E-03   2.594600000E+00   7.600000000E-04   2.613900000E+00   2.300000000E-03 
                      2.620090000E+00   3.100000000E-03   2.625900000E+00   7.700000000E-04   2.637180000E+00   4.600000000E-02 
                      2.681600000E+00   2.600000000E-03   2.790800000E+00   9.200000000E-04   2.895000000E+00   1.200000000E-03 
                      2.900840000E+00   1.940000000E-02   2.908200000E+00   1.300000000E-03   2.943810000E+00   8.500000000E-03 
                      3.008590000E+00   7.600000000E-03   3.010980000E+00   2.200000000E-03   3.040600000E+00   1.500000000E-03 
                      3.128900000E+00   1.800000000E-03   3.160700000E+00   1.000000000E-03   3.172460000E+00   8.700000000E-03 
                      3.219000000E+00   1.100000000E-03   3.258300000E+00   4.700000000E-04   3.373100000E+00   1.000000000E-03 
                      3.383240000E+00   3.900000000E-03   3.456100000E+00   1.100000000E-03   3.516100000E+00   7.200000000E-03 
                      3.520870000E+00   1.100000000E-03   3.529600000E+00   1.300000000E-03   3.561220000E+00   3.690000000E-02 
                      3.580810000E+00   2.100000000E-03   3.592020000E+00   6.200000000E-03   3.600140000E+00   1.300000000E-02 
                      3.646140000E+00   1.400000000E-03   3.675140000E+00   1.600000000E-03   3.737220000E+00   1.700000000E-03 
                      3.791160000E+00   5.240000000E-02   3.797190000E+00   1.400000000E-03   3.814000000E+00   7.300000000E-04 
                      3.954740000E+00   2.200000000E-03   3.981440000E+00   5.600000000E-02   3.985900000E+00   7.000000000E-04 
                      3.996940000E+00   1.940000000E-02   4.030650000E+00   1.600000000E-03   4.060300000E+00   7.400000000E-03 
                      4.102760000E+00   1.900000000E-03   4.176260000E+00   4.400000000E-03   4.212230000E+00   8.200000000E-04 
                      4.252100000E+00   1.600000000E-03   4.270840000E+00   3.800000000E-03   4.298980000E+00   7.400000000E-03 
                      4.304240000E+00   2.900000000E-03   4.319410000E+00   1.310000000E-02   4.355140000E+00   2.900000000E-03 
                      4.366090000E+00   1.240000000E-02   4.445650000E+00   2.150000000E-02   4.448510000E+00   9.600000000E-03 
                      4.488100000E+00   5.000000000E-04   4.517980000E+00   6.800000000E-03   4.559320000E+00   4.100000000E-03 
                      4.695470000E+00   5.500000000E-03   4.712620000E+00   2.000000000E-03   4.731300000E+00   1.100000000E-03 
                      4.746350000E+00   2.200000000E-02   4.812580000E+00   6.000000000E-03   4.936800000E+00   2.260000000E-02 
                      5.240410000E+00   1.100000000E-02   5.341870000E+00   1.700000000E-02   5.398340000E+00   4.800000000E-02 
                      6.286000000E+00   1.200000000E-02   6.818000000E+00   1.200000000E-01 
350880   Br88         58
                      1.175000000E+00   1.100000000E-01   1.974700000E+00   2.900000000E-03   2.217000000E+00   7.000000000E-03 
                      2.256600000E+00   1.100000000E-03   2.435400000E+00   7.120000000E-02   2.743200000E+00   4.700000000E-03 
                      2.903800000E+00   8.200000000E-03   2.940600000E+00   1.200000000E-03   2.986700000E+00   1.090000000E-02 
                      2.997390000E+00   8.600000000E-03   3.002130000E+00   1.000000000E-02   3.059940000E+00   8.700000000E-03 
                      3.248600000E+00   7.000000000E-04   3.281700000E+00   2.000000000E-03   3.347900000E+00   8.400000000E-03 
                      3.471500000E+00   2.300000000E-03   3.478980000E+00   1.500000000E-01   3.536360000E+00   4.200000000E-03 
                      3.704500000E+00   1.270000000E-02   3.886800000E+00   9.100000000E-03   3.904740000E+00   8.620000000E-02 
                      3.955260000E+00   1.810000000E-02   3.989310000E+00   2.240000000E-02   4.051520000E+00   5.000000000E-02 
                      4.267400000E+00   6.000000000E-02   4.378180000E+00   6.720000000E-02   4.412010000E+00   3.500000000E-02 
                      4.414890000E+00   6.500000000E-03   4.687130000E+00   6.000000000E-03   4.706550000E+00   1.790000000E-02 
                      4.874710000E+00   6.100000000E-03   4.926700000E+00   3.200000000E-03   5.205050000E+00   1.360000000E-02 
                      5.265370000E+00   2.080000000E-02   5.575260000E+00   2.520000000E-02   5.612720000E+00   1.370000000E-02 
                      5.633460000E+00   1.700000000E-03   5.638960000E+00   3.900000000E-03   5.643420000E+00   5.500000000E-03 
                      5.770550000E+00   6.400000000E-03   5.811990000E+00   1.430000000E-02   5.861500000E+00   3.000000000E-03 
                      5.929980000E+00   1.150000000E-02   6.029200000E+00   1.000000000E-02   6.045560000E+00   2.000000000E-05 
                      6.099800000E+00   2.000000000E-05   6.146610000E+00   2.000000000E-05   6.199050000E+00   6.900000000E-03 
                      6.323860000E+00   1.000000000E-02   6.344020000E+00   2.000000000E-05   6.424580000E+00   3.600000000E-03 
                      6.604550000E+00   5.000000000E-03   6.632760000E+00   2.000000000E-05   6.871090000E+00   2.000000000E-05 
                      7.331110000E+00   2.000000000E-05   7.397620000E+00   1.000000000E-02   8.199690000E+00   1.500000000E-02 
                      8.975000000E+00   7.000000000E-03 
350890   Br89         43
                      3.554700000E+00   2.000000000E-03   3.588900000E+00   3.300000000E-03   3.651300000E+00   7.300000000E-03 
                      3.731700000E+00   5.940000000E-02   3.746030000E+00   9.000000000E-03   3.751500000E+00   3.300000000E-03 
                      3.859000000E+00   3.900000000E-03   3.880300000E+00   4.920000000E-01   3.942900000E+00   9.600000000E-03 
                      3.973140000E+00   1.140000000E-02   4.013200000E+00   4.900000000E-03   4.023550000E+00   8.100000000E-03 
                      4.029520000E+00   1.410000000E-02   4.076340000E+00   8.600000000E-03   4.096110000E+00   5.000000000E-02 
                      4.147280000E+00   4.300000000E-02   4.269840000E+00   1.270000000E-02   4.508090000E+00   6.000000000E-03 
                      4.943600000E+00   6.500000000E-03   5.285500000E+00   6.700000000E-03   5.526550000E+00   3.000000000E-03 
                      5.835680000E+00   2.600000000E-03   5.963520000E+00   7.300000000E-03   6.045360000E+00   6.100000000E-03 
                      6.115010000E+00   2.000000000E-05   6.153850000E+00   6.300000000E-03   6.157570000E+00   4.200000000E-03 
                      6.199240000E+00   1.000000000E-03   6.223180000E+00   7.400000000E-03   6.304810000E+00   8.000000000E-04 
                      6.367410000E+00   8.600000000E-03   6.374370000E+00   4.600000000E-03   6.428110000E+00   5.300000000E-03 
                      6.725630000E+00   2.000000000E-05   6.779060000E+00   5.000000000E-05   6.882100000E+00   5.000000000E-05 
                      7.164165000E+00   5.000000000E-05   7.235460000E+00   3.400000000E-02   7.270640000E+00   1.710000000E-02 
                      7.279930000E+00   1.600000000E-02   7.850580000E+00   1.380000000E-02   8.233410000E+00   2.000000000E-05 
                      8.262000000E+00   1.000000000E-01 
350900   Br90         36
                      4.459000000E+00   4.200000000E-01   5.228900000E+00   1.600000000E-01   5.275700000E+00   5.000000000E-03 
                      5.573600000E+00   2.500000000E-03   5.879000000E+00   1.900000000E-01   5.954600000E+00   2.000000000E-02 
                      6.173220000E+00   1.000000000E-05   6.412400000E+00   4.000000000E-02   6.668000000E+00   1.000000000E-05 
                      7.450800000E+00   1.000000000E-05   7.586400000E+00   1.000000000E-05   7.640600000E+00   1.000000000E-05 
                      7.673900000E+00   1.000000000E-05   7.727560000E+00   1.000000000E-05   7.818750000E+00   9.900000000E-03 
                      7.971690000E+00   2.800000000E-02   8.094850000E+00   1.180000000E-02   8.130740000E+00   7.400000000E-03 
                      8.178400000E+00   1.900000000E-02   8.211060000E+00   8.000000000E-03   8.228240000E+00   2.100000000E-02 
                      8.271690000E+00   6.600000000E-03   8.273170000E+00   8.000000000E-03   8.363060000E+00   5.600000000E-03 
                      8.415300000E+00   1.480000000E-02   8.422950000E+00   4.100000000E-03   8.640910000E+00   1.000000000E-05 
                      8.709660000E+00   1.330000000E-02   8.765900000E+00   1.000000000E-05   8.811189000E+00   1.000000000E-05 
                      8.855870000E+00   1.000000000E-05   9.018670000E+00   1.000000000E-05   9.128500000E+00   5.000000000E-03 
                      9.596750000E+00   1.000000000E-05   1.025187000E+01   1.000000000E-04   1.095900000E+01   1.000000000E-04 
350910   Br91         34
                      5.415300000E+00   2.500000000E-03   5.712800000E+00   1.960000000E-02   5.947800000E+00   1.770000000E-02 
                      6.093200000E+00   1.500000000E-02   6.133300000E+00   3.890000000E-02   6.194520000E+00   7.260000000E-02 
                      6.230700000E+00   8.500000000E-03   6.243000000E+00   5.900000000E-03   6.363500000E+00   4.100000000E-03 
                      6.398300000E+00   5.800000000E-03   6.699800000E+00   1.200000000E-02   6.796000000E+00   1.120000000E-02 
                      7.549400000E+00   3.400000000E-03   7.723770000E+00   1.770000000E-02   7.856080000E+00   7.200000000E-03 
                      7.879380000E+00   1.340000000E-02   7.882020000E+00   2.800000000E-03   7.925200000E+00   2.800000000E-03 
                      7.934900000E+00   5.500000000E-03   7.951380000E+00   3.280000000E-02   7.959600000E+00   1.580000000E-02 
                      7.985600000E+00   1.260000000E-02   8.445890000E+00   1.020000000E-02   8.448370000E+00   1.380000000E-02 
                      8.455600000E+00   6.200000000E-03   8.510700000E+00   7.200000000E-03   8.746530000E+00   2.250000000E-02 
                      9.022990000E+00   5.120000000E-02   9.086520000E+00   1.810000000E-02   9.159330000E+00   1.470000000E-02 
                      9.384640000E+00   3.720000000E-02   9.565640000E+00   1.380000000E-02   9.722690000E+00   1.580000000E-02 
                      9.867000000E+00   6.600000000E-02 
360850   Kr85         3
                      1.731010000E-01   4.340000000E-03   4.061100000E-01   2.350000000E-09   6.871000000E-01   9.956300000E-01 
360851   Kr85m1       3
                      2.603800000E-01   1.900053000E-04   7.112570000E-01   3.000083000E-03   8.410650000E-01   7.830218000E-01 
360870   Kr87         13
                      5.785100000E-01   4.900000000E-03   8.318501000E-01   1.080000000E-03   9.263701000E-01   4.400000000E-02 
                      1.075750000E+00   6.000000000E-03   1.332190000E+00   9.400000000E-02   1.472560000E+00   5.500000000E-02 
                      1.508610000E+00   6.000000000E-04   2.146430000E+00   6.200000000E-03   2.308940000E+00   1.200000000E-03 
                      2.497120000E+00   1.190000000E-03   3.041560000E+00   7.300000000E-02   3.484412000E+00   4.100000000E-01 
                      3.887000000E+00   3.050000000E-01 
360880   Kr88         17
                      1.458899000E-01   3.530000000E-03   3.685791000E-01   2.650000000E-02   4.611999000E-01   6.600000000E-04 
                      5.248530000E-01   6.690000000E-01   6.852390000E-01   9.100000000E-02   8.279299000E-01   1.400000000E-03 
                      1.001480000E+00   2.040000000E-03   1.123700000E+00   3.500000000E-04   1.202285000E+00   1.920000000E-02 
                      1.255850000E+00   2.300000000E-03   1.475490000E+00   2.200000000E-03   1.734910000E+00   1.020000000E-02 
                      1.775639000E+00   1.000000000E-03   2.054651000E+00   1.300000000E-02   2.526453000E+00   2.600000000E-03 
                      2.720707000E+00   1.900000000E-02   2.917000000E+00   1.400000000E-01 
360890   Kr89         57
                      4.907998000E-01   8.400000000E-04   5.457500000E-01   6.700000000E-03   6.892002000E-01   7.000000000E-03 
                      6.988501000E-01   3.200000000E-03   7.723799000E-01   2.700000000E-03   8.096299000E-01   5.900000000E-03 
                      8.365000000E-01   2.150000000E-03   8.382500000E-01   1.590000000E-03   8.697998000E-01   1.400000000E-03 
                      9.462998000E-01   2.000000000E-03   9.601001000E-01   1.810000000E-03   9.783999000E-01   1.800000000E-03 
                      1.033110000E+00   7.200000000E-03   1.096100000E+00   6.900000000E-03   1.118500000E+00   6.000000000E-04 
                      1.128370000E+00   4.900000000E-03   1.199620000E+00   3.500000000E-03   1.211460000E+00   3.800000000E-03 
                      1.278200000E+00   1.900000000E-03   1.343100000E+00   3.200000000E-03   1.457050000E+00   4.500000000E-03 
                      1.459580000E+00   2.600000000E-02   1.644120000E+00   1.500000000E-02   1.711930000E+00   3.100000000E-03 
                      1.806190000E+00   1.980000000E-02   1.815600000E+00   1.560000000E-02   1.849070000E+00   2.010000000E-02 
                      1.927040000E+00   1.500000000E-03   2.159470000E+00   6.600000000E-03   2.310870000E+00   4.100000000E-02 
                      2.388270000E+00   2.800000000E-03   2.394960000E+00   1.500000000E-02   2.578900000E+00   1.290000000E-01 
                      2.776100000E+00   6.800000000E-02   2.789020000E+00   3.400000000E-03   2.811750000E+00   1.000000000E-03 
                      2.907300000E+00   8.000000000E-04   2.958290000E+00   2.400000000E-03   3.017020000E+00   3.080000000E-02 
                      3.035650000E+00   2.000000000E-04   3.178450000E+00   2.400000000E-02   3.312260000E+00   3.900000000E-03 
                      3.355310000E+00   5.000000000E-03   3.483220000E+00   1.020000000E-01   3.646760000E+00   2.700000000E-02 
                      3.688690000E+00   4.000000000E-04   3.836940000E+00   5.600000000E-03   3.852650000E+00   3.500000000E-02 
                      3.981640000E+00   1.200000000E-02   4.179520000E+00   2.000000000E-03   4.245990000E+00   3.000000000E-03 
                      4.309890000E+00   3.000000000E-03   4.591000000E+00   2.300000000E-02   4.599930000E+00   4.300000000E-02 
                      4.679600000E+00   1.200000000E-02   4.956052000E+00   4.500000000E-03   5.177000000E+00   2.300000000E-01 
360900   Kr90         26
                      5.246999000E-01   1.480000000E-03   5.273999000E-01   6.900000000E-04   7.020200000E-01   1.700000000E-03 
                      7.808001000E-01   1.050000000E-03   9.303999000E-01   3.600000000E-04   1.167320000E+00   1.900000000E-03 
                      1.312260000E+00   6.900000000E-03   1.322930000E+00   2.070000000E-02   1.972410000E+00   3.000000000E-03 
                      2.134660000E+00   1.000000000E-03   2.278420000E+00   2.290000000E-02   2.504370000E+00   3.500000000E-03 
                      2.625990000E+00   6.500000000E-01   2.717830000E+00   1.800000000E-03   2.943030000E+00   1.450000000E-04 
                      3.005400000E+00   8.200000000E-04   3.472920000E+00   5.800000000E-03   3.567800000E+00   1.500000000E-03 
                      3.665130000E+00   3.400000000E-03   3.693540000E+00   2.000000000E-03   3.729900000E+00   1.000000000E-03 
                      3.791580000E+00   2.000000000E-03   4.049770000E+00   1.450000000E-03   4.178170000E+00   1.000000000E-03 
                      4.284210000E+00   7.500000000E-03   4.406000000E+00   2.900000000E-01 
360910   Kr91         59
                      2.074940000E+00   4.000000000E-03   2.089400000E+00   5.700000000E-03   2.203300000E+00   3.700000000E-03 
                      2.227100000E+00   1.300000000E-03   2.229700000E+00   5.900000000E-03   2.561300000E+00   5.700000000E-03 
                      2.573500000E+00   1.000000000E-03   2.643810000E+00   7.300000000E-03   2.700930000E+00   6.000000000E-04 
                      2.798700000E+00   1.300000000E-03   2.862890000E+00   7.500000000E-03   3.085400000E+00   3.400000000E-03 
                      3.447930000E+00   6.700000000E-03   3.566810000E+00   7.700000000E-03   3.659390000E+00   3.300000000E-02 
                      3.682330000E+00   2.400000000E-02   3.716040000E+00   1.470000000E-02   3.726770000E+00   3.600000000E-03 
                      3.728430000E+00   1.900000000E-03   3.770680000E+00   3.200000000E-02   3.793250000E+00   1.690000000E-02 
                      3.808860000E+00   1.380000000E-02   3.846100000E+00   2.800000000E-03   3.853020000E+00   2.060000000E-02 
                      3.911440000E+00   3.900000000E-02   3.928430000E+00   2.570000000E-02   4.043840000E+00   7.000000000E-03 
                      4.086190000E+00   6.700000000E-03   4.179780000E+00   4.600000000E-02   4.213550000E+00   1.660000000E-02 
                      4.282860000E+00   3.000000000E-02   4.391400000E+00   8.200000000E-03   4.395710000E+00   5.500000000E-03 
                      4.577210000E+00   8.800000000E-03   4.683190000E+00   2.770000000E-02   4.770200000E+00   2.500000000E-03 
                      4.797800000E+00   1.120000000E-02   4.993950000E+00   3.800000000E-03   4.997490000E+00   7.300000000E-03 
                      5.050130000E+00   5.000000000E-03   5.135930000E+00   5.500000000E-03   5.157780000E+00   6.300000000E-02 
                      5.225350000E+00   1.200000000E-02   5.271370000E+00   3.000000000E-02   5.371170000E+00   8.500000000E-03 
                      5.448730000E+00   8.000000000E-03   5.468750000E+00   4.600000000E-03   5.505310000E+00   1.600000000E-02 
                      5.561900000E+00   3.100000000E-03   5.594930000E+00   6.700000000E-03   5.636260000E+00   1.300000000E-02 
                      5.639210000E+00   1.600000000E-02   6.051330000E+00   7.000000000E-03   6.110580000E+00   1.050000000E-02 
                      6.217450000E+00   9.700000000E-03   6.266408000E+00   3.700000000E-02   6.270960000E+00   7.000000000E-03 
                      6.664212000E+00   1.700000000E-01   6.773000000E+00   9.000000000E-02 
360920   Kr92         20
                      1.810000000E+00   2.900000000E-03   2.343200000E+00   8.000000000E-04   2.661160000E+00   6.000000000E-03 
                      2.664500000E+00   1.300000000E-03   2.853530000E+00   4.200000000E-03   2.945710000E+00   3.700000000E-03 
                      3.101510000E+00   6.000000000E-03   3.284240000E+00   2.800000000E-03   3.391940000E+00   9.200000000E-03 
                      3.415610000E+00   7.800000000E-03   3.681990000E+00   3.200000000E-03   3.923570000E+00   1.700000000E-03 
                      3.964010000E+00   1.800000000E-02   4.339460000E+00   2.300000000E-03   4.642110000E+00   8.800000000E-01 
                      5.074960000E+00   2.700000000E-03   5.274760000E+00   1.500000000E-03   5.379390000E+00   4.400000000E-03 
                      5.510400000E+00   6.000000000E-03   6.003000000E+00   2.000000000E-02 
360930   Kr93         48
                      1.758440000E+00   1.390000000E-02   1.911800000E+00   5.100000000E-03   2.223900000E+00   3.100000000E-03 
                      2.413490000E+00   3.000000000E-03   2.518520000E+00   1.380000000E-02   2.563660000E+00   1.470000000E-02 
                      2.624160000E+00   1.110000000E-02   2.724300000E+00   5.300000000E-03   2.818490000E+00   4.200000000E-03 
                      2.987730000E+00   7.500000000E-03   2.992220000E+00   7.200000000E-03   3.246350000E+00   5.200000000E-03 
                      3.435020000E+00   3.000000000E-03   3.622480000E+00   5.600000000E-03   4.403420000E+00   9.100000000E-03 
                      4.433310000E+00   4.600000000E-03   4.683100000E+00   2.300000000E-03   4.706840000E+00   4.000000000E-03 
                      4.750020000E+00   2.300000000E-03   4.852600000E+00   3.800000000E-03   4.932450000E+00   1.730000000E-02 
                      4.990270000E+00   1.080000000E-02   5.019300000E+00   7.300000000E-03   5.125240000E+00   1.100000000E-03 
                      5.175680000E+00   6.900000000E-03   5.203960000E+00   8.600000000E-03   5.218820000E+00   2.700000000E-03 
                      5.238850000E+00   2.000000000E-03   5.420650000E+00   2.600000000E-02   5.481880000E+00   4.260000000E-02 
                      5.628060000E+00   2.130000000E-01   5.669010000E+00   2.170000000E-02   5.819160000E+00   4.100000000E-03 
                      6.198240000E+00   1.500000000E-02   6.273400000E+00   4.500000000E-03   6.400120000E+00   1.300000000E-03 
                      6.474670000E+00   1.890000000E-02   6.519360000E+00   1.050000000E-02   6.603610000E+00   2.480000000E-02 
                      6.795280000E+00   2.000000000E-03   6.842930000E+00   2.500000000E-03   6.920970000E+00   2.500000000E-02 
                      7.663470000E+00   6.000000000E-03   7.977980000E+00   1.230000000E-01   8.160050000E+00   1.000000000E-01 
                      8.217140000E+00   8.300000000E-02   8.230610000E+00   6.000000000E-02   8.484000000E+00   1.500000000E-02 
370840   Rb84         1
                      8.960000000E-01   3.900000000E-02 
370860   Rb86         2
                      6.991999000E-01   8.640000000E-02   1.776200000E+00   9.136000000E-01 
370870   Rb87         1
                      2.833000000E-01   1.000000000E+00 
370880   Rb88         14
                      4.596812000E-01   7.250000000E-03   4.670503000E-01   4.000000000E-03   5.701401000E-01   1.780000000E-03 
                      7.986831000E-01   2.311000000E-02   8.987901000E-01   2.530000000E-03   1.088600000E+00   3.000000000E-04 
                      1.277100000E+00   1.370000000E-04   1.677940000E+00   5.000000000E-05   1.789100000E+00   1.500000000E-05 
                      1.826110000E+00   1.600000000E-04   2.094150000E+00   1.034000000E-02   2.578572000E+00   1.387000000E-01 
                      3.476623000E+00   4.580000000E-02   5.312700000E+00   7.659000000E-01 
370890   Rb89         19
                      4.021999000E-01   8.200000000E-04   4.460000000E-01   6.300000000E-04   5.081999000E-01   5.000000000E-04 
                      6.460000000E-01   1.400000000E-03   6.503001000E-01   5.700000000E-04   8.442901000E-01   8.800000000E-04 
                      9.872901000E-01   1.650000000E-02   1.192870000E+00   1.900000000E-04   1.268110000E+00   3.570000000E-01 
                      1.788860000E+00   2.380000000E-02   1.925920000E+00   3.300000000E-02   2.044380000E+00   4.000000000E-04 
                      2.215860000E+00   3.700000000E-01   2.438600000E+00   5.000000000E-03   2.488370000E+00   5.300000000E-03 
                      2.555800000E+00   2.400000000E-03   3.022590000E+00   2.600000000E-03   3.464020000E+00   2.000000000E-02 
                      4.496000000E+00   1.880000000E-01 
370900   Rb90         26
                      9.637002000E-01   4.500000000E-03   9.867002000E-01   7.300000000E-04   1.160340000E+00   3.930000000E-02 
                      1.253850000E+00   4.700000000E-03   1.332680000E+00   1.280000000E-02   1.399480000E+00   4.290000000E-02 
                      1.545990000E+00   4.900000000E-03   1.613010000E+00   6.100000000E-03   1.667940000E+00   3.300000000E-03 
                      1.796700000E+00   1.400000000E-03   1.940650000E+00   2.840000000E-02   2.006200000E+00   3.200000000E-03 
                      2.220950000E+00   8.800000000E-02   2.438140000E+00   1.500000000E-04   2.449400000E+00   5.000000000E-04 
                      2.451370000E+00   7.700000000E-02   2.549880000E+00   4.200000000E-03   2.567600000E+00   7.400000000E-04 
                      3.203590000E+00   5.700000000E-02   3.547740000E+00   4.400000000E-03   3.554130000E+00   5.000000000E-05 
                      3.659290000E+00   5.000000000E-05   3.913000000E+00   2.500000000E-04   4.694640000E+00   2.700000000E-02 
                      5.755320000E+00   2.600000000E-01   6.587000000E+00   3.300000000E-01 
370901   Rb90m1       35
                      8.630000000E-01   1.230007000E-02   8.688999000E-01   6.100035000E-03   9.057998000E-01   3.400019000E-03 
                      1.133100000E+00   5.700033000E-03   1.259800000E+00   9.400054000E-03   1.405030000E+00   1.610009000E-02 
                      1.451700000E+00   4.300024000E-03   1.601460000E+00   1.370007000E-02   1.649480000E+00   3.080017000E-02 
                      1.664100000E+00   5.100029000E-03   1.666380000E+00   1.140006000E-02   1.743500000E+00   4.900028000E-03 
                      1.836600000E+00   3.400019000E-03   1.882400000E+00   6.800039000E-03   1.885800000E+00   4.400025000E-03 
                      1.886900000E+00   4.800027000E-03   2.005400000E+00   2.300013000E-03   2.260000000E+00   9.200053000E-03 
                      2.286300000E+00   1.610009000E-02   2.355550000E+00   9.000052000E-02   2.542100000E+00   1.570009000E-01 
                      2.654040000E+00   1.770010000E-02   2.736600000E+00   4.700027000E-03   3.106490000E+00   1.430008000E-01 
                      3.241090000E+00   6.540037000E-02   3.546000000E+00   2.900016000E-03   3.658050000E+00   6.000034000E-03 
                      3.763220000E+00   8.700050000E-03   4.120310000E+00   1.320007000E-02   4.163000000E+00   1.740010000E-02 
                      4.193600000E+00   1.490008000E-02   4.483890000E+00   3.100018000E-02   4.798560000E+00   4.200024000E-02 
                      5.035010000E+00   3.500020000E-02   5.859230000E+00   1.500008000E-01 
370910   Rb91         57
                      5.060000000E-01   1.400000000E-04   6.060000000E-01   2.400000000E-04   7.060000000E-01   2.900000000E-04 
                      8.060000000E-01   4.800000000E-04   9.060000000E-01   6.700000000E-04   1.006000000E+00   9.600000000E-04 
                      1.106000000E+00   1.140000000E-03   1.112900000E+00   2.000000000E-03   1.206000000E+00   2.400000000E-03 
                      1.306000000E+00   4.300000000E-03   1.453000000E+00   3.500000000E-03   1.515000000E+00   3.200000000E-03 
                      1.547630000E+00   6.300000000E-03   1.578270000E+00   8.200000000E-03   1.640500000E+00   2.260000000E-02 
                      1.652200000E+00   3.800000000E-03   1.656900000E+00   3.400000000E-03   1.665900000E+00   3.400000000E-03 
                      1.716610000E+00   1.260000000E-02   1.748450000E+00   1.240000000E-02   1.806000000E+00   5.000000000E-03 
                      1.827700000E+00   6.800000000E-02   1.862670000E+00   1.650000000E-02   1.906000000E+00   1.370000000E-02 
                      1.967580000E+00   1.310000000E-02   2.006000000E+00   1.320000000E-02   2.066600000E+00   8.200000000E-03 
                      2.074920000E+00   6.800000000E-03   2.106000000E+00   3.000000000E-03   2.129380000E+00   1.030000000E-02 
                      2.169200000E+00   2.130000000E-02   2.212770000E+00   1.160000000E-01   2.262190000E+00   8.400000000E-03 
                      2.356000000E+00   9.600000000E-03   2.459420000E+00   1.980000000E-02   2.506000000E+00   1.330000000E-02 
                      2.510500000E+00   4.600000000E-03   2.541320000E+00   2.890000000E-02   2.606000000E+00   7.600000000E-03 
                      2.706000000E+00   5.700000000E-03   2.806000000E+00   5.700000000E-03   2.906000000E+00   6.700000000E-03 
                      3.006000000E+00   6.700000000E-03   3.248110000E+00   1.640000000E-01   3.556000000E+00   6.700000000E-03 
                      3.669050000E+00   3.600000000E-03   3.746920000E+00   1.900000000E-03   3.841340000E+00   5.400000000E-02 
                      3.963090000E+00   3.500000000E-02   3.988910000E+00   1.080000000E-02   4.165730000E+00   7.300000000E-03 
                      4.423880000E+00   1.100000000E-02   4.675160000E+00   1.700000000E-02   4.863966000E+00   1.800000000E-02 
                      5.466841000E+00   2.300000000E-02   5.812372000E+00   2.400000000E-01   5.906000000E+00   2.000000000E-02 
370920   Rb92         19
                      7.320000000E-01   2.700000000E-02   1.145900000E+00   8.000000000E-03   1.978900000E+00   1.700000000E-02 
                      2.065000000E+00   3.200000000E-02   2.091500000E+00   3.100000000E-02   2.193900000E+00   1.800000000E-02 
                      2.201500000E+00   1.600000000E-02   2.356600000E+00   1.800000000E-02   3.041200000E+00   2.000000000E-02 
                      3.457200000E+00   3.400000000E-02   5.245400000E+00   5.300000000E-03   5.274100000E+00   5.500000000E-02 
                      5.567820000E+00   3.200000000E-02   6.006610000E+00   1.500000000E-02   6.041100000E+00   3.600000000E-03 
                      6.316670000E+00   1.100000000E-02   6.710210000E+00   4.400000000E-02   7.280020000E+00   1.000000000E-01 
                      8.095000000E+00   5.100000000E-01 
370930   Rb93         63
                      7.585801000E-01   4.000000000E-04   1.188600000E+00   2.000000000E-04   1.193300000E+00   2.000000000E-04 
                      1.205280000E+00   2.000000000E-04   1.369300000E+00   2.300000000E-04   1.465490000E+00   2.800000000E-04 
                      1.690500000E+00   3.400000000E-04   1.834800000E+00   7.800000000E-04   1.864700000E+00   3.900000000E-04 
                      2.052400000E+00   1.900000000E-03   2.070500000E+00   1.700000000E-03   2.081390000E+00   3.500000000E-03 
                      2.266000000E+00   7.400000000E-03   2.453760000E+00   7.600000000E-03   2.474720000E+00   7.900000000E-03 
                      2.552910000E+00   1.450000000E-02   2.675620000E+00   3.500000000E-03   2.751360000E+00   1.120000000E-02 
                      2.845800000E+00   1.400000000E-02   2.888400000E+00   7.000000000E-03   2.956740000E+00   4.200000000E-03 
                      3.004880000E+00   1.030000000E-02   3.129880000E+00   1.550000000E-02   3.216000000E+00   1.480000000E-02 
                      3.368570000E+00   2.960000000E-02   3.424100000E+00   2.700000000E-03   3.428120000E+00   2.180000000E-02 
                      3.448400000E+00   7.500000000E-03   3.511060000E+00   2.600000000E-02   3.531340000E+00   2.550000000E-02 
                      3.575360000E+00   6.200000000E-02   3.589270000E+00   2.110000000E-02   3.598600000E+00   5.790000000E-02 
                      3.599140000E+00   1.890000000E-02   3.618380000E+00   4.200000000E-02   3.662270000E+00   4.010000000E-02 
                      3.676810000E+00   6.900000000E-03   3.842300000E+00   9.200000000E-03   3.862820000E+00   3.730000000E-02 
                      4.061610000E+00   2.690000000E-02   4.209600000E+00   1.210000000E-02   4.232990000E+00   7.400000000E-03 
                      4.267860000E+00   8.100000000E-03   4.486080000E+00   1.890000000E-02   4.683800000E+00   5.400000000E-03 
                      4.728560000E+00   1.900000000E-03   4.844610000E+00   5.100000000E-03   5.114490000E+00   2.200000000E-03 
                      5.146900000E+00   1.500000000E-03   5.173130000E+00   4.700000000E-03   5.324930000E+00   2.600000000E-03 
                      5.348550000E+00   8.000000000E-04   5.411980000E+00   1.700000000E-03   5.420420000E+00   2.700000000E-03 
                      5.555140000E+00   2.700000000E-03   5.596360000E+00   7.000000000E-04   5.657520000E+00   3.800000000E-03 
                      5.686220000E+00   1.700000000E-03   5.903050000E+00   2.200000000E-03   5.936680000E+00   1.200000000E-03 
                      6.080690000E+00   5.800000000E-03   6.227760000E+00   3.800000000E-03   7.466000000E+00   3.260000000E-01 
370940   Rb94         60
                      4.217300000E+00   1.220000000E-03   4.449900000E+00   1.800000000E-03   4.452800000E+00   2.600000000E-03 
                      4.545600000E+00   1.770000000E-03   4.878600000E+00   3.700000000E-04   4.968100000E+00   1.530000000E-03 
                      4.991900000E+00   3.000000000E-03   5.013700000E+00   2.100000000E-03   5.057800000E+00   1.800000000E-03 
                      5.068000000E+00   2.300000000E-03   5.442600000E+00   6.700000000E-03   5.607300000E+00   5.500000000E-03 
                      5.627500000E+00   1.590000000E-03   5.799900000E+00   2.700000000E-03   5.914200000E+00   1.900000000E-03 
                      5.920000000E+00   3.700000000E-03   5.972600000E+00   1.100000000E-03   5.999350000E+00   3.400000000E-03 
                      6.012600000E+00   1.890000000E-03   6.070000000E+00   1.460000000E-03   6.082510000E+00   1.260000000E-02 
                      6.112800000E+00   3.900000000E-03   6.138500000E+00   1.220000000E-03   6.163600000E+00   9.800000000E-04 
                      6.193900000E+00   1.340000000E-03   6.214600000E+00   2.300000000E-03   6.256800000E+00   8.500000000E-04 
                      6.298500000E+00   2.300000000E-03   6.312100000E+00   2.400000000E-03   6.327700000E+00   1.100000000E-03 
                      6.332370000E+00   1.520000000E-02   6.465300000E+00   2.000000000E-03   6.512100000E+00   2.000000000E-03 
                      6.556300000E+00   1.530000000E-03   6.700650000E+00   8.500000000E-04   6.795590000E+00   2.560000000E-03 
                      6.842390000E+00   2.380000000E-02   6.940100000E+00   1.950000000E-03   6.942580000E+00   3.600000000E-03 
                      6.970270000E+00   6.000000000E-03   7.018660000E+00   5.800000000E-03   7.203300000E+00   8.300000000E-03 
                      7.233620000E+00   1.440000000E-02   7.299900000E+00   4.900000000E-03   7.308930000E+00   6.500000000E-03 
                      7.316000000E+00   1.280000000E-02   7.351190000E+00   1.790000000E-02   7.359200000E+00   6.200000000E-03 
                      7.424110000E+00   9.500000000E-03   7.429730000E+00   4.200000000E-03   7.541810000E+00   1.330000000E-02 
                      7.570400000E+00   6.100000000E-03   7.577060000E+00   1.940000000E-02   7.631220000E+00   2.010000000E-02 
                      7.666900000E+00   6.100000000E-03   7.677060000E+00   1.400000000E-02   7.866890000E+00   2.140000000E-01 
                      8.009780000E+00   1.530000000E-02   8.135000000E+00   3.500000000E-02   8.354720000E+00   2.700000000E-02 
370950   Rb95         7
                      4.998500000E+00   8.000000000E-02   5.616670000E+00   3.500000000E-01   5.749910000E+00   2.000000000E-02 
                      6.254620000E+00   3.500000000E-01   6.982110000E+00   5.000000000E-02   7.215670000E+00   5.000000000E-02 
                      7.385280000E+00   1.000000000E-01 
370960   Rb96         41
                      5.779000000E+00   6.000000000E-01   6.229700000E+00   1.500000000E-01   6.410500000E+00   9.000000000E-03 
                      6.420300000E+00   1.250000000E-02   6.446200000E+00   2.700000000E-03   6.488100000E+00   3.000000000E-03 
                      6.529500000E+00   4.500000000E-03   6.779600000E+00   6.600000000E-02   7.256400000E+00   2.700000000E-03 
                      7.530300000E+00   2.110000000E-03   7.823600000E+00   4.000000000E-02   8.132700000E+00   5.000000000E-04 
                      8.334100000E+00   8.000000000E-02   8.383240000E+00   2.000000000E-05   8.514200000E+00   2.000000000E-05 
                      8.698500000E+00   2.000000000E-05   8.859300000E+00   2.000000000E-05   8.875270000E+00   2.000000000E-05 
                      9.002750000E+00   2.000000000E-05   9.049710000E+00   2.000000000E-05   9.053470000E+00   2.000000000E-05 
                      9.085950000E+00   2.000000000E-05   9.135350000E+00   2.000000000E-05   9.167000000E+00   2.000000000E-05 
                      9.171600000E+00   2.000000000E-05   9.271460000E+00   2.000000000E-05   9.309460000E+00   2.000000000E-05 
                      9.361740000E+00   2.000000000E-05   9.428160000E+00   2.000000000E-05   9.458960000E+00   1.830000000E-02 
                      9.465590000E+00   2.000000000E-05   9.495020000E+00   2.000000000E-05   9.584020000E+00   2.000000000E-05 
                      9.603270000E+00   2.000000000E-05   9.726870000E+00   2.000000000E-05   9.786220000E+00   2.000000000E-05 
                      9.950811000E+00   2.000000000E-05   1.007216000E+01   2.000000000E-05   1.011440000E+01   2.000000000E-05 
                      1.034972000E+01   8.000000000E-03   1.076407000E+01   2.000000000E-05 
370970   Rb97         20
                      7.218100000E+00   8.400000000E-03   8.565700000E+00   1.530000000E-02   8.698330000E+00   3.500000000E-02 
                      8.752300000E+00   4.300000000E-02   8.977500000E+00   2.700000000E-02   9.087510000E+00   6.500000000E-02 
                      9.156560000E+00   9.700000000E-03   9.250580000E+00   4.000000000E-03   9.301500000E+00   6.900000000E-03 
                      9.304300000E+00   1.600000000E-03   9.317630000E+00   4.700000000E-03   9.359180000E+00   3.100000000E-02 
                      9.385910000E+00   1.280000000E-01   9.428270000E+00   7.000000000E-02   9.472520000E+00   7.200000000E-02 
                      9.487940000E+00   1.470000000E-01   9.550510000E+00   1.700000000E-02   9.764870000E+00   1.000000000E-02 
                      9.905870000E+00   2.000000000E-02   1.007300000E+01   3.000000000E-02 
370980   Rb98         11
                      8.787600000E+00   3.200000000E-02   9.119800000E+00   6.600000000E-02   9.605800000E+00   4.100000000E-02 
                      1.009422000E+01   2.700000000E-01   1.012130000E+01   3.900000000E-02   1.017290000E+01   1.500000000E-02 
                      1.044607000E+01   1.010000000E-01   1.048810000E+01   2.100000000E-02   1.066520000E+01   1.800000000E-02 
                      1.118610000E+01   5.100000000E-02   1.219463000E+01   1.850000000E-01 
380890   Sr89         2
                      5.879400000E-01   9.640000000E-05   1.496900000E+00   9.999036000E-01 
380900   Sr90         1
                      5.460000000E-01   1.000000000E+00 
380910   Sr91         13
                      2.808501000E-01   1.600000000E-04   4.136599000E-01   2.380000000E-03   4.862400000E-01   1.480000000E-02 
                      5.638999000E-01   6.700000000E-04   6.263799000E-01   2.080000000E-02   7.125899000E-01   3.720000000E-03 
                      1.113070000E+00   3.480000000E-01   1.147100000E+00   1.830000000E-02   1.219310000E+00   1.910000000E-03 
                      1.387610000E+00   2.510000000E-01   1.506120000E+00   6.500000000E-03   2.039980000E+00   3.400000000E-02 
                      2.693000000E+00   2.860000000E-01 
380920   Sr92         3
                      5.651000000E-01   9.700000000E-01   1.056440000E+00   1.700000000E-03   1.949000000E+00   3.500000000E-02 
380930   Sr93         36
                      2.451001000E-01   1.200000000E-03   2.686899000E-01   1.000000000E-03   3.155000000E-01   1.000000000E-03 
                      3.400000000E-01   4.600000000E-04   4.400000000E-01   6.700000000E-04   5.400000000E-01   9.200000000E-04 
                      6.400000000E-01   2.800000000E-03   7.400000000E-01   1.030000000E-02   8.400000000E-01   4.100000000E-03 
                      9.400000000E-01   1.000000000E-03   1.023950000E+00   3.900000000E-03   1.132950000E+00   1.330000000E-02 
                      1.253480000E+00   1.290000000E-02   1.319350000E+00   3.800000000E-02   1.356460000E+00   3.160000000E-02 
                      1.370010000E+00   7.700000000E-02   1.452450000E+00   1.730000000E-01   1.564960000E+00   1.140000000E-01 
                      1.570050000E+00   1.160000000E-01   1.596070000E+00   3.800000000E-02   1.775120000E+00   2.090000000E-02 
                      1.784420000E+00   1.150000000E-02   1.940000000E+00   1.540000000E-02   2.010890000E+00   4.100000000E-03 
                      2.228540000E+00   9.500000000E-03   2.353530000E+00   3.700000000E-03   2.444090000E+00   3.500000000E-03 
                      2.493020000E+00   1.570000000E-01   2.831440000E+00   1.500000000E-02   2.839479000E+00   3.900000000E-02 
                      2.862060000E+00   6.400000000E-03   3.004010000E+00   2.600000000E-02   3.264150000E+00   2.200000000E-02 
                      3.381281000E+00   5.300000000E-02   3.549781000E+00   2.100000000E-02   4.140000000E+00   5.000000000E-03 
380940   Sr94         6
                      5.380701000E-01   8.000000000E-04   1.134980000E+00   1.130000000E-03   1.325580000E+00   7.600000000E-03 
                      2.070990000E+00   1.900000000E-03   2.080290000E+00   9.810000000E-01   3.508000000E+00   4.500000000E-03 
380950   Sr95         42
                      8.890000000E-01   4.300000000E-04   9.890000000E-01   6.400000000E-04   1.089000000E+00   2.400000000E-03 
                      1.289000000E+00   7.500000000E-04   1.389000000E+00   1.500000000E-03   1.489000000E+00   2.100000000E-03 
                      1.525600000E+00   1.460000000E-03   1.668400000E+00   4.000000000E-03   1.728700000E+00   1.390000000E-03 
                      1.740700000E+00   3.700000000E-03   1.820900000E+00   1.310000000E-02   1.874700000E+00   4.600000000E-03 
                      1.898600000E+00   7.500000000E-03   1.928300000E+00   6.700000000E-03   2.013900000E+00   2.460000000E-02 
                      2.145500000E+00   4.900000000E-03   2.189000000E+00   1.390000000E-02   2.289000000E+00   8.600000000E-03 
                      2.345700000E+00   1.070000000E-02   2.437700000E+00   3.200000000E-03   2.472900000E+00   2.890000000E-02 
                      2.512400000E+00   4.070000000E-02   2.581600000E+00   2.140000000E-02   2.697200000E+00   3.640000000E-02 
                      2.736100000E+00   3.210000000E-02   2.889000000E+00   7.500000000E-03   2.972200000E+00   1.180000000E-02 
                      3.155700000E+00   8.450000000E-02   3.307200000E+00   1.610000000E-02   3.371800000E+00   6.210000000E-02 
                      3.405000000E+00   1.130000000E-02   3.474400000E+00   1.370000000E-02   3.531400000E+00   6.900000000E-03 
                      3.589000000E+00   1.500000000E-02   3.680500000E+00   1.050000000E-02   4.042400000E+00   6.400000000E-03 
                      4.068000000E+00   4.200000000E-03   4.125600000E+00   1.000000000E-02   4.199200000E+00   1.780000000E-03 
                      5.001500000E+00   6.400000000E-03   5.403200000E+00   5.350000000E-02   6.089000000E+00   4.030000000E-01 
380960   Sr96         7
                      3.428420000E+00   3.400000000E-02   4.124110000E+00   2.700000000E-03   4.480300000E+00   9.200000000E-01 
                      4.693300000E+00   1.300000000E-03   4.759710000E+00   5.000000000E-03   5.289703000E+00   2.400000000E-02 
                      5.412000000E+00   1.300000000E-02 
380970   Sr97         13
                      4.980400000E+00   1.700000000E-02   5.103100000E+00   4.200000000E-02   5.251600000E+00   3.100000000E-02 
                      5.327090000E+00   4.000000000E-01   5.417810000E+00   1.000000000E-01   5.634140000E+00   1.780000000E-01 
                      5.690770000E+00   4.000000000E-03   5.739400000E+00   1.200000000E-02   5.800200000E+00   1.100000000E-02 
                      5.925200000E+00   1.500000000E-02   6.110890000E+00   1.050000000E-02   6.585180000E+00   2.000000000E-02 
                      6.841680000E+00   1.100000000E-02 
380980   Sr98         22
                      3.970000000E+00   3.600000000E-03   4.187300000E+00   4.000000000E-03   4.402410000E+00   5.900000000E-03 
                      4.518950000E+00   7.600000000E-03   4.667420000E+00   1.100000000E-02   4.880730000E+00   6.700000000E-02 
                      4.959290000E+00   7.600000000E-03   5.042670000E+00   4.800000000E-03   5.154150000E+00   3.400000000E-03 
                      5.200830000E+00   4.200000000E-02   5.265070000E+00   5.300000000E-03   5.266780000E+00   4.200000000E-01 
                      5.271170000E+00   2.300000000E-02   5.280800000E+00   1.300000000E-03   5.303023000E+00   8.000000000E-02 
                      5.319250000E+00   2.100000000E-01   5.370760000E+00   2.200000000E-03   5.492060000E+00   1.000000000E-03 
                      5.508850000E+00   8.000000000E-03   5.696260000E+00   2.700000000E-02   5.747647000E+00   6.000000000E-02 
                      5.867000000E+00   1.000000000E-02 
380990   Sr99         23
                      5.814070000E+00   1.700000000E-02   5.849290000E+00   1.070000000E-01   5.852890000E+00   4.600000000E-02 
                      5.883680000E+00   5.300000000E-02   5.889610000E+00   1.000000000E-01   5.923100000E+00   1.000000000E-01 
                      6.198270000E+00   3.700000000E-02   6.717310000E+00   2.200000000E-02   6.726910000E+00   2.200000000E-02 
                      6.931060000E+00   4.200000000E-02   6.937370000E+00   1.600000000E-02   7.009400000E+00   1.400000000E-02 
                      7.117240000E+00   1.060000000E-02   7.120000000E+00   1.600000000E-02   7.311400000E+00   9.000000000E-03 
                      7.472130000E+00   1.100000000E-02   7.504620000E+00   1.270000000E-02   7.529010000E+00   1.700000000E-02 
                      7.592810000E+00   2.000000000E-02   7.641720000E+00   5.000000000E-03   7.845280000E+00   5.000000000E-03 
                      8.003876000E+00   6.000000000E-03   8.129000000E+00   3.000000000E-01 
381000   Sr100        23
                      5.803010000E+00   5.900000000E-03   6.090860000E+00   5.000000000E-03   6.113150000E+00   2.700000000E-03 
                      6.123840000E+00   2.800000000E-02   6.162260000E+00   1.100000000E-02   6.353540000E+00   4.500000000E-03 
                      6.356670000E+00   1.700000000E-03   6.457300000E+00   1.500000000E-03   6.528400000E+00   4.100000000E-01 
                      6.641810000E+00   9.400000000E-03   6.642400000E+00   4.800000000E-03   6.653550000E+00   3.300000000E-03 
                      6.675030000E+00   1.800000000E-03   6.726760000E+00   2.800000000E-03   6.768970000E+00   9.900000000E-03 
                      6.804290000E+00   2.500000000E-03   7.019420000E+00   1.200000000E-03   7.126930000E+00   1.100000000E-02 
                      7.147250000E+00   1.800000000E-03   7.193170000E+00   5.000000000E-03   7.308020000E+00   3.400000000E-02 
                      7.330970000E+00   4.500000000E-03   7.492300000E+00   4.400000000E-01 
390900   Y90          3
                      9.351806000E-02   1.400000000E-08   5.190801000E-01   1.150000000E-04   2.279800000E+00   9.998850000E-01 
390901   Y90m1        1
                      6.428501000E-01   1.800000000E-05 
390910   Y91          2
                      3.396200000E-01   2.600000000E-03   1.544400000E+00   9.974000000E-01 
390920   Y92          12
                      2.706001000E-01   1.200000000E-04   3.780000000E-01   1.100000000E-05   6.018999000E-01   1.900000000E-04 
                      8.223201000E-01   1.000000000E-03   1.168600000E+00   3.000000000E-05   1.302080000E+00   6.500000000E-02 
                      1.575100000E+00   2.400000000E-03   1.794680000E+00   4.300000000E-03   2.146400000E+00   1.150000000E-02 
                      2.259010000E+00   2.300000000E-02   2.707510000E+00   3.500000000E-02   3.642000000E+00   8.570000000E-01 
390930   Y93          13
                      4.211599000E-01   1.120000000E-04   4.373501000E-01   2.600000000E-03   7.103799000E-01   1.680000000E-02 
                      8.003101000E-01   2.300000000E-04   9.764399000E-01   3.000000000E-04   9.854399000E-01   6.400000000E-04 
                      1.424850000E+00   1.450000000E-03   1.444550000E+00   3.800000000E-03   1.469590000E+00   2.700000000E-03 
                      1.726400000E+00   1.100000000E-04   1.947860000E+00   2.700000000E-02   2.628120000E+00   4.800000000E-02 
                      2.895000000E+00   8.960000000E-01 
390940   Y94          24
                      2.492002000E-01   2.800000000E-04   2.811001000E-01   2.000000000E-04   6.813999000E-01   1.120000000E-03 
                      7.202002000E-01   3.000000000E-03   8.205000000E-01   2.200000000E-04   8.666001000E-01   6.000000000E-05 
                      9.168001000E-01   1.100000000E-04   9.571999000E-01   2.700000000E-03   1.194100000E+00   6.700000000E-04 
                      1.557830000E+00   5.700000000E-03   1.699580000E+00   9.500000000E-03   1.859600000E+00   1.010000000E-02 
                      1.973900000E+00   7.800000000E-04   2.010970000E+00   2.100000000E-03   2.072700000E+00   4.100000000E-03 
                      2.552820000E+00   5.600000000E-03   2.587400000E+00   1.500000000E-04   2.767640000E+00   3.300000000E-03 
                      2.861360000E+00   5.300000000E-02   3.247610000E+00   3.300000000E-02   3.449360000E+00   4.100000000E-02 
                      3.618880000E+00   1.830000000E-02   4.000250000E+00   3.960000000E-01   4.919000000E+00   4.100000000E-01 
390950   Y95          25
                      3.796001000E-01   1.030000000E-03   5.000000000E-01   1.250000000E-03   5.238999000E-01   1.800000000E-04 
                      5.630000000E-01   2.500000000E-04   6.000000000E-01   9.100000000E-04   7.651699000E-01   5.800000000E-03 
                      8.637901000E-01   4.970000000E-02   8.742200000E-01   6.930000000E-02   9.989499000E-01   1.110000000E-02 
                      1.050000000E+00   1.710000000E-02   1.200850000E+00   4.040000000E-02   1.320510000E+00   1.106000000E-01 
                      1.550000000E+00   5.700000000E-03   1.700000000E+00   8.000000000E-03   1.850000000E+00   1.700000000E-03 
                      2.077830000E+00   4.170000000E-02   2.196400000E+00   5.200000000E-03   2.400000000E+00   2.300000000E-03 
                      2.509790000E+00   1.090000000E-03   2.546080000E+00   4.100000000E-04   2.557200000E+00   1.100000000E-04 
                      2.728490000E+00   1.700000000E-03   2.831820000E+00   4.600000000E-03   3.496140000E+00   1.600000000E-02 
                      4.450000000E+00   6.040000000E-01 
390960   Y96          37
                      8.713999000E-01   8.200000000E-05   9.596001000E-01   3.500000000E-05   1.168400000E+00   2.900000000E-04 
                      1.188300000E+00   2.700000000E-04   1.255500000E+00   1.500000000E-04   1.264700000E+00   6.300000000E-05 
                      1.298500000E+00   8.900000000E-05   1.319900000E+00   3.800000000E-05   1.383900000E+00   2.400000000E-04 
                      1.402000000E+00   1.000000000E-04   1.477400000E+00   4.000000000E-05   1.501500000E+00   3.400000000E-04 
                      1.529200000E+00   1.100000000E-04   1.551400000E+00   4.500000000E-04   1.564100000E+00   1.100000000E-04 
                      1.660100000E+00   3.800000000E-04   1.695000000E+00   1.300000000E-04   1.790800000E+00   1.500000000E-04 
                      1.831000000E+00   1.400000000E-04   1.874500000E+00   1.300000000E-04   2.173900000E+00   2.200000000E-04 
                      2.188900000E+00   9.000000000E-05   2.207800000E+00   3.100000000E-04   2.265100000E+00   8.900000000E-04 
                      2.365500000E+00   1.100000000E-04   2.590500000E+00   1.100000000E-04   2.844900000E+00   1.300000000E-04 
                      3.401900000E+00   1.200000000E-04   3.593600000E+00   2.000000000E-05   3.652660000E+00   8.100000000E-04 
                      4.177310000E+00   4.100000000E-04   4.407700000E+00   1.700000000E-03   4.433930000E+00   4.300000000E-04 
                      4.877190000E+00   4.400000000E-03   5.352400000E+00   1.910000000E-02   5.521660000E+00   1.260000000E-02 
                      7.103000000E+00   9.550000000E-01 
390961   Y96m1        11
                      2.335900000E+00   7.000000000E-03   2.606800000E+00   9.000000000E-03   2.728100000E+00   5.800000000E-02 
                      3.000400000E+00   1.200000000E-02   3.169500000E+00   4.100000000E-02   3.390000000E+00   9.000000000E-03 
                      3.484200000E+00   2.500000000E-02   3.545900000E+00   5.000000000E-03   3.665500000E+00   9.000000000E-03 
                      3.846200000E+00   8.090000000E-01   4.000900000E+00   1.600000000E-02 
390970   Y97          9
                      3.139400000E+00   3.100000000E-02   3.287600000E+00   1.500000000E-01   3.401350000E+00   2.700000000E-01 
                      3.946030000E+00   6.400000000E-02   4.692470000E+00   1.900000000E-02   4.829920000E+00   7.000000000E-03 
                      5.289020000E+00   3.900000000E-02   5.585910000E+00   1.400000000E-02   6.689000000E+00   4.000000000E-01 
390971   Y97m1        17
                      3.238720000E+00   1.300000000E-02   3.310120000E+00   1.400000000E-02   3.393720000E+00   9.000000000E-03 
                      3.932050000E+00   2.500000000E-02   4.195320000E+00   1.800000000E-02   4.486520000E+00   1.100000000E-02 
                      4.517520000E+00   1.100000000E-02   4.542820000E+00   3.000000000E-03   4.730520000E+00   1.100000000E-02 
                      4.847970000E+00   8.100000000E-02   5.018520000E+00   2.100000000E-02   5.092890000E+00   2.100000000E-02 
                      5.122160000E+00   4.310000000E-01   5.298920000E+00   7.000000000E-03   5.360100000E+00   1.000000000E-02 
                      5.549610000E+00   1.800000000E-02   6.092170000E+00   3.160000000E-01 
390972   Y97m2        2
                      4.737200000E+00   2.288000000E-02   4.773700000E+00   2.912000000E-02 
390980   Y98          13
                      4.541390000E+00   2.390000000E-01   4.827300000E+00   3.700000000E-01   5.485000000E+00   1.900000000E-02 
                      5.927550000E+00   2.400000000E-02   6.195200000E+00   1.000000000E-01   6.513100000E+00   1.300000000E-02 
                      6.944200000E+00   2.000000000E-02   7.132800000E+00   4.500000000E-02   7.401230000E+00   1.000000000E-02 
                      7.555800000E+00   2.000000000E-02   7.769050000E+00   1.000000000E-02   8.137930000E+00   4.000000000E-02 
                      8.992000000E+00   9.000000000E-02 
390981   Y98m1        11
                      5.109700000E+00   4.995000000E-01   5.124000000E+00   4.395600000E-02   6.285100000E+00   9.990000000E-03 
                      6.601800000E+00   2.997000000E-02   6.911080000E+00   9.990000000E-02   7.125300000E+00   2.497500000E-02 
                      7.354400000E+00   3.996000000E-02   7.558660000E+00   1.198800000E-01   7.595920000E+00   3.196800000E-02 
                      7.811570000E+00   4.995000000E-03   8.179170000E+00   2.497500000E-02 
390990   Y99          41
                      5.083800000E+00   5.400000000E-01   5.119490000E+00   2.900000000E-02   5.167300000E+00   1.000000000E-02 
                      5.271100000E+00   8.100000000E-03   5.488800000E+00   1.340000000E-02   5.642900000E+00   1.400000000E-03 
                      5.733710000E+00   1.800000000E-02   5.851900000E+00   9.500000000E-03   5.868270000E+00   6.100000000E-03 
                      5.897700000E+00   3.800000000E-03   5.980180000E+00   1.000000000E-02   6.123100000E+00   2.100000000E-03 
                      6.134850000E+00   4.700000000E-03   6.241300000E+00   7.000000000E-04   6.290800000E+00   1.600000000E-03 
                      6.312200000E+00   2.500000000E-03   6.337670000E+00   6.300000000E-03   6.413800000E+00   5.700000000E-03 
                      6.421520000E+00   9.300000000E-03   6.488910000E+00   2.800000000E-02   6.502110000E+00   4.000000000E-03 
                      6.503270000E+00   1.100000000E-02   6.516860000E+00   1.700000000E-02   6.562490000E+00   1.000000000E-02 
                      6.609270000E+00   1.370000000E-02   6.682920000E+00   6.000000000E-03   6.700220000E+00   9.000000000E-03 
                      6.715880000E+00   1.000000000E-02   6.717490000E+00   2.300000000E-02   6.746360000E+00   2.000000000E-03 
                      6.785760000E+00   3.000000000E-02   6.806320000E+00   2.500000000E-02   6.843500000E+00   1.000000000E-02 
                      6.889450000E+00   2.000000000E-02   6.900520000E+00   2.400000000E-02   6.910080000E+00   1.000000000E-02 
                      6.953860000E+00   1.000000000E-02   6.992320000E+00   1.000000000E-02   7.316040000E+00   2.000000000E-03 
                      7.446260000E+00   2.000000000E-02   7.568000000E+00   2.300000000E-02 
391000   Y100         20
                      4.755600000E+00   5.400000000E-03   5.087300000E+00   1.000000000E-02   5.472200000E+00   1.600000000E-02 
                      5.974300000E+00   1.500000000E-02   6.111980000E+00   8.300000000E-02   6.197740000E+00   1.400000000E-01 
                      6.273340000E+00   1.500000000E-01   6.316600000E+00   1.400000000E-02   6.351240000E+00   4.800000000E-02 
                      6.861080000E+00   8.500000000E-03   7.105870000E+00   1.200000000E-01   7.236410000E+00   4.100000000E-02 
                      7.602560000E+00   1.500000000E-02   7.749150000E+00   8.000000000E-03   7.847840000E+00   3.100000000E-02 
                      8.165430000E+00   5.200000000E-02   8.214800000E+00   3.300000000E-02   8.479514000E+00   3.900000000E-03 
                      8.831470000E+00   2.200000000E-01   9.044000000E+00   1.500000000E-02 
400930   Zr93         2
                      6.003000000E-02   9.750000000E-01   9.080000000E-02   2.500000000E-02 
400950   Zr95         4
                      3.668719000E-01   5.446000000E-01   3.994050000E-01   4.434000000E-01   8.879100000E-01   1.080000000E-02 
                      1.123600000E+00   1.030000000E-03 
400970   Zr97         11
                      4.115400000E-01   3.800000000E-03   5.530901000E-01   4.950000000E-02   7.006000000E-01   3.200000000E-04 
                      8.072901000E-01   2.700000000E-03   8.945799000E-01   1.770000000E-02   9.085699000E-01   4.600000000E-03 
                      1.006180000E+00   1.020000000E-03   1.110640000E+00   3.600000000E-03   1.382910000E+00   1.200000000E-03 
                      1.407990000E+00   3.900000000E-02   1.915650000E+00   8.780000000E-01 
400990   Zr99         11
                      2.367700000E+00   1.222000000E-03   2.729500000E+00   3.760000000E-03   3.659670000E+00   9.400000000E-03 
                      3.688730000E+00   5.358000000E-01   3.744690000E+00   2.820000000E-01   3.773090000E+00   9.400000000E-02 
                      3.938950000E+00   1.880000000E-04   4.159770000E+00   8.460000000E-03   4.234861000E+00   4.700000000E-02 
                      4.316620000E+00   9.400000000E-03   4.338730000E+00   8.460000000E-03 
401000   Zr100        7
                      2.721900000E+00   7.400000000E-03   2.772200000E+00   1.200000000E-03   2.921740000E+00   3.300000000E-01 
                      2.927900000E+00   8.000000000E-03   2.954620000E+00   1.700000000E-02   3.025510000E+00   1.900000000E-01 
                      3.426000000E+00   4.500000000E-01 
401010   Zr101        35
                      3.366300000E+00   5.000000000E-03   3.388800000E+00   2.000000000E-03   3.454350000E+00   1.300000000E-02 
                      3.475370000E+00   5.000000000E-02   3.527160000E+00   5.400000000E-02   3.555530000E+00   2.000000000E-02 
                      3.559990000E+00   2.700000000E-02   3.606900000E+00   3.200000000E-02   3.640700000E+00   1.800000000E-03 
                      3.864900000E+00   1.200000000E-03   4.190800000E+00   1.200000000E-03   4.304750000E+00   2.000000000E-02 
                      4.358580000E+00   2.000000000E-03   4.365430000E+00   1.500000000E-02   4.375470000E+00   2.000000000E-03 
                      4.532050000E+00   5.000000000E-03   4.563450000E+00   2.000000000E-03   4.572920000E+00   3.100000000E-02 
                      4.585450000E+00   4.000000000E-03   4.606070000E+00   2.100000000E-02   4.703430000E+00   6.000000000E-03 
                      4.706900000E+00   2.000000000E-03   4.762870000E+00   1.000000000E-02   4.782140000E+00   6.000000000E-03 
                      4.812070000E+00   1.300000000E-02   4.887290000E+00   1.300000000E-02   4.891680000E+00   1.000000000E-02 
                      4.952770000E+00   3.000000000E-03   5.110990000E+00   9.000000000E-03   5.138800000E+00   1.400000000E-02 
                      5.229840000E+00   5.000000000E-03   5.276600000E+00   4.000000000E-03   5.279400000E+00   5.000000000E-03 
                      5.365640000E+00   2.900000000E-02   5.485000000E+00   5.600000000E-01 
401020   Zr102        12
                      3.829500000E+00   1.700000000E-02   4.064920000E+00   3.300000000E-02   4.170510000E+00   2.500000000E-01 
                      4.339300000E+00   2.600000000E-03   4.511570000E+00   2.400000000E-02   4.523690000E+00   2.200000000E-02 
                      4.609280000E+00   3.500000000E-03   4.613640000E+00   1.300000000E-02   4.676050000E+00   8.000000000E-03 
                      4.705610000E+00   2.100000000E-02   4.749630000E+00   2.100000000E-02   4.770000000E+00   5.900000000E-01 
410940   Nb94         1
                      4.714800000E-01   1.000000000E+00 
410941   Nb94m1       3
                      2.220920000E-01   7.500000000E-06   5.130920000E-01   3.200000000E-05   1.215092000E+00   5.000000000E-03 
410950   Nb95         3
                      1.597970000E-01   9.997000000E-01   7.214840000E-01   1.000000000E-05   9.256000000E-01   3.000000000E-04 
410951   Nb95m1       4
                      3.396719000E-01   3.699970000E-06   3.740989000E-01   7.099943000E-04   9.561839000E-01   2.399981000E-02 
                      1.160300000E+00   3.199974000E-02 
410960   Nb96         5
                      2.118999000E-01   2.400000000E-04   3.114700000E-01   5.000000000E-03   4.318350000E-01   4.900000000E-03 
                      7.461970000E-01   2.300000000E-02   7.484919000E-01   9.670000000E-01 
410970   Nb97         7
                      3.057400000E-01   6.500000000E-04   4.192400000E-01   1.670000000E-03   6.661500000E-01   1.960000000E-03 
                      8.177700000E-01   8.500000000E-04   9.104000000E-01   1.090000000E-02   1.215310000E+00   8.000000000E-05 
                      1.276830000E+00   9.839000000E-01 
410980   Nb98         8
                      1.974700000E+00   3.200000000E-03   2.376000000E+00   1.700000000E-02   2.545500000E+00   8.800000000E-03 
                      2.824090000E+00   1.030000000E-01   3.150630000E+00   6.600000000E-02   3.795710000E+00   3.500000000E-02 
                      3.848390000E+00   2.000000000E-01   4.583000000E+00   5.700000000E-01 
410981   Nb98m1       61
                      5.637002000E-01   3.000000000E-04   5.906001000E-01   4.600000000E-04   6.064099000E-01   3.700000000E-04 
                      6.684099000E-01   1.200000000E-03   6.852200000E-01   1.200000000E-03   7.027200000E-01   2.300000000E-03 
                      7.196001000E-01   7.000000000E-04   8.243001000E-01   5.000000000E-04   8.574099000E-01   3.500000000E-03 
                      8.578101000E-01   1.100000000E-03   8.891599000E-01   4.600000000E-04   9.292901000E-01   2.300000000E-03 
                      9.433001000E-01   6.000000000E-03   9.551999000E-01   1.000000000E-04   1.043500000E+00   1.270000000E-02 
                      1.046960000E+00   9.000000000E-04   1.049920000E+00   8.000000000E-04   1.065900000E+00   1.400000000E-03 
                      1.068750000E+00   9.000000000E-04   1.101380000E+00   7.100000000E-03   1.112140000E+00   3.500000000E-04 
                      1.119520000E+00   6.500000000E-03   1.125760000E+00   8.000000000E-04   1.150270000E+00   8.900000000E-03 
                      1.165300000E+00   1.300000000E-04   1.201120000E+00   5.300000000E-03   1.211900000E+00   1.730000000E-02 
                      1.248340000E+00   7.000000000E-04   1.263050000E+00   3.300000000E-03   1.265910000E+00   2.200000000E-03 
                      1.272530000E+00   3.700000000E-02   1.301000000E+00   4.000000000E-04   1.340640000E+00   3.300000000E-02 
                      1.425900000E+00   9.000000000E-04   1.437870000E+00   2.200000000E-03   1.455460000E+00   1.040000000E-01 
                      1.458050000E+00   3.300000000E-03   1.501160000E+00   6.100000000E-03   1.571400000E+00   5.000000000E-04 
                      1.599340000E+00   5.200000000E-03   1.616080000E+00   2.400000000E-02   1.645290000E+00   6.370000000E-02 
                      1.646580000E+00   7.800000000E-03   1.656100000E+00   5.300000000E-04   1.690120000E+00   6.800000000E-03 
                      1.810760000E+00   1.300000000E-04   1.830210000E+00   4.000000000E-03   1.853730000E+00   7.000000000E-04 
                      1.899380000E+00   7.700000000E-02   1.966180000E+00   1.600000000E-03   1.988161000E+00   2.790000000E-01 
                      2.046900000E+00   7.000000000E-04   2.092330000E+00   2.300000000E-03   2.094010000E+00   1.400000000E-03 
                      2.160660000E+00   2.400000000E-02   2.181900000E+00   6.100000000E-03   2.247390000E+00   1.500000000E-02 
                      2.333590000E+00   1.300000000E-02   2.443177000E+00   1.590000000E-01   2.562260000E+00   3.000000000E-03 
                      3.156986000E+00   4.400000000E-02 
410990   Nb99         22
                      1.464200000E+00   2.800000000E-03   1.579300000E+00   3.800000000E-03   1.651600000E+00   1.700000000E-03 
                      1.781080000E+00   2.400000000E-02   1.825600000E+00   1.500000000E-03   1.999600000E+00   3.700000000E-03 
                      2.103300000E+00   1.100000000E-03   2.174800000E+00   1.600000000E-03   2.237770000E+00   1.300000000E-02 
                      2.296220000E+00   1.300000000E-02   2.324900000E+00   3.000000000E-03   2.496190000E+00   1.400000000E-02 
                      2.590860000E+00   5.000000000E-04   2.732870000E+00   3.400000000E-03   2.773120000E+00   1.300000000E-02 
                      2.884700000E+00   5.000000000E-04   2.940860000E+00   1.300000000E-02   2.954870000E+00   2.100000000E-03 
                      3.023890000E+00   1.900000000E-03   3.090300000E+00   1.100000000E-02   3.403480000E+00   8.200000000E-01 
                      3.541210000E+00   5.000000000E-02 
410991   Nb99m1       31
                      1.060200000E+00   2.500004000E-03   1.152600000E+00   3.500006000E-02   1.218440000E+00   1.830003000E-02 
                      1.274300000E+00   1.540003000E-02   1.317250000E+00   1.380002000E-02   1.362940000E+00   7.800014000E-02 
                      1.663950000E+00   1.200002000E-02   1.869730000E+00   2.000004000E-02   2.110790000E+00   1.560003000E-02 
                      2.322000000E+00   1.200002000E-03   2.432900000E+00   6.000011000E-04   2.443600000E+00   3.800007000E-03 
                      2.510700000E+00   6.500012000E-03   2.562100000E+00   6.700012000E-04   2.621600000E+00   3.100006000E-03 
                      2.650000000E+00   4.300008000E-03   2.721300000E+00   1.300002000E-03   2.806510000E+00   3.000005000E-03 
                      2.978530000E+00   1.200002000E-02   3.059380000E+00   7.600014000E-03   3.098700000E+00   1.900003000E-03 
                      3.113620000E+00   1.470003000E-02   3.211280000E+00   1.160002000E-02   3.251780000E+00   2.100004000E-03 
                      3.372420000E+00   1.050002000E-02   3.389210000E+00   3.600006000E-03   3.455490000E+00   1.500003000E-02 
                      3.479007000E+00   1.040002000E-02   3.653000000E+00   1.500003000E-02   3.906415000E+00   9.000016000E-03 
                      4.004200000E+00   6.300011000E-01 
411000   Nb100        20
                      3.251300000E+00   3.000000000E-03   3.310700000E+00   8.000000000E-03   3.318400000E+00   6.000000000E-03 
                      3.342000000E+00   6.000000000E-04   3.377000000E+00   1.000000000E-03   3.410600000E+00   1.900000000E-02 
                      3.446000000E+00   3.000000000E-03   4.060600000E+00   1.300000000E-02   4.191300000E+00   1.500000000E-02 
                      4.294630000E+00   7.200000000E-02   4.343450000E+00   4.700000000E-02   4.403860000E+00   8.000000000E-03 
                      4.773590000E+00   8.000000000E-03   4.876210000E+00   3.700000000E-02   4.917060000E+00   3.300000000E-02 
                      5.244830000E+00   3.000000000E-03   5.317080000E+00   3.900000000E-02   5.685790000E+00   8.200000000E-02 
                      5.845337000E+00   1.050000000E-01   6.381000000E+00   5.000000000E-01 
411001   Nb100m1      12
                      3.050800000E+00   7.000000000E-03   3.071600000E+00   1.100000000E-02   4.045130000E+00   6.700000000E-02 
                      4.133840000E+00   1.580000000E-01   4.281600000E+00   2.700000000E-01   4.387840000E+00   9.300000000E-02 
                      4.408800000E+00   1.800000000E-02   4.594930000E+00   1.660000000E-01   4.850920000E+00   4.700000000E-02 
                      4.926590000E+00   4.200000000E-02   5.090620000E+00   1.300000000E-02   5.561920000E+00   1.200000000E-01 
411010   Nb101        13
                      3.470000000E+00   1.000000000E-02   3.714900000E+00   4.100000000E-02   3.758600000E+00   1.400000000E-02 
                      3.771800000E+00   3.600000000E-02   4.089600000E+00   8.300000000E-02   4.114600000E+00   5.500000000E-02 
                      4.217400000E+00   1.330000000E-02   4.250100000E+00   4.200000000E-03   4.275200000E+00   1.000000000E-02 
                      4.279300000E+00   2.700000000E-01   4.331400000E+00   9.500000000E-03   4.397800000E+00   2.600000000E-02 
                      4.555500000E+00   4.000000000E-01 
411020   Nb102        7
                      4.778720000E+00   7.100000000E-01   5.389810000E+00   3.900000000E-02   5.511920000E+00   1.800000000E-02 
                      5.861150000E+00   6.300000000E-02   5.931870000E+00   1.200000000E-02   6.014050000E+00   9.000000000E-02 
                      6.515970000E+00   7.600000000E-02 
420990   Mo99         9
                      1.581200000E-01   2.100000000E-05   1.847800000E-01   1.900000000E-05   2.151379000E-01   1.110000000E-03 
                      2.278770000E-01   1.200000000E-04   3.529250000E-01   1.460000000E-03   4.363630000E-01   1.640000000E-01 
                      6.855000000E-01   5.700000000E-04   8.478750000E-01   1.160000000E-02   1.214317000E+00   8.220000000E-01 
421010   Mo101        33
                      2.504800000E-01   3.100000000E-03   2.660300000E-01   8.700000000E-03   3.817400000E-01   6.200000000E-03 
                      5.861299000E-01   7.300000000E-03   6.056399000E-01   3.600000000E-03   6.941699000E-01   2.190000000E-02 
                      7.671699000E-01   2.760000000E-02   7.762800000E-01   2.060000000E-01   8.226701000E-01   9.200000000E-03 
                      8.616739000E-01   1.500000000E-01   9.260300000E-01   2.610000000E-02   1.015500000E+00   5.900000000E-03 
                      1.017620000E+00   3.300000000E-02   1.048500000E+00   1.960000000E-02   1.145910000E+00   4.900000000E-03 
                      1.179670000E+00   6.000000000E-03   1.206250000E+00   2.400000000E-02   1.209170000E+00   1.920000000E-02 
                      1.229350000E+00   1.550000000E-02   1.504430000E+00   6.600000000E-02   1.701960000E+00   4.500000000E-03 
                      1.795924000E+00   7.500000000E-02   1.937300000E+00   1.030000000E-02   2.112795000E+00   8.000000000E-04 
                      2.154200000E+00   1.700000000E-03   2.201940000E+00   4.500000000E-03   2.207800000E+00   3.000000000E-03 
                      2.217540000E+00   9.300000000E-02   2.303390000E+00   5.000000000E-04   2.323570000E+00   2.600000000E-03 
                      2.429230000E+00   3.000000000E-03   2.535550000E+00   8.600000000E-03   2.616483000E+00   1.280000000E-01 
421020   Mo102        3
                      6.481400000E-01   4.800000000E-02   7.841700000E-01   1.100000000E-02   1.008000000E+00   9.410000000E-01 
421030   Mo103        14
                      2.008900000E+00   2.352000000E-02   2.135560000E+00   6.552000000E-02   2.410150000E+00   1.369200000E-01 
                      2.544050000E+00   1.176000000E-01   2.742800000E+00   2.856000000E-02   2.938410000E+00   1.680000000E-01 
                      2.942380000E+00   1.612800000E-01   2.943400000E+00   1.621200000E-02   3.009230000E+00   5.376000000E-02 
                      3.110780000E+00   5.376000000E-02   3.160170000E+00   7.308000000E-02   3.246800000E+00   2.520000000E-02 
                      3.371000000E+00   5.376000000E-02   3.451700000E+00   2.520000000E-02 
421040   Mo104        14
                      1.132500000E+00   8.000000000E-03   1.160600000E+00   5.600000000E-03   1.241500000E+00   5.600000000E-03 
                      1.371100000E+00   3.120000000E-03   1.384900000E+00   2.400000000E-03   1.421200000E+00   2.400000000E-02 
                      1.439400000E+00   2.240000000E-03   1.508000000E+00   4.720000000E-02   1.536100000E+00   1.040000000E-02 
                      1.750900000E+00   4.160000000E-03   1.786100000E+00   7.200000000E-03   1.843100000E+00   8.000000000E-03 
                      1.929200000E+00   1.760000000E-01   1.975200000E+00   6.880000000E-01 
421050   Mo105        32
                      2.183560000E+00   2.000000000E-02   2.755000000E+00   3.800000000E-03   3.059150000E+00   3.500000000E-02 
                      3.130180000E+00   3.300000000E-02   3.473580000E+00   1.400000000E-02   3.534850000E+00   2.000000000E-02 
                      3.777860000E+00   1.250000000E-02   3.906660000E+00   2.800000000E-02   4.009550000E+00   5.000000000E-03 
                      4.058410000E+00   2.000000000E-03   4.069120000E+00   1.120000000E-02   4.081110000E+00   5.800000000E-03 
                      4.139670000E+00   9.000000000E-03   4.339700000E+00   1.400000000E-02   4.386210000E+00   2.000000000E-02 
                      4.391280000E+00   2.100000000E-02   4.419900000E+00   2.800000000E-02   4.426260000E+00   6.500000000E-02 
                      4.458530000E+00   1.200000000E-02   4.486380000E+00   7.600000000E-02   4.509120000E+00   3.200000000E-02 
                      4.604320000E+00   7.000000000E-02   4.627800000E+00   1.800000000E-02   4.646210000E+00   1.000000000E-02 
                      4.671380000E+00   2.300000000E-02   4.700400000E+00   7.000000000E-02   4.713010000E+00   8.000000000E-02 
                      4.800370000E+00   4.000000000E-02   4.802190000E+00   6.800000000E-02   4.864560000E+00   8.800000000E-02 
                      4.873420000E+00   3.500000000E-02   4.950000000E+00   2.000000000E-02 
421100   Mo110        5
                      5.165200000E+00   1.700000000E-01   5.643110000E+00   3.800000000E-01   5.721500000E+00   8.000000000E-02 
                      5.763920000E+00   1.500000000E-01   5.852700000E+00   1.700000000E-01 
430980   Tc98         1
                      3.982300000E-01   1.000000000E+00 
430990   Tc99         2
                      2.040000000E-01   1.600000000E-05   2.935000000E-01   9.999840000E-01 
430991   Tc99m1       3
                      1.134832000E-01   1.100121000E-06   3.462832000E-01   2.600286000E-05   4.358832000E-01   1.000110000E-05 
431000   Tc100        12
                      3.649002000E-01   5.999892000E-05   5.425000000E-01   4.599917000E-05   8.156799000E-01   6.299886000E-04 
                      9.623001000E-01   1.299976000E-05   1.104400000E+00   7.299868000E-05   1.151290000E+00   3.599935000E-03 
                      1.337810000E+00   2.999946000E-04   1.461850000E+00   6.599881000E-04   1.840590000E+00   2.999946000E-04 
                      2.072550000E+00   5.359903000E-02   2.663320000E+00   7.499865000E-03   3.202800000E+00   9.329832000E-01 
431010   Tc101        8
                      6.118400000E-01   8.200000000E-04   6.745300000E-01   8.500000000E-03   6.842800000E-01   2.800000000E-03 
                      7.702100000E-01   1.910000000E-02   8.929800000E-01   1.900000000E-03   1.067940000E+00   6.440000000E-02 
                      1.301650000E+00   1.400000000E-03   1.306170000E+00   9.030000000E-01 
431020   Tc102        9
                      1.623000000E+00   2.300000000E-03   1.856000000E+00   2.300000000E-03   2.563800000E+00   8.700000000E-03 
                      2.695100000E+00   5.100000000E-03   2.951500000E+00   1.170000000E-02   3.429300000E+00   1.600000000E-03 
                      3.588100000E+00   5.000000000E-03   4.056980000E+00   3.500000000E-02   4.532000000E+00   9.290000000E-01 
431021   Tc102m1      12
                      1.561800000E+00   2.810000000E-02   1.658200000E+00   1.040000000E-01   1.757700000E+00   7.600000000E-02 
                      1.852900000E+00   3.480000000E-01   1.870800000E+00   9.100000000E-02   1.957600000E+00   2.700000000E-02 
                      2.130200000E+00   6.400000000E-02   2.150900000E+00   2.450000000E-02   2.353300000E+00   8.500000000E-02 
                      2.773900000E+00   4.860000000E-02   2.969300000E+00   7.100000000E-02   3.466400000E+00   1.700000000E-02 
431030   Tc103        18
                      1.596400000E+00   1.070000000E-02   1.721300000E+00   8.200000000E-03   1.756680000E+00   1.560000000E-02 
                      1.887130000E+00   1.490000000E-02   2.000270000E+00   1.100000000E-02   2.070020000E+00   5.200000000E-03 
                      2.099100000E+00   9.900000000E-02   2.107000000E+00   6.800000000E-04   2.160940000E+00   3.600000000E-02 
                      2.229900000E+00   5.700000000E-04   2.255810000E+00   2.800000000E-02   2.257560000E+00   3.700000000E-03 
                      2.315617000E+00   3.000000000E-01   2.364170000E+00   9.000000000E-04   2.448480000E+00   2.500000000E-02 
                      2.487680000E+00   4.500000000E-03   2.525921000E+00   1.010000000E-01   2.662000000E+00   3.400000000E-01 
431040   Tc104        38
                      1.312300000E+00   5.874000000E-03   1.316300000E+00   4.094000000E-03   1.409900000E+00   8.010000000E-03 
                      1.660500000E+00   5.518000000E-03   1.704600000E+00   5.429000000E-03   1.903300000E+00   8.277000000E-03 
                      1.961800000E+00   7.209000000E-03   1.996100000E+00   9.968000000E-03   1.997200000E+00   6.764000000E-03 
                      2.072700000E+00   2.242800000E-02   2.078400000E+00   4.183000000E-02   2.136700000E+00   1.557500000E-02 
                      2.165600000E+00   5.785000000E-03   2.246200000E+00   4.628000000E-03   2.505000000E+00   1.228200000E-02 
                      2.756600000E+00   1.673200000E-02   2.820000000E+00   1.210400000E-02   2.950000000E+00   1.842300000E-02 
                      2.961000000E+00   1.317200000E-02   2.982700000E+00   2.314000000E-03   3.055700000E+00   3.319700000E-02 
                      3.090100000E+00   4.272000000E-02   3.098100000E+00   2.883600000E-02   3.150200000E+00   1.263800000E-02 
                      3.206300000E+00   9.523000000E-03   3.250800000E+00   1.966900000E-02   3.294900000E+00   1.691000000E-02 
                      3.311000000E+00   4.094000000E-02   3.499200000E+00   1.406200000E-02   3.545200000E+00   8.811000000E-02 
                      3.609600000E+00   3.827000000E-02   3.707600000E+00   2.492000000E-03   4.064600000E+00   2.670000000E-02 
                      4.077400000E+00   3.026000000E-02   4.337600000E+00   5.874000000E-02   4.686900000E+00   8.900000000E-02 
                      4.691500000E+00   5.696000000E-02   5.221980000E+00   1.602000000E-01 
431050   Tc105        26
                      1.236500000E+00   1.900000000E-02   1.313500000E+00   1.800000000E-02   1.484590000E+00   3.100000000E-02 
                      1.796900000E+00   1.200000000E-02   1.807440000E+00   1.130000000E-01   2.314700000E+00   1.400000000E-02 
                      2.736950000E+00   1.770000000E-02   2.753530000E+00   4.000000000E-02   2.815840000E+00   2.100000000E-02 
                      2.834400000E+00   1.180000000E-02   2.855590000E+00   2.300000000E-02   2.883300000E+00   3.100000000E-02 
                      2.996130000E+00   4.200000000E-02   3.057700000E+00   1.100000000E-02   3.062100000E+00   3.200000000E-02 
                      3.149390000E+00   2.500000000E-02   3.173650000E+00   3.500000000E-02   3.198100000E+00   2.600000000E-02 
                      3.318440000E+00   9.000000000E-02   3.367390000E+00   4.800000000E-02   3.393740000E+00   1.200000000E-01 
                      3.410590000E+00   9.000000000E-03   3.476260000E+00   8.000000000E-02   3.480730000E+00   5.100000000E-02 
                      3.532040000E+00   4.000000000E-02   3.640000000E+00   4.500000000E-02 
431060   Tc106        20
                      2.616600000E+00   7.200000000E-03   2.996020000E+00   2.670000000E-02   3.182870000E+00   3.460000000E-02 
                      3.287570000E+00   3.300000000E-02   3.360570000E+00   8.300000000E-02   3.487470000E+00   1.040000000E-01 
                      3.499870000E+00   5.200000000E-02   3.601060000E+00   3.700000000E-02   3.845570000E+00   8.600000000E-02 
                      3.914180000E+00   1.250000000E-02   4.307600000E+00   2.340000000E-01   4.661390000E+00   8.400000000E-03 
                      4.772630000E+00   1.280000000E-02   4.858590000E+00   6.100000000E-03   5.154790000E+00   2.180000000E-02 
                      5.455450000E+00   8.900000000E-03   5.556380000E+00   2.400000000E-02   5.754690000E+00   7.200000000E-02 
                      5.832310000E+00   1.700000000E-03   6.276930000E+00   1.340000000E-01 
431070   Tc107        37
                      2.140330000E+00   1.900000000E-02   2.264090000E+00   6.000000000E-03   2.975240000E+00   9.000000000E-03 
                      3.062680000E+00   3.300000000E-02   3.140470000E+00   5.500000000E-02   3.264820000E+00   3.500000000E-02 
                      3.333770000E+00   1.300000000E-02   3.535870000E+00   8.000000000E-03   3.657520000E+00   7.000000000E-03 
                      3.743790000E+00   1.200000000E-02   3.862920000E+00   4.000000000E-03   3.896820000E+00   1.000000000E-02 
                      3.919790000E+00   7.000000000E-03   3.925970000E+00   8.000000000E-03   3.994070000E+00   1.200000000E-02 
                      4.012780000E+00   2.800000000E-02   4.078590000E+00   1.700000000E-02   4.106570000E+00   6.000000000E-03 
                      4.121730000E+00   2.400000000E-02   4.188080000E+00   1.400000000E-02   4.234070000E+00   1.000000000E-02 
                      4.237540000E+00   1.100000000E-02   4.258660000E+00   3.200000000E-02   4.327550000E+00   1.200000000E-02 
                      4.329060000E+00   1.300000000E-02   4.349120000E+00   3.000000000E-03   4.359130000E+00   1.400000000E-02 
                      4.391550000E+00   2.000000000E-03   4.459720000E+00   2.000000000E-02   4.497450000E+00   3.300000000E-02 
                      4.528550000E+00   3.600000000E-02   4.620290000E+00   1.300000000E-02   4.642996000E+00   3.900000000E-02 
                      4.677900000E+00   8.400000000E-02   4.713701000E+00   2.800000000E-02   4.717317000E+00   1.200000000E-01 
                      4.820000000E+00   2.200000000E-01 
441030   Ru103        7
                      1.116020000E-01   1.100000000E-03   1.133070000E-01   6.500000000E-02   1.559860000E-01   3.100000000E-05 
                      2.265620000E-01   9.200000000E-01   4.059920000E-01   8.300000000E-05   4.684360000E-01   2.800000000E-03 
                      7.634000000E-01   8.700000000E-03 
441050   Ru105        24
                      8.940002000E-02   8.000000000E-06   1.092600000E-01   5.400000000E-05   1.536000000E-01   1.900000000E-06 
                      1.976800000E-01   8.000000000E-04   2.105900000E-01   8.500000000E-05   2.205700000E-01   1.080000000E-03 
                      4.321899000E-01   3.500000000E-03   4.776700000E-01   2.000000000E-04   5.419399000E-01   1.630000000E-02 
                      5.737300000E-01   3.520000000E-02   5.976400000E-01   6.100000000E-03   6.027200000E-01   2.800000000E-04 
                      9.495500000E-01   3.980000000E-02   1.076390000E+00   2.800000000E-04   1.113060000E+00   1.880000000E-01 
                      1.133070000E+00   1.690000000E-01   1.156890000E+00   1.990000000E-03   1.194670000E+00   4.780000000E-01 
                      1.419690000E+00   5.000000000E-03   1.449620000E+00   2.100000000E-02   1.463390000E+00   1.000000000E-03 
                      1.526350000E+00   5.000000000E-03   1.789219000E+00   2.600000000E-02   1.919000000E+00   1.000000000E-04 
441060   Ru106        1
                      3.940000000E-02   1.000000000E+00 
441070   Ru107        35
                      4.300000000E-01   9.100000000E-04   6.089199000E-01   2.200000000E-03   6.366001000E-01   2.600000000E-03 
                      6.903201000E-01   4.700000000E-03   7.323201000E-01   1.250000000E-03   7.620200000E-01   1.360000000E-03 
                      8.245801000E-01   1.900000000E-03   8.858001000E-01   7.000000000E-03   9.194900000E-01   2.200000000E-03 
                      1.076900000E+00   8.800000000E-03   1.300930000E+00   7.500000000E-03   1.553640000E+00   3.000000000E-04 
                      1.633570000E+00   4.000000000E-02   1.667800000E+00   7.100000000E-02   1.898050000E+00   1.130000000E-01 
                      1.930240000E+00   4.500000000E-04   1.965560000E+00   7.400000000E-04   1.986520000E+00   4.500000000E-04 
                      1.991880000E+00   4.500000000E-04   2.028010000E+00   2.400000000E-03   2.062250000E+00   1.500000000E-03 
                      2.187450000E+00   9.700000000E-04   2.256900000E+00   1.800000000E-02   2.260000000E+00   6.200000000E-04 
                      2.351080000E+00   2.900000000E-03   2.371100000E+00   2.000000000E-03   2.380030000E+00   1.200000000E-03 
                      2.396160000E+00   1.700000000E-03   2.454340000E+00   2.300000000E-03   2.477390000E+00   3.000000000E-03 
                      2.534200000E+00   5.800000000E-03   2.565720000E+00   5.000000000E-03   2.671640000E+00   2.000000000E-03 
                      2.745950000E+00   1.000000000E-02   2.940000000E+00   6.800000000E-01 
441080   Ru108        2
                      1.209050000E+00   4.600000000E-01   1.374000000E+00   5.400000000E-01 
441090   Ru109        53
                      1.889900000E+00   1.400000000E-03   1.912900000E+00   1.200000000E-02   1.921900000E+00   7.000000000E-03 
                      1.950400000E+00   5.700000000E-03   1.951500000E+00   1.000000000E-02   1.966200000E+00   1.100000000E-02 
                      1.969400000E+00   2.600000000E-02   1.975200000E+00   2.500000000E-02   1.977100000E+00   8.000000000E-03 
                      2.042900000E+00   1.600000000E-02   2.061400000E+00   1.700000000E-02   2.066000000E+00   1.100000000E-01 
                      2.114400000E+00   7.000000000E-03   2.144400000E+00   1.600000000E-02   2.188100000E+00   2.600000000E-02 
                      2.196500000E+00   1.100000000E-01   2.230900000E+00   2.300000000E-01   2.521900000E+00   6.000000000E-04 
                      2.583600000E+00   2.400000000E-02   2.648400000E+00   1.000000000E-01   2.747300000E+00   1.000000000E-04 
                      2.849200000E+00   3.000000000E-03   2.876100000E+00   1.600000000E-02   2.930500000E+00   6.700000000E-03 
                      2.945700000E+00   9.000000000E-04   2.982900000E+00   2.200000000E-03   2.997700000E+00   1.000000000E-03 
                      3.063700000E+00   2.000000000E-03   3.106700000E+00   3.800000000E-02   3.108700000E+00   3.000000000E-03 
                      3.133500000E+00   6.300000000E-02   3.148300000E+00   8.000000000E-03   3.179200000E+00   3.000000000E-03 
                      3.186600000E+00   2.000000000E-03   3.233100000E+00   6.000000000E-03   3.269700000E+00   5.000000000E-05 
                      3.299000000E+00   4.000000000E-04   3.303900000E+00   3.000000000E-03   3.419090000E+00   3.000000000E-03 
                      3.488060000E+00   1.100000000E-02   3.518000000E+00   4.000000000E-04   3.536770000E+00   5.000000000E-04 
                      3.591800000E+00   4.000000000E-04   3.629300000E+00   4.000000000E-04   3.681590000E+00   9.000000000E-03 
                      3.733150000E+00   1.400000000E-02   3.750180000E+00   9.000000000E-03   3.785900000E+00   5.000000000E-05 
                      3.801210000E+00   7.000000000E-03   3.902220000E+00   3.000000000E-03   3.934020000E+00   6.000000000E-03 
                      3.953710000E+00   3.350000000E-03   4.160000000E+00   2.200000000E-02 
441100   Ru110        7
                      2.142900000E+00   5.900000000E-03   2.558400000E+00   3.000000000E-03   2.581740000E+00   5.200000000E-03 
                      2.609600000E+00   3.200000000E-03   2.643850000E+00   1.500000000E-02   2.697810000E+00   2.700000000E-01 
                      2.811000000E+00   7.000000000E-01 
441130   Ru113        22
                      3.804700000E+00   2.670000000E-03   3.856400000E+00   1.513000000E-02   3.954400000E+00   3.916000000E-02 
                      4.182600000E+00   2.136000000E-02   4.192600000E+00   4.539000000E-02   4.258600000E+00   6.764000000E-02 
                      4.288800000E+00   1.326100000E-01   4.358100000E+00   6.764000000E-02   4.514000000E+00   1.157000000E-02 
                      4.535000000E+00   1.513000000E-02   4.571100000E+00   2.314000000E-02   4.768400000E+00   7.120000000E-03 
                      4.994800000E+00   9.790000000E-03   5.016100000E+00   1.068000000E-02   5.419100000E+00   5.785000000E-02 
                      5.445900000E+00   1.602000000E-02   5.471100000E+00   5.518000000E-02   5.502000000E+00   6.942000000E-02 
                      5.512000000E+00   1.780000000E-02   5.656600000E+00   1.869000000E-02   5.879300000E+00   1.121400000E-01 
                      6.216820000E+00   1.824500000E-01 
451020   Rh102        2
                      5.934000000E-01   1.980000000E-02   1.150000000E+00   2.002000000E-01 
451040   Rh104        6
                      6.461701000E-01   9.955000000E-05   6.471400000E-01   7.466250000E-04   1.098320000E+00   2.986500000E-06 
                      1.106410000E+00   6.570300000E-05   1.884190000E+00   1.891450000E-02   2.440000000E+00   9.755900000E-01 
451041   Rh104m1      4
                      3.036577000E-01   1.299999000E-04   3.873877000E-01   1.799998000E-04   4.865879000E-01   3.999996000E-04 
                      1.245378000E+00   6.199994000E-04 
451050   Rh105        5
                      1.246820000E-01   4.040000000E-04   2.478670000E-01   1.950000000E-01   2.607890000E-01   5.370000000E-02 
                      2.865780000E-01   2.000000000E-04   5.671000000E-01   7.510000000E-01 
451060   Rh106        30
                      2.245000000E-01   9.500000000E-06   2.930000000E-01   2.500000000E-06   3.236101000E-01   4.200000000E-05 
                      3.816999000E-01   6.600000000E-06   4.616001000E-01   2.900000000E-05   4.901201000E-01   1.020000000E-04 
                      5.076599000E-01   2.700000000E-05   5.763101000E-01   2.900000000E-06   6.271599000E-01   1.900000000E-04 
                      6.425100000E-01   8.000000000E-05   6.670701000E-01   2.710000000E-04   7.167099000E-01   7.500000000E-05 
                      7.240200000E-01   8.700000000E-05   7.612099000E-01   1.400000000E-05   8.396999000E-01   8.800000000E-05 
                      9.205901000E-01   9.000000000E-04   1.044700000E+00   2.920000000E-04   1.060340000E+00   1.100000000E-05 
                      1.105930000E+00   2.200000000E-04   1.236230000E+00   4.400000000E-04   1.266860000E+00   4.800000000E-04 
                      1.302520000E+00   3.910000000E-04   1.543470000E+00   4.600000000E-03   1.635530000E+00   2.700000000E-05 
                      1.838590000E+00   6.670000000E-04   1.982740000E+00   1.770000000E-02   2.411250000E+00   1.000000000E-01 
                      2.416960000E+00   6.400000000E-03   3.033138000E+00   8.100000000E-02   3.545000000E+00   7.860000000E-01 
451061   Rh106m1      8
                      7.248201000E-01   1.450000000E-01   9.200601000E-01   8.500000000E-01   1.311500000E+00   2.200000000E-02 
                      1.326020000E+00   1.850000000E-02   1.371220000E+00   1.700000000E-02   1.592930000E+00   6.000000000E-03 
                      1.601210000E+00   1.650000000E-02   1.745310000E+00   1.450000000E-02 
451070   Rh107        8
                      3.550000000E-01   8.000000000E-04   4.019000000E-01   2.300000000E-03   8.339300000E-01   9.000000000E-02 
                      9.363500000E-01   1.800000000E-02   1.111540000E+00   7.000000000E-02   1.191760000E+00   4.200000000E-02 
                      1.201240000E+00   6.400000000E-01   1.504000000E+00   1.300000000E-01 
451080   Rh108        4
                      3.497000000E+00   1.500000000E-01   3.618600000E+00   6.300000000E-02   4.115900000E+00   2.300000000E-01 
                      4.550000000E+00   5.600000000E-01 
451090   Rh109        9
                      1.275000000E+00   2.200000000E-03   1.995900000E+00   1.600000000E-03   2.052430000E+00   9.400000000E-02 
                      2.101500000E+00   2.200000000E-02   2.166880000E+00   8.300000000E-02   2.266190000E+00   6.600000000E-01 
                      2.316730000E+00   9.000000000E-03   2.347970000E+00   2.800000000E-03   2.593000000E+00   1.600000000E-01 
451100   Rh110        6
                      4.290600000E+00   1.300000000E-02   4.334400000E+00   4.000000000E-02   4.558500000E+00   1.000000000E-02 
                      4.691370000E+00   4.000000000E-02   5.131120000E+00   4.000000000E-01   5.505000000E+00   4.300000000E-01 
451101   Rh110m1      5
                      2.699220000E+00   5.700000000E-01   2.713400000E+00   2.780000000E-01   3.057300000E+00   9.700000000E-02 
                      4.105460000E+00   2.400000000E-02   4.583880000E+00   4.000000000E-02 
451110   Rh111        6
                      2.608800000E+00   7.700000000E-03   2.910000000E+00   4.400000000E-02   3.423600000E+00   8.305000000E-01 
                      3.503900000E+00   4.290000000E-02   3.507700000E+00   2.420000000E-02   3.626800000E+00   2.530000000E-02 
451121   Rh112m1      9
                      4.164300000E+00   6.250000000E-01   4.916000000E+00   8.000000000E-03   5.160300000E+00   2.400000000E-02 
                      5.203700000E+00   4.000000000E-02   5.368700000E+00   3.700000000E-02   5.496600000E+00   5.300000000E-02 
                      5.556800000E+00   5.200000000E-02   5.823200000E+00   8.000000000E-02   6.036500000E+00   8.000000000E-02 
451161   Rh116m1      22
                      6.501050000E+00   4.300000000E-02   6.557500000E+00   6.000000000E-03   6.651990000E+00   2.600000000E-02 
                      6.715700000E+00   7.000000000E-03   6.752800000E+00   1.200000000E-02   6.766750000E+00   4.200000000E-02 
                      6.878400000E+00   1.100000000E-02   6.921480000E+00   2.680000000E-01   6.934560000E+00   1.090000000E-01 
                      6.937280000E+00   1.700000000E-02   7.026600000E+00   1.000000000E-02   7.036900000E+00   1.900000000E-02 
                      7.054440000E+00   4.500000000E-02   7.094360000E+00   8.600000000E-02   7.269000000E+00   1.100000000E-02 
                      7.387610000E+00   6.500000000E-02   7.560120000E+00   9.000000000E-03   7.651790000E+00   3.600000000E-02 
                      7.675130000E+00   4.800000000E-02   7.811020000E+00   4.000000000E-03   7.996990000E+00   3.900000000E-02 
                      8.492420000E+00   7.000000000E-02 
461070   Pd107        1
                      3.500000000E-02   1.000000000E+00 
461090   Pd109        11
                      1.690002000E-02   2.300000000E-06   2.049000000E-01   1.700000000E-05   2.464000000E-01   1.800000000E-04 
                      2.532000000E-01   1.600000000E-05   3.806000000E-01   3.200000000E-04   3.915000000E-01   2.100000000E-04 
                      4.089000000E-01   1.800000000E-05   4.140000000E-01   4.200000000E-05   7.006001000E-01   5.700000000E-05 
                      8.045000000E-01   2.000000000E-04   1.027860000E+00   9.990000000E-01 
461110   Pd111        22
                      5.121999000E-01   6.000000000E-04   5.426999000E-01   2.100000000E-04   5.951000000E-01   1.300000000E-04 
                      6.145000000E-01   2.900000000E-04   6.981999000E-01   1.400000000E-02   1.006560000E+00   1.000000000E-03 
                      1.036710000E+00   1.700000000E-03   1.046700000E+00   3.400000000E-04   1.097700000E+00   1.000000000E-03 
                      1.130530000E+00   1.600000000E-03   1.131400000E+00   7.000000000E-04   1.154800000E+00   1.600000000E-03 
                      1.340900000E+00   2.200000000E-04   1.407960000E+00   1.800000000E-04   1.506720000E+00   1.360000000E-02 
                      1.610070000E+00   3.900000000E-03   1.648200000E+00   1.000000000E-03   1.648500000E+00   5.000000000E-04 
                      1.671160000E+00   8.000000000E-04   1.825800000E+00   2.700000000E-04   1.840340000E+00   1.800000000E-03 
                      2.157130000E+00   9.530000000E-01 
461111   Pd111m1      17
                      2.880998000E-01   8.640000000E-03   3.021999000E-01   1.890000000E-03   3.198999000E-01   3.240000000E-03 
                      4.013300000E-01   1.620000000E-02   4.247999000E-01   3.780000000E-03   4.834199000E-01   1.296000000E-02 
                      5.677200000E-01   5.940000000E-02   6.075499000E-01   1.269000000E-02   6.832799000E-01   8.370000000E-03 
                      8.397300000E-01   1.890000000E-02   8.467999000E-01   2.700000000E-03   1.229380000E+00   1.890000000E-03 
                      1.430200000E+00   1.620000000E-02   1.564720000E+00   1.323000000E-02   1.678900000E+00   2.160000000E-02 
                      1.843510000E+00   1.080000000E-02   2.258900000E+00   4.320000000E-02 
461120   Pd112        1
                      2.415000000E-01   1.000000000E+00 
461130   Pd113        10
                      2.556840000E+00   7.200000000E-02   2.558210000E+00   4.600000000E-03   2.666650000E+00   3.600000000E-03 
                      2.732940000E+00   4.100000000E-03   2.863300000E+00   5.900000000E-03   2.970200000E+00   9.000000000E-03 
                      2.973160000E+00   8.400000000E-03   3.117920000E+00   1.140000000E-02   3.200700000E+00   1.890000000E-02 
                      3.296470000E+00   8.600000000E-01 
461140   Pd114        4
                      1.088500000E+00   7.500000000E-02   1.310300000E+00   2.500000000E-03   1.320300000E+00   4.000000000E-03 
                      1.447000000E+00   9.200000000E-01 
461160   Pd116        3
                      2.102000000E+00   1.000000000E-02   2.216100000E+00   2.100000000E-01   2.495300000E+00   7.900000000E-01 
461180   Pd118        7
                      3.379580000E+00   1.580000000E-01   3.458180000E+00   1.170000000E-01   3.536760000E+00   9.500000000E-03 
                      3.624920000E+00   4.400000000E-01   3.703550000E+00   2.180000000E-01   4.004390000E+00   4.000000000E-02 
                      4.100000000E+00   1.000000000E-02 
471080   Ag108        2
                      1.017020000E+00   1.761135000E-02   1.650000000E+00   9.546153000E-01 
471100   Ag110        11
                      2.302000000E-01   6.281100000E-05   5.603599000E-01   7.178400000E-05   6.047600000E-01   2.193400000E-05 
                      8.132700000E-01   2.193400000E-05   8.135501000E-01   7.577200000E-05   1.108850000E+00   1.206370000E-04 
                      1.160670000E+00   8.973000000E-06   1.416460000E+00   9.870300000E-05   1.419170000E+00   3.808540000E-04 
                      2.234680000E+00   4.406740000E-02   2.892200000E+00   9.491440000E-01 
471101   Ag110m1      10
                      8.304468000E-02   6.699419000E-01   1.330100000E-01   3.902188000E-03   1.672310000E-01   2.488640000E-04 
                      3.498501000E-01   3.085914000E-04   4.701660000E-01   6.570010000E-04   5.298569000E-01   3.016232000E-01 
                      7.220200000E-01   3.683187000E-05   7.592300000E-01   6.271373000E-04   7.897229000E-01   2.389094000E-03 
                      9.310300000E-01   2.488640000E-04 
471110   Ag111        7
                      1.701000000E-01   1.300000000E-04   1.720001000E-01   9.000000000E-05   2.821000000E-01   4.000000000E-05 
                      4.166000000E-01   2.200000000E-04   6.946701000E-01   7.100000000E-02   7.913801000E-01   1.000000000E-02 
                      1.036800000E+00   9.200000000E-01 
471111   Ag111m1      4
                      3.439600000E-01   1.400028000E-03   4.765100000E-01   1.600032000E-03   6.799900000E-01   1.200024000E-03 
                      8.512700000E-01   2.900058000E-03 
471120   Ag112        27
                      5.628999000E-01   4.300000000E-05   5.856001000E-01   9.400000000E-03   6.526999000E-01   2.700000000E-03 
                      7.866999000E-01   1.910000000E-03   8.249800000E-01   2.700000000E-03   8.880000000E-01   3.000000000E-04 
                      9.940000000E-01   2.600000000E-04   1.089180000E+00   4.600000000E-03   1.126680000E+00   8.500000000E-03 
                      1.190300000E+00   9.800000000E-04   1.232310000E+00   2.700000000E-02   1.281900000E+00   5.800000000E-03 
                      1.287030000E+00   6.200000000E-03   1.449350000E+00   1.510000000E-02   1.539900000E+00   1.470000000E-02 
                      1.724820000E+00   3.100000000E-02   1.799580000E+00   6.300000000E-03   1.891800000E+00   7.200000000E-04 
                      1.950760000E+00   5.700000000E-02   2.085000000E+00   4.300000000E-02   2.487210000E+00   1.320000000E-02 
                      2.522810000E+00   1.570000000E-03   2.540450000E+00   2.700000000E-03   2.643590000E+00   1.910000000E-02 
                      2.731780000E+00   2.800000000E-02   3.338430000E+00   2.050000000E-01   3.956000000E+00   5.400000000E-01 
471130   Ag113        12
                      5.367099000E-01   1.200000000E-03   8.213399000E-01   2.100000000E-02   8.899101000E-01   8.600000000E-04 
                      9.661000000E-01   6.500000000E-04   1.027560000E+00   4.500000000E-03   1.132400000E+00   2.900000000E-03 
                      1.307420000E+00   2.000000000E-04   1.335420000E+00   1.000000000E-02   1.431940000E+00   1.300000000E-03 
                      1.699820000E+00   1.700000000E-02   1.717470000E+00   9.400000000E-02   2.016000000E+00   8.500000000E-01 
471131   Ag113m1      7
                      8.638999000E-01   9.000000000E-03   1.011800000E+00   7.920000000E-03   1.052100000E+00   1.782000000E-02 
                      1.350860000E+00   1.602000000E-01   1.475330000E+00   4.320000000E-02   1.600900000E+00   1.080000000E-02 
                      1.743110000E+00   1.044000000E-01 
471140   Ag114        26
                      1.574850000E+00   2.900000000E-03   1.630900000E+00   1.000000000E-03   1.725200000E+00   1.000000000E-03 
                      1.760300000E+00   6.000000000E-04   1.808730000E+00   6.000000000E-03   1.862800000E+00   8.000000000E-04 
                      1.909160000E+00   2.900000000E-03   2.023270000E+00   2.100000000E-03   2.123600000E+00   9.000000000E-04 
                      2.275650000E+00   6.000000000E-04   2.373300000E+00   6.000000000E-04   2.414400000E+00   1.000000000E-03 
                      2.438200000E+00   1.000000000E-03   2.522170000E+00   1.400000000E-02   2.620140000E+00   5.000000000E-04 
                      2.857140000E+00   7.500000000E-03   3.027890000E+00   7.000000000E-04   3.216230000E+00   1.400000000E-02 
                      3.234050000E+00   1.400000000E-03   3.711730000E+00   3.500000000E-03   3.770310000E+00   2.000000000E-04 
                      3.792230000E+00   5.000000000E-04   3.866270000E+00   1.000000000E-02   3.941510000E+00   1.700000000E-02 
                      4.517530000E+00   1.300000000E-01   5.076000000E+00   7.800000000E-01 
471150   Ag115        28
                      1.977000000E-01   5.000000000E-04   4.236499000E-01   1.000000000E-03   4.446001000E-01   1.000000000E-03 
                      5.348999000E-01   1.500000000E-03   5.771001000E-01   1.000000000E-03   6.098999000E-01   1.500000000E-03 
                      6.174399000E-01   5.000000000E-03   7.205401000E-01   7.000000000E-03   7.895501000E-01   2.300000000E-02 
                      9.201001000E-01   3.000000000E-03   9.480000000E-01   7.400000000E-02   9.907099000E-01   3.200000000E-02 
                      1.026400000E+00   1.000000000E-03   1.362000000E+00   1.000000000E-03   1.745700000E+00   2.000000000E-03 
                      1.786800000E+00   2.000000000E-03   1.879400000E+00   2.000000000E-03   1.977800000E+00   2.000000000E-03 
                      2.012010000E+00   4.500000000E-02   2.141320000E+00   3.000000000E-03   2.327310000E+00   4.000000000E-03 
                      2.354560000E+00   3.000000000E-03   2.454880000E+00   1.200000000E-02   2.596730000E+00   4.000000000E-03 
                      2.631300000E+00   1.100000000E-02   2.743470000E+00   2.300000000E-02   2.874960000E+00   1.250000000E-01 
                      3.104000000E+00   6.000000000E-01 
471151   Ag115m1      4
                      2.395600000E+00   3.555000000E-01   2.671100000E+00   7.584000000E-02   2.784450000E+00   2.054000000E-01 
                      2.915980000E+00   1.580000000E-01 
471160   Ag116        105
                      1.207100000E+00   6.000000000E-04   1.222400000E+00   4.000000000E-04   1.251400000E+00   3.000000000E-04 
                      1.259400000E+00   1.500000000E-04   1.347110000E+00   5.000000000E-04   1.388810000E+00   2.400000000E-04 
                      1.403000000E+00   1.600000000E-04   1.420750000E+00   1.100000000E-03   1.478350000E+00   1.000000000E-03 
                      1.486700000E+00   2.600000000E-03   1.523050000E+00   1.200000000E-03   1.528600000E+00   2.600000000E-04 
                      1.533290000E+00   1.400000000E-03   1.544000000E+00   2.000000000E-04   1.561140000E+00   7.000000000E-03 
                      1.585200000E+00   7.000000000E-04   1.602090000E+00   2.900000000E-03   1.613940000E+00   1.700000000E-03 
                      1.636800000E+00   2.000000000E-04   1.700050000E+00   1.500000000E-03   1.726500000E+00   2.100000000E-04 
                      1.743930000E+00   6.000000000E-04   1.747710000E+00   7.000000000E-04   1.797530000E+00   8.000000000E-04 
                      1.885810000E+00   2.000000000E-04   1.929000000E+00   1.500000000E-03   1.944520000E+00   2.700000000E-04 
                      1.998800000E+00   3.000000000E-04   2.040140000E+00   1.300000000E-03   2.092370000E+00   3.500000000E-03 
                      2.095700000E+00   3.000000000E-03   2.118120000E+00   2.000000000E-04   2.153030000E+00   6.000000000E-04 
                      2.166300000E+00   5.000000000E-04   2.191300000E+00   1.300000000E-03   2.232930000E+00   3.000000000E-04 
                      2.250900000E+00   3.000000000E-04   2.298130000E+00   3.000000000E-04   2.325300000E+00   9.000000000E-04 
                      2.334400000E+00   1.000000000E-03   2.336660000E+00   1.600000000E-03   2.370030000E+00   3.000000000E-04 
                      2.380800000E+00   3.000000000E-04   2.381560000E+00   3.700000000E-03   2.417280000E+00   1.400000000E-03 
                      2.428750000E+00   1.700000000E-03   2.430040000E+00   2.200000000E-03   2.443650000E+00   2.000000000E-03 
                      2.467610000E+00   2.500000000E-03   2.494140000E+00   3.000000000E-04   2.501250000E+00   1.300000000E-03 
                      2.574640000E+00   1.500000000E-03   2.580500000E+00   5.000000000E-04   2.615150000E+00   7.000000000E-04 
                      2.633080000E+00   3.500000000E-03   2.644440000E+00   4.000000000E-04   2.648010000E+00   1.900000000E-03 
                      2.664140000E+00   5.000000000E-04   2.703000000E+00   3.800000000E-02   2.704600000E+00   5.700000000E-03 
                      2.740260000E+00   2.100000000E-03   2.741590000E+00   1.100000000E-02   2.796600000E+00   2.000000000E-04 
                      2.797770000E+00   8.000000000E-03   2.827440000E+00   4.600000000E-02   2.836050000E+00   6.000000000E-04 
                      2.868800000E+00   2.500000000E-03   2.888760000E+00   8.000000000E-04   2.900200000E+00   1.700000000E-03 
                      2.925350000E+00   7.000000000E-04   2.957490000E+00   1.500000000E-03   2.958530000E+00   3.500000000E-03 
                      2.959260000E+00   4.500000000E-02   2.962920000E+00   1.300000000E-02   3.000360000E+00   2.900000000E-02 
                      3.038360000E+00   2.600000000E-03   3.056880000E+00   1.600000000E-02   3.073300000E+00   2.000000000E-03 
                      3.107060000E+00   2.500000000E-03   3.160810000E+00   1.500000000E-02   3.174560000E+00   1.300000000E-02 
                      3.197720000E+00   1.300000000E-03   3.313360000E+00   3.000000000E-03   3.330290000E+00   1.300000000E-03 
                      3.331900000E+00   1.300000000E-02   3.346940000E+00   1.300000000E-02   3.373230000E+00   1.200000000E-02 
                      3.391890000E+00   3.000000000E-03   3.415690000E+00   1.000000000E-02   3.455670000E+00   7.000000000E-03 
                      3.522480000E+00   5.000000000E-03   3.657650000E+00   4.600000000E-02   3.697780000E+00   4.100000000E-02 
                      3.740680000E+00   4.000000000E-03   3.783960000E+00   4.000000000E-03   3.881030000E+00   7.000000000E-03 
                      4.057580000E+00   9.000000000E-03   4.224600000E+00   1.300000000E-02   4.247390000E+00   3.700000000E-03 
                      4.533350000E+00   1.400000000E-02   4.795640000E+00   7.000000000E-03   4.893400000E+00   1.900000000E-03 
                      4.962910000E+00   2.600000000E-02   5.662500000E+00   4.000000000E-02   6.176000000E+00   3.900000000E-01 
471161   Ag116m1      21
                      2.867000000E+00   2.099475000E-01   2.917720000E+00   8.497875000E-02   2.918700000E+00   2.999250000E-02 
                      2.927490000E+00   1.999500000E-01   2.993840000E+00   3.499125000E-02   3.097200000E+00   1.599600000E-02 
                      3.306490000E+00   5.998500000E-03   3.377900000E+00   5.198700000E-02   3.399480000E+00   1.049737000E-01 
                      3.437700000E+00   9.997500000E-03   3.703520000E+00   2.199450000E-02   3.728210000E+00   3.999000000E-03 
                      3.829760000E+00   1.799550000E-02   3.844590000E+00   2.799300000E-02   3.881790000E+00   1.299675000E-02 
                      3.918920000E+00   3.599100000E-03   4.270490000E+00   2.099475000E-02   4.300220000E+00   4.798800000E-02 
                      4.305910000E+00   5.198700000E-02   4.352120000E+00   2.599350000E-02   4.579300000E+00   1.099725000E-02 
471162   Ag116m2      28
                      2.637780000E+00   5.888000000E-03   2.670100000E+00   2.208000000E-03   2.753050000E+00   1.104000000E-02 
                      2.816580000E+00   4.784000000E-03   2.914800000E+00   2.208000000E-03   2.929500000E+00   4.048000000E-03 
                      2.930800000E+00   2.576000000E-03   2.942690000E+00   4.048000000E-02   3.089100000E+00   4.140000000E-02 
                      3.090080000E+00   3.680000000E-03   3.140280000E+00   2.208000000E-03   3.172440000E+00   3.312000000E-03 
                      3.214800000E+00   8.188000000E-02   3.289250000E+00   5.888000000E-02   3.344170000E+00   2.300000000E-01 
                      3.425060000E+00   3.588000000E-02   3.437100000E+00   6.532000000E-03   3.473890000E+00   9.200000000E-03 
                      3.603500000E+00   7.360000000E-03   3.609570000E+00   8.280000000E-02   3.611640000E+00   2.116000000E-02 
                      3.737800000E+00   1.288000000E-03   3.798760000E+00   5.888000000E-02   3.809090000E+00   1.472000000E-03 
                      3.999800000E+00   7.360000000E-03   4.053690000E+00   1.196000000E-01   4.260510000E+00   1.297200000E-02 
                      4.432980000E+00   3.864000000E-02 
471170   Ag117        28
                      1.207600000E+00   1.100000000E-02   1.239200000E+00   1.000000000E-02   1.351700000E+00   2.600000000E-02 
                      1.598800000E+00   1.900000000E-02   1.685500000E+00   9.000000000E-03   1.725900000E+00   2.000000000E-02 
                      1.857400000E+00   4.500000000E-02   1.885400000E+00   1.100000000E-02   1.938370000E+00   3.400000000E-02 
                      2.047940000E+00   9.600000000E-02   2.226810000E+00   5.400000000E-02   2.244580000E+00   6.200000000E-02 
                      2.455800000E+00   9.000000000E-03   2.630990000E+00   4.300000000E-02   2.884070000E+00   1.100000000E-02 
                      2.887700000E+00   1.000000000E-03   3.166780000E+00   2.300000000E-02   3.419720000E+00   7.000000000E-03 
                      3.549200000E+00   3.500000000E-03   3.574800000E+00   2.400000000E-02   3.717810000E+00   1.100000000E-02 
                      3.797360000E+00   4.000000000E-03   3.813800000E+00   6.900000000E-02   3.902280000E+00   2.800000000E-02 
                      3.946480000E+00   9.500000000E-03   3.961460000E+00   5.500000000E-03   4.104590000E+00   1.500000000E-01 
                      4.240000000E+00   2.000000000E-01 
471171   Ag117m1      9
                      2.910740000E+00   1.184400000E-02   2.989720000E+00   3.703600000E-02   3.186760000E+00   4.728200000E-02 
                      3.403320000E+00   2.838800000E-02   3.446530000E+00   3.149000000E-01   3.575700000E+00   7.050000000E-03 
                      3.601420000E+00   1.034000000E-02   3.744520000E+00   2.209000000E-01   3.988250000E+00   1.654400000E-02 
471181   Ag118m1      26
                      3.796440000E+00   2.900145000E-03   3.813640000E+00   1.700085000E-03   3.819340000E+00   6.900345000E-03 
                      3.932740000E+00   6.300315000E-03   3.951140000E+00   1.800090000E-02   3.989310000E+00   8.000400000E-02 
                      4.013950000E+00   5.300265000E-02   4.019770000E+00   2.200110000E-02   4.042690000E+00   8.000400000E-03 
                      4.247880000E+00   1.500075000E-01   4.300940000E+00   6.900345000E-03   4.325320000E+00   3.000150000E-02 
                      4.356440000E+00   6.300315000E-03   4.457380000E+00   5.200260000E-03   4.523730000E+00   2.500125000E-02 
                      4.533710000E+00   6.300315000E-03   4.617730000E+00   6.300315000E-03   4.626680000E+00   5.700285000E-03 
                      4.639110000E+00   1.100055000E-02   4.658810000E+00   7.400370000E-03   4.807920000E+00   1.600080000E-02 
                      4.957390000E+00   5.000250000E-03   5.188180000E+00   1.300065000E-02   5.256740000E+00   1.700085000E-03 
                      5.343850000E+00   1.800090000E-02   5.350620000E+00   1.300065000E-02 
471190   Ag119        23
                      2.467600000E+00   7.000000000E-03   2.516490000E+00   3.400000000E-02   2.653480000E+00   1.300000000E-02 
                      2.887470000E+00   1.400000000E-02   2.905820000E+00   1.100000000E-02   3.241820000E+00   7.800000000E-02 
                      3.404490000E+00   6.700000000E-02   3.791180000E+00   1.500000000E-02   3.928240000E+00   1.050000000E-01 
                      4.051200000E+00   5.400000000E-02   4.199200000E+00   1.200000000E-02   4.243270000E+00   1.800000000E-02 
                      4.276350000E+00   3.800000000E-01   4.405760000E+00   1.600000000E-02   4.463520000E+00   1.000000000E-02 
                      4.523890000E+00   7.000000000E-02   4.674510000E+00   3.500000000E-02   4.759120000E+00   1.300000000E-02 
                      4.804960000E+00   5.000000000E-03   4.902730000E+00   1.000000000E-02   4.930870000E+00   1.500000000E-02 
                      5.101740000E+00   1.500000000E-02   5.116100000E+00   4.000000000E-02 
471201   Ag120m1      14
                      4.735720000E+00   6.903036000E-02   5.588410000E+00   4.902156000E-03   5.623410000E+00   3.101364000E-03 
                      5.720750000E+00   1.170514000E-02   5.729510000E+00   1.670734000E-02   5.822830000E+00   1.040457000E-01 
                      5.831410000E+00   1.360598000E-02   5.965980000E+00   2.841249000E-02   5.984480000E+00   4.902156000E-02 
                      6.019580000E+00   7.903476000E-02   6.166490000E+00   5.402376000E-02   6.300480000E+00   4.602024000E-02 
                      6.380070000E+00   1.100484000E-01   6.476170000E+00   3.501540000E-02 
471210   Ag121        51
                      3.601800000E+00   2.600000000E-03   3.634800000E+00   1.600000000E-03   3.703200000E+00   1.900000000E-03 
                      3.768700000E+00   1.750000000E-02   3.777330000E+00   9.600000000E-03   3.824750000E+00   1.120000000E-02 
                      3.852050000E+00   1.410000000E-02   3.932500000E+00   1.100000000E-03   3.973800000E+00   4.000000000E-03 
                      4.131680000E+00   2.780000000E-02   4.206200000E+00   1.600000000E-03   4.233700000E+00   4.800000000E-03 
                      4.244800000E+00   3.200000000E-03   4.322100000E+00   1.900000000E-03   4.484340000E+00   1.060000000E-02 
                      4.487300000E+00   3.200000000E-03   4.515980000E+00   6.700000000E-03   4.549100000E+00   4.200000000E-03 
                      4.661220000E+00   5.500000000E-03   4.724500000E+00   2.900000000E-03   4.741740000E+00   5.800000000E-03 
                      4.808700000E+00   2.200000000E-03   4.826400000E+00   3.200000000E-03   4.837970000E+00   2.690000000E-02 
                      4.964440000E+00   3.360000000E-02   5.032410000E+00   2.200000000E-03   5.133660000E+00   5.100000000E-03 
                      5.139550000E+00   1.960000000E-01   5.249300000E+00   2.900000000E-03   5.308870000E+00   5.400000000E-03 
                      5.400680000E+00   1.060000000E-02   5.406420000E+00   2.600000000E-03   5.408880000E+00   5.400000000E-03 
                      5.416150000E+00   9.600000000E-03   5.441960000E+00   9.600000000E-03   5.458400000E+00   4.500000000E-03 
                      5.479300000E+00   9.200000000E-02   5.531910000E+00   6.400000000E-03   5.554140000E+00   5.100000000E-03 
                      5.578870000E+00   2.590000000E-02   5.660520000E+00   1.340000000E-02   5.713530000E+00   4.500000000E-03 
                      5.769880000E+00   1.890000000E-02   5.905250000E+00   3.940000000E-02   5.924560000E+00   2.400000000E-02 
                      6.047450000E+00   6.700000000E-03   6.141580000E+00   3.300000000E-02   6.149400000E+00   5.800000000E-02 
                      6.280650000E+00   3.300000000E-02   6.296520000E+00   2.700000000E-02   6.335500000E+00   1.510000000E-01 
471220   Ag122        4
                      7.530650000E+00   1.996000000E-01   8.142200000E+00   1.696600000E-01   8.180850000E+00   1.297400000E-01 
                      8.940550000E+00   4.990000000E-01 
481130   Cd113        1
                      3.220000000E-01   1.000000000E+00 
481131   Cd113m1      1
                      5.857000000E-01   9.997680000E-01 
481150   Cd115        7
                      1.585500000E-01   9.000000000E-06   2.534900000E-01   1.300000000E-04   4.046000000E-01   8.000000000E-07 
                      5.818500000E-01   3.310000000E-01   6.174000000E-01   3.300000000E-02   8.488500000E-01   1.160000000E-02 
                      1.109739000E+00   6.260000000E-01 
481151   Cd115m1      7
                      1.408910000E-01   7.000000000E-06   1.782140000E-01   2.000000000E-04   2.087280000E-01   3.000000000E-03 
                      3.364041000E-01   9.000000000E-03   4.944220000E-01   6.000000000E-04   6.931620000E-01   1.700000000E-02 
                      1.627000000E+00   9.700000000E-01 
481170   Cd117        24
                      6.603003000E-02   1.100000000E-03   1.765000000E-01   3.500000000E-03   1.942200000E-01   6.000000000E-03 
                      2.102800000E-01   6.200000000E-02   3.502600000E-01   1.900000000E-02   4.090200000E-01   1.300000000E-03 
                      4.121599000E-01   1.600000000E-02   4.578501000E-01   1.500000000E-02   4.997700000E-01   2.200000000E-02 
                      5.246341000E-01   8.200000000E-02   6.300720000E-01   3.200000000E-01   7.370300000E-01   5.500000000E-03 
                      8.094561000E-01   3.400000000E-02   9.099000000E-01   1.500000000E-03   9.126100000E-01   4.000000000E-03 
                      9.675200000E-01   1.100000000E-03   1.053330000E+00   3.500000000E-04   1.082620000E+00   1.200000000E-03 
                      1.145730000E+00   3.100000000E-03   1.470293000E+00   4.000000000E-03   1.772514000E+00   1.320000000E-01 
                      1.862237000E+00   1.300000000E-02   1.933348000E+00   3.700000000E-02   2.206698000E+00   2.100000000E-01 
481171   Cd117m1      20
                      1.175398000E-01   2.300000000E-03   1.821899000E-01   2.400000000E-03   1.958999000E-01   2.100000000E-03 
                      2.183499000E-01   5.000000000E-04   2.409600000E-01   1.700000000E-02   2.531199000E-01   3.700000000E-02 
                      2.580200000E-01   1.400000000E-02   3.356399000E-01   8.600000000E-02   5.619499000E-01   8.200000000E-02 
                      5.633679000E-01   2.050000000E-01   6.610779000E-01   4.800000000E-01   7.010399000E-01   1.000000000E-02 
                      8.027799000E-01   1.000000000E-03   1.225482000E+00   1.200000000E-02   1.292881000E+00   3.000000000E-03 
                      1.423797000E+00   9.000000000E-03   1.449370000E+00   5.000000000E-03   1.592419000E+00   1.200000000E-02 
                      1.910330000E+00   1.200000000E-02   2.658400000E+00   5.000000000E-03 
481180   Cd118        1
                      5.240000000E-01   1.000000000E+00 
481190   Cd119        20
                      8.707099000E-01   1.700000000E-02   9.316001000E-01   1.100000000E-02   1.062430000E+00   5.000000000E-02 
                      1.165400000E+00   9.500000000E-03   1.175840000E+00   1.620000000E-02   1.205570000E+00   2.000000000E-02 
                      1.362280000E+00   1.640000000E-01   1.392170000E+00   1.440000000E-01   1.666020000E+00   2.100000000E-02 
                      1.809250000E+00   2.050000000E-01   1.923620000E+00   2.500000000E-02   1.960210000E+00   1.510000000E-02 
                      2.105290000E+00   1.700000000E-02   2.679920000E+00   2.100000000E-02   2.685860000E+00   2.000000000E-02 
                      2.788670000E+00   2.100000000E-02   2.941970000E+00   6.400000000E-02   3.075970000E+00   1.500000000E-02 
                      3.126060000E+00   5.000000000E-02   3.418930000E+00   1.000000000E-01 
481191   Cd119m1      19
                      1.204370000E+00   2.100000000E-02   1.311920000E+00   2.200000000E-02   1.350040000E+00   7.600000000E-03 
                      1.356240000E+00   9.500000000E-03   1.389400000E+00   7.200000000E-02   1.454090000E+00   7.400000000E-02 
                      1.487410000E+00   1.090000000E-01   1.517080000E+00   2.400000000E-02   1.749650000E+00   1.900000000E-01 
                      1.772270000E+00   4.300000000E-02   1.855220000E+00   2.200000000E-01   2.440120000E+00   9.000000000E-03 
                      2.488200000E+00   9.000000000E-03   2.523540000E+00   9.000000000E-03   2.672850000E+00   8.000000000E-03 
                      2.733620000E+00   1.200000000E-02   2.851540000E+00   1.650000000E-02   3.156060000E+00   7.000000000E-03 
                      3.876540000E+00   1.500000000E-01 
481200   Cd120        1
                      1.770000000E+00   1.000000000E+00 
481210   Cd121        24
                      2.168310000E+00   1.900000000E-02   2.241230000E+00   5.200000000E-03   2.256820000E+00   3.800000000E-02 
                      2.288230000E+00   4.200000000E-02   2.307340000E+00   2.810000000E-02   2.397890000E+00   2.810000000E-02 
                      2.443080000E+00   9.500000000E-02   2.480550000E+00   3.100000000E-02   2.515110000E+00   7.000000000E-02 
                      2.558000000E+00   4.400000000E-02   2.643540000E+00   1.170000000E-01   2.791190000E+00   1.960000000E-02 
                      2.814220000E+00   6.400000000E-02   2.818770000E+00   5.500000000E-02   2.987990000E+00   2.240000000E-02 
                      3.020200000E+00   1.190000000E-02   3.296760000E+00   4.000000000E-02   3.319400000E+00   5.300000000E-03 
                      3.464850000E+00   1.010000000E-01   3.582730000E+00   9.000000000E-03   3.701010000E+00   1.900000000E-02 
                      3.739700000E+00   6.300000000E-02   3.792950000E+00   3.900000000E-02   4.466310000E+00   3.300000000E-02 
481211   Cd121m1      21
                      2.413490000E+00   5.000000000E-02   2.432530000E+00   4.500000000E-02   2.484110000E+00   3.020000000E-02 
                      2.491090000E+00   1.220000000E-02   2.517260000E+00   6.700000000E-02   2.539810000E+00   8.800000000E-02 
                      2.598490000E+00   2.400000000E-03   2.625140000E+00   4.600000000E-02   2.630010000E+00   8.000000000E-02 
                      2.637290000E+00   2.000000000E-02   2.662990000E+00   5.000000000E-02   2.702890000E+00   5.400000000E-02 
                      2.834790000E+00   1.270000000E-01   2.860680000E+00   1.400000000E-02   2.880050000E+00   2.080000000E-02 
                      2.935500000E+00   1.870000000E-01   3.490860000E+00   1.000000000E-02   3.507770000E+00   8.000000000E-03 
                      3.813330000E+00   2.600000000E-02   4.007140000E+00   1.600000000E-02   4.994890000E+00   4.800000000E-02 
481220   Cd122        1
                      2.960000000E+00   1.000000000E+00 
481230   Cd123        14
                      3.568660000E+00   1.410000000E-01   3.580820000E+00   1.040000000E-01   3.680480000E+00   5.200000000E-02 
                      3.716680000E+00   2.120000000E-01   3.732720000E+00   4.400000000E-02   3.951360000E+00   4.100000000E-02 
                      3.973350000E+00   1.340000000E-01   4.080150000E+00   5.100000000E-02   4.089400000E+00   1.200000000E-02 
                      4.183650000E+00   1.000000000E-02   4.494240000E+00   2.900000000E-02   4.972510000E+00   3.900000000E-02 
                      5.057690000E+00   1.510000000E-01   5.411440000E+00   5.000000000E-03 
481231   Cd123m1      14
                      3.707960000E+00   1.640000000E-02   3.813690000E+00   1.740000000E-02   3.829320000E+00   1.250000000E-01 
                      3.902080000E+00   1.560000000E-01   3.930470000E+00   1.410000000E-01   3.970040000E+00   9.500000000E-02 
                      4.076820000E+00   5.900000000E-02   4.121910000E+00   5.600000000E-02   4.163550000E+00   1.070000000E-01 
                      4.252840000E+00   1.120000000E-01   4.328750000E+00   5.200000000E-02   4.865250000E+00   1.240000000E-02 
                      5.265697000E+00   2.700000000E-02   5.404106000E+00   1.900000000E-02 
481250   Cd125        10
                      4.478780000E+00   3.400000000E-02   4.534940000E+00   9.400000000E-02   4.622540000E+00   1.490000000E-01 
                      4.738700000E+00   9.300000000E-02   4.770550000E+00   7.100000000E-02   4.972820000E+00   2.300000000E-01 
                      5.900280000E+00   4.700000000E-02   6.020510000E+00   2.450000000E-01   6.323540000E+00   2.000000000E-02 
                      6.759880000E+00   3.000000000E-02 
481251   Cd125m1      22
                      4.316690000E+00   1.580000000E-02   4.361200000E+00   1.440000000E-02   4.377880000E+00   6.900000000E-02 
                      4.538330000E+00   2.270000000E-01   4.539710000E+00   9.600000000E-02   4.548420000E+00   1.310000000E-02 
                      4.563630000E+00   8.500000000E-02   4.607240000E+00   2.110000000E-02   4.768520000E+00   1.520000000E-02 
                      4.787406000E+00   9.900000000E-02   4.801840000E+00   1.800000000E-02   4.927350000E+00   1.570000000E-02 
                      4.931500000E+00   2.100000000E-02   4.962170000E+00   3.600000000E-02   5.078600000E+00   3.600000000E-02 
                      5.115400000E+00   2.300000000E-02   5.221920000E+00   2.500000000E-03   5.270300000E+00   7.600000000E-02 
                      5.602400000E+00   4.000000000E-03   5.616120000E+00   1.910000000E-02   6.152600000E+00   4.900000000E-02 
                      7.180000000E+00   3.500000000E-02 
491120   In112        1
                      6.630000000E-01   4.394720000E-01 
491140   In114        2
                      6.887799000E-01   1.399965000E-03   1.988700000E+00   9.935752000E-01 
491150   In115        1
                      5.000000000E-01   1.000000000E+00 
491151   In115m1      2
                      3.338740000E-01   4.700000000E-04   8.312440000E-01   5.000000000E-02 
491160   In116        8
                      4.885000000E-01   1.599632000E-04   6.291999000E-01   1.199724000E-04   7.330000000E-01   3.299241000E-04 
                      1.053500000E+00   1.899563000E-04   1.166900000E+00   3.499195000E-04   1.522200000E+00   2.599402000E-03 
                      1.985600000E+00   7.998160000E-03   3.279000000E+00   9.867730000E-01 
491161   In116m1      5
                      3.093850000E-01   2.400000000E-03   3.601411000E-01   2.820000000E-02   6.050611000E-01   1.030000000E-01 
                      8.770620000E-01   3.250000000E-01   1.015346000E+00   5.420000000E-01 
491170   In117        2
                      7.435000000E-01   9.983000000E-01   1.140100000E+00   1.700000000E-03 
491171   In117m1      4
                      7.500020000E-01   2.098490000E-04   7.659020000E-01   6.795111000E-05   1.611702000E+00   1.828684000E-01 
                      1.770302000E+00   3.457512000E-01 
491180   In118        8
                      1.286900000E+00   1.300000000E-03   2.021700000E+00   4.300000000E-03   2.098100000E+00   1.000000000E-03 
                      2.368200000E+00   3.500000000E-04   2.381900000E+00   3.000000000E-03   2.667000000E+00   7.000000000E-03 
                      3.195100000E+00   3.400000000E-02   4.425000000E+00   9.490000000E-01 
491181   In118m1      14
                      6.461699000E-01   8.300000000E-04   6.684499000E-01   9.200000000E-04   7.312200000E-01   3.020000000E-03 
                      7.802200000E-01   2.940000000E-03   8.925200000E-01   6.300000000E-03   1.024580000E+00   9.000000000E-03 
                      1.110470000E+00   1.510000000E-02   1.325720000E+00   1.040000000E-03   1.485730000E+00   1.980000000E-03 
                      1.521650000E+00   6.200000000E-01   1.606380000E+00   6.600000000E-04   1.751300000E+00   6.700000000E-03 
                      1.996200000E+00   8.500000000E-02   2.204720000E+00   2.200000000E-01 
491182   In118m2      1
                      2.048160000E+00   1.400000000E-02 
491190   In119        3
                      1.058600000E+00   4.200000000E-03   1.575990000E+00   9.300000000E-01   2.273469000E+00   6.500000000E-02 
491191   In119m1      8
                      1.320370000E+00   8.604000000E-05   1.424660000E+00   1.529600000E-03   1.486640000E+00   1.051600000E-03 
                      1.584930000E+00   2.581200000E-03   1.752980000E+00   2.868000000E-04   1.753880000E+00   2.868000000E-04 
                      2.650502000E+00   3.346000000E-01   2.674370000E+00   6.118400000E-01 
491200   In120        7
                      2.946700000E+00   2.300000000E-03   3.011700000E+00   9.100000000E-03   3.207500000E+00   1.300000000E-03 
                      3.271700000E+00   4.200000000E-03   3.493300000E+00   1.430000000E-02   4.197500000E+00   1.630000000E-01 
                      5.370000000E+00   8.060000000E-01 
491201   In120m1      12
                      1.582470000E+00   6.600000000E-03   1.662810000E+00   3.680000000E-02   2.001770000E+00   1.590000000E-02 
                      2.090100000E+00   5.500000000E-02   2.260940000E+00   1.810000000E-01   2.382090000E+00   4.830000000E-01 
                      2.744260000E+00   3.100000000E-03   2.754980000E+00   1.150000000E-02   2.796660000E+00   3.100000000E-02 
                      2.974390000E+00   2.000000000E-02   3.039100000E+00   8.000000000E-03   3.245750000E+00   1.470000000E-01 
491202   In120m2      4
                      2.025720000E+00   8.900000000E-02   2.223730000E+00   9.400000000E-01   2.833690000E+00   5.000000000E-04 
                      3.188570000E+00   4.000000000E-02 
491210   In121        1
                      2.437420000E+00   1.000000000E+00 
491211   In121m1      9
                      4.486001000E-01   1.482000000E-04   5.567002000E-01   8.892000000E-04   8.124001000E-01   2.074800000E-03 
                      2.273600000E+00   5.038800000E-04   2.556190000E+00   5.038800000E-03   2.574800000E+00   1.976000000E-02 
                      2.767700000E+00   3.260400000E-03   3.616420000E+00   6.916000000E-01   3.676600000E+00   2.568800000E-01 
491220   In122        18
                      2.190600000E+00   1.200000000E-03   2.253900000E+00   8.400000000E-03   2.263500000E+00   2.800000000E-03 
                      2.365900000E+00   1.200000000E-03   2.470520000E+00   3.100000000E-02   2.550200000E+00   2.600000000E-03 
                      2.787100000E+00   1.200000000E-03   2.821430000E+00   4.300000000E-03   3.164050000E+00   2.000000000E-02 
                      3.594660000E+00   7.500000000E-03   3.635400000E+00   2.600000000E-03   3.839980000E+00   1.830000000E-02 
                      3.877530000E+00   4.400000000E-03   3.954550000E+00   8.100000000E-03   4.216520000E+00   2.800000000E-02 
                      4.281960000E+00   4.900000000E-03   5.229690000E+00   1.600000000E-01   6.370000000E+00   6.900000000E-01 
491221   In122m1      19
                      2.461400000E+00   3.000000000E-03   2.527850000E+00   3.770000000E-02   2.533470000E+00   1.270000000E-02 
                      2.569250000E+00   1.940000000E-02   2.627120000E+00   4.200000000E-03   2.739640000E+00   2.590000000E-02 
                      2.782910000E+00   1.400000000E-02   3.038540000E+00   3.000000000E-03   3.104250000E+00   3.510000000E-01 
                      3.176210000E+00   1.690000000E-01   3.327820000E+00   3.000000000E-02   3.436540000E+00   1.190000000E-01 
                      3.634480000E+00   2.500000000E-03   3.675450000E+00   7.500000000E-03   3.854430000E+00   1.470000000E-02 
                      3.917270000E+00   7.000000000E-03   3.994360000E+00   1.610000000E-02   4.078850000E+00   1.500000000E-02 
                      4.267880000E+00   1.160000000E-01 
491222   In122m2      7
                      2.658740000E+00   5.500000000E-02   2.665500000E+00   9.500000000E-02   2.838180000E+00   7.700000000E-01 
                      2.952400000E+00   3.600000000E-02   3.530810000E+00   1.000000000E-02   3.678820000E+00   2.700000000E-02 
                      3.715920000E+00   3.900000000E-02 
491230   In123        6
                      2.389800000E+00   1.900000000E-02   3.236000000E+00   6.400000000E-01   3.346700000E+00   3.200000000E-01 
                      3.459600000E+00   1.800000000E-03   3.520800000E+00   8.100000000E-03   3.772190000E+00   4.200000000E-03 
491231   In123m1      8
                      1.412210000E+00   3.300000000E-04   1.459210000E+00   1.500000000E-03   1.566610000E+00   8.900000000E-04 
                      2.097210000E+00   5.600000000E-04   3.523610000E+00   9.600000000E-04   3.797110000E+00   7.500000000E-04 
                      4.567810000E+00   4.900000000E-01   4.693610000E+00   5.000000000E-01 
491240   In124        38
                      2.755400000E+00   3.500000000E-03   2.831200000E+00   4.100000000E-03   2.889700000E+00   1.900000000E-03 
                      3.028600000E+00   2.000000000E-03   3.095900000E+00   4.600000000E-03   3.132100000E+00   4.300000000E-03 
                      3.204000000E+00   7.500000000E-03   3.316200000E+00   1.600000000E-03   3.442840000E+00   9.400000000E-02 
                      3.449300000E+00   8.000000000E-04   3.472000000E+00   9.000000000E-04   3.495880000E+00   1.400000000E-02 
                      3.525700000E+00   7.000000000E-04   3.598400000E+00   1.000000000E-02   3.599830000E+00   5.200000000E-03 
                      3.618770000E+00   2.600000000E-02   3.635050000E+00   3.700000000E-03   3.649600000E+00   3.400000000E-03 
                      3.704500000E+00   2.100000000E-03   3.808490000E+00   1.050000000E-02   3.963500000E+00   1.100000000E-03 
                      4.026810000E+00   9.900000000E-03   4.066500000E+00   2.100000000E-03   4.095850000E+00   1.300000000E-02 
                      4.145810000E+00   2.500000000E-01   4.250500000E+00   1.500000000E-03   4.481650000E+00   1.300000000E-02 
                      4.484900000E+00   6.500000000E-03   4.523680000E+00   3.500000000E-02   4.657010000E+00   1.900000000E-02 
                      4.757590000E+00   1.000000000E-02   4.933620000E+00   1.840000000E-02   4.993600000E+00   1.200000000E-03 
                      5.138480000E+00   9.000000000E-03   5.167980000E+00   8.000000000E-03   5.230610000E+00   1.770000000E-01 
                      5.258420000E+00   2.400000000E-02   6.228360000E+00   2.000000000E-01 
491241   In124m1      11
                      3.488700000E+00   1.800000000E-02   3.610430000E+00   2.400000000E-02   3.654990000E+00   1.000000000E-01 
                      3.735230000E+00   5.600000000E-01   3.776800000E+00   1.400000000E-02   3.896120000E+00   2.120000000E-01 
                      4.057800000E+00   1.600000000E-02   4.179780000E+00   1.300000000E-02   4.409000000E+00   1.100000000E-02 
                      4.841680000E+00   4.000000000E-03   4.851990000E+00   1.500000000E-02 
491250   In125        7
                      3.241900000E+00   9.300000000E-03   4.055480000E+00   7.900000000E-01   4.358740000E+00   9.600000000E-02 
                      4.481500000E+00   5.000000000E-03   4.563310000E+00   1.900000000E-02   4.800110000E+00   1.300000000E-02 
                      5.418000000E+00   8.500000000E-02 
491251   In125m1      2
                      5.562990000E+00   5.900000000E-01   5.750620000E+00   4.100000000E-01 
491260   In126        30
                      3.409900000E+00   1.300000000E-03   3.507500000E+00   1.000000000E-03   3.550500000E+00   2.100000000E-03 
                      3.876100000E+00   1.300000000E-03   3.903730000E+00   2.500000000E-02   3.949900000E+00   3.300000000E-03 
                      3.966000000E+00   1.500000000E-02   4.193030000E+00   3.700000000E-03   4.242810000E+00   9.300000000E-02 
                      4.289700000E+00   3.800000000E-03   4.320460000E+00   6.000000000E-02   4.346700000E+00   6.300000000E-03 
                      4.389000000E+00   3.500000000E-03   4.702500000E+00   4.900000000E-03   4.862170000E+00   2.420000000E-01 
                      4.906700000E+00   3.100000000E-03   4.960450000E+00   5.400000000E-02   5.320590000E+00   4.200000000E-03 
                      5.464430000E+00   2.790000000E-02   5.494940000E+00   5.900000000E-03   5.570360000E+00   1.620000000E-02 
                      5.575970000E+00   4.300000000E-03   5.735070000E+00   3.200000000E-03   5.836540000E+00   2.100000000E-02 
                      5.950490000E+00   2.500000000E-03   6.012790000E+00   5.000000000E-03   6.076920000E+00   2.700000000E-03 
                      6.096210000E+00   1.640000000E-01   6.157270000E+00   4.000000000E-02   7.065850000E+00   1.800000000E-01 
491261   In126m1      14
                      3.321900000E+00   4.100000000E-02   3.532860000E+00   4.700000000E-02   4.334630000E+00   5.500000000E-02 
                      4.361700000E+00   1.400000000E-02   4.456480000E+00   5.900000000E-01   4.481280000E+00   4.600000000E-02 
                      4.502820000E+00   1.330000000E-02   4.528620000E+00   1.910000000E-02   4.686230000E+00   4.600000000E-02 
                      4.857150000E+00   5.500000000E-02   5.244740000E+00   2.300000000E-02   5.471790000E+00   2.120000000E-02 
                      5.649050000E+00   1.000000000E-03   5.823790000E+00   3.200000000E-02 
491270   In127        15
                      3.755700000E+00   1.010000000E-03   3.786620000E+00   5.100000000E-03   4.062750000E+00   3.500000000E-03 
                      4.113210000E+00   7.800000000E-03   4.135310000E+00   1.170000000E-02   4.535480000E+00   1.030000000E-02 
                      4.553790000E+00   3.700000000E-02   4.668460000E+00   3.520000000E-02   4.875410000E+00   1.880000000E-02 
                      4.959590000E+00   2.700000000E-03   4.975350000E+00   7.700000000E-01   5.022090000E+00   7.100000000E-03 
                      5.246450000E+00   3.400000000E-03   5.524380000E+00   4.700000000E-02   5.931690000E+00   1.900000000E-02 
491271   In127m1      11
                      3.433600000E+00   2.700000000E-03   3.600500000E+00   1.460000000E-02   3.664700000E+00   6.900000000E-02 
                      4.111900000E+00   3.100000000E-03   4.737800000E+00   5.200000000E-03   5.178200000E+00   8.000000000E-04 
                      5.764600000E+00   1.030000000E-02   5.907500000E+00   4.200000000E-02   6.044100000E+00   1.600000000E-02 
                      6.740400000E+00   3.600000000E-01   6.993100000E+00   5.200000000E-01 
491280   In128        21
                      4.470200000E+00   2.000000000E-03   4.682300000E+00   1.290000000E-01   4.752800000E+00   9.100000000E-03 
                      4.760130000E+00   3.300000000E-02   4.904970000E+00   3.100000000E-02   4.941990000E+00   2.300000000E-02 
                      4.982390000E+00   3.700000000E-02   5.025150000E+00   5.900000000E-02   5.093610000E+00   3.900000000E-02 
                      5.460140000E+00   1.850000000E-01   5.754400000E+00   1.240000000E-02   5.888030000E+00   1.550000000E-02 
                      6.027540000E+00   1.320000000E-02   6.223460000E+00   6.500000000E-03   6.337730000E+00   1.930000000E-02 
                      6.346910000E+00   2.000000000E-02   6.401380000E+00   2.360000000E-02   6.705940000E+00   1.120000000E-02 
                      6.721640000E+00   3.600000000E-02   6.875930000E+00   1.260000000E-01   7.811180000E+00   1.700000000E-01 
491281   In128m1      17
                      4.080990000E+00   2.400000000E-02   4.735990000E+00   2.200000000E-02   4.765390000E+00   3.800000000E-02 
                      4.913650000E+00   2.040000000E-01   4.991400000E+00   8.700000000E-03   5.020470000E+00   3.200000000E-01 
                      5.107540000E+00   3.400000000E-02   5.209940000E+00   1.400000000E-02   5.370520000E+00   1.500000000E-02 
                      5.595880000E+00   1.400000000E-02   5.803230000E+00   2.100000000E-02   6.019530000E+00   8.600000000E-03 
                      6.431910000E+00   1.000000000E-03   6.487110000E+00   5.000000000E-02   6.566310000E+00   1.000000000E-02 
                      6.600930000E+00   4.700000000E-02   6.887520000E+00   9.500000000E-02 
491290   In129        9
                      4.190000000E+00   1.600000000E-02   4.797800000E+00   6.000000000E-03   4.944100000E+00   2.800000000E-02 
                      5.662000000E+00   5.000000000E-01   5.915000000E+00   3.700000000E-01   6.725400000E+00   2.800000000E-02 
                      6.736500000E+00   2.000000000E-02   7.010700000E+00   1.000000000E-02   7.015900000E+00   2.000000000E-02 
491291   In129m1      4
                      6.490500000E+00   3.788600000E-02   6.557000000E+00   9.670900000E-02   7.463700000E+00   6.281100000E-01 
                      7.779000000E+00   2.392800000E-01 
491300   In130        5
                      6.130230000E+00   8.900000000E-01   7.082840000E+00   5.000000000E-03   8.221690000E+00   5.000000000E-03 
                      9.028740000E+00   2.500000000E-02   1.025000000E+01   7.500000000E-02 
491301   In130m1      3
                      6.094270000E+00   9.100000000E-01   7.865210000E+00   9.000000000E-02   7.961740000E+00   1.000000000E-02 
491302   In130m2      13
                      5.387200000E+00   3.500000000E-02   6.186620000E+00   5.600000000E-02   6.244520000E+00   2.900000000E-01 
                      6.425100000E+00   1.000000000E-02   7.224970000E+00   7.200000000E-02   8.052290000E+00   1.300000000E-02 
                      8.156960000E+00   1.050000000E-01   8.159140000E+00   1.300000000E-02   8.393000000E+00   1.200000000E-02 
                      8.435300000E+00   9.400000000E-02   8.565110000E+00   1.800000000E-01   8.654340000E+00   1.100000000E-01 
                      8.703070000E+00   2.800000000E-02 
491320   In132        17
                      6.895940000E+00   4.800000000E-02   6.928860000E+00   4.500000000E-01   7.244000000E+00   2.400000000E-03 
                      7.430960000E+00   1.900000000E-02   7.509700000E+00   1.300000000E-02   7.541500000E+00   2.400000000E-02 
                      7.904100000E+00   3.500000000E-03   7.966800000E+00   2.000000000E-03   8.510740000E+00   1.240000000E-01 
                      8.661020000E+00   2.800000000E-02   8.740779000E+00   2.300000000E-02   8.752109000E+00   1.000000000E-03 
                      9.197471000E+00   1.000000000E-02   9.221000000E+00   2.200000000E-02   9.254790000E+00   6.000000000E-03 
                      9.291480000E+00   1.400000000E-01   9.424090000E+00   6.000000000E-02 
501210   Sn121        1
                      3.906000000E-01   1.000000000E+00 
501211   Sn121m1      1
                      3.597500000E-01   2.240000000E-01 
501230   Sn123        6
                      6.617993000E-02   9.800000000E-06   1.427000000E-01   1.400000000E-06   2.223200000E-01   2.200000000E-05 
                      3.149499000E-01   6.000000000E-03   3.733700000E-01   3.100000000E-04   1.403600000E+00   9.937000000E-01 
501231   Sn123m1      3
                      7.208000000E-01   1.100000000E-04   8.915299000E-01   6.500000000E-04   1.273260000E+00   9.992000000E-01 
501250   Sn125        16
                      6.877002000E-02   2.900000000E-03   8.122998000E-02   2.100000000E-03   1.036001000E-01   1.400000000E-03 
                      1.162700000E-01   5.800000000E-03   1.300000000E-01   5.000000000E-05   1.559800000E-01   6.100000000E-04 
                      3.548600000E-01   2.200000000E-02   3.741400000E-01   4.300000000E-02   4.671400000E-01   6.600000000E-02 
                      5.503001000E-01   1.300000000E-03   7.653900000E-01   5.500000000E-04   9.371300000E-01   1.800000000E-03 
                      1.007350000E+00   3.800000000E-03   1.267490000E+00   3.000000000E-02   1.289680000E+00   6.000000000E-03 
                      2.357000000E+00   8.140000000E-01 
501251   Sn125m1      8
                      4.371500000E-01   1.460000000E-03   4.707500000E-01   4.000000000E-04   6.484680000E-01   8.430000000E-03 
                      6.839101000E-01   1.330000000E-03   9.007271000E-01   2.630000000E-03   1.462930000E+00   1.850000000E-03 
                      1.741552000E+00   3.800000000E-04   2.052542000E+00   9.840000000E-01 
501260   Sn126        1
                      2.521000000E-01   1.000000000E+00 
501270   Sn127        48
                      3.498999000E-01   2.700000000E-03   3.636999000E-01   1.140000000E-02   3.846999000E-01   1.300000000E-02 
                      3.966001000E-01   1.900000000E-03   4.257600000E-01   1.400000000E-02   4.456999000E-01   6.100000000E-03 
                      4.687900000E-01   2.600000000E-02   5.353001000E-01   1.800000000E-02   5.673001000E-01   9.900000000E-03 
                      5.925000000E-01   4.500000000E-02   6.003001000E-01   1.000000000E-02   6.441899000E-01   1.120000000E-01 
                      6.773001000E-01   8.000000000E-03   7.013101000E-01   4.400000000E-02   7.171001000E-01   1.100000000E-03 
                      7.302800000E-01   6.500000000E-02   7.481999000E-01   5.300000000E-03   7.610000000E-01   1.100000000E-03 
                      7.751299000E-01   4.400000000E-02   7.836001000E-01   1.900000000E-02   8.246999000E-01   1.600000000E-02 
                      8.584099000E-01   2.000000000E-03   8.725000000E-01   5.300000000E-02   8.791799000E-01   4.400000000E-03 
                      8.853201000E-01   2.000000000E-03   9.133999000E-01   2.700000000E-03   9.268999000E-01   2.300000000E-03 
                      9.563001000E-01   2.800000000E-02   9.746001000E-01   1.900000000E-03   1.009440000E+00   9.000000000E-03 
                      1.028900000E+00   2.000000000E-04   1.071000000E+00   6.800000000E-03   1.080430000E+00   2.000000000E-02 
                      1.090610000E+00   2.900000000E-03   1.106680000E+00   2.000000000E-03   1.120700000E+00   1.600000000E-02 
                      1.128600000E+00   3.000000000E-03   1.137570000E+00   4.900000000E-02   1.227500000E+00   2.600000000E-02 
                      1.275920000E+00   1.000000000E-03   1.293500000E+00   1.750000000E-02   1.310790000E+00   2.800000000E-02 
                      1.519200000E+00   4.200000000E-03   1.646690000E+00   1.000000000E-02   1.759600000E+00   2.000000000E-02 
                      2.116650000E+00   4.000000000E-02   2.135520000E+00   2.000000000E-02   3.231000000E+00   2.200000000E-01 
501271   Sn127m1      10
                      9.323601000E-01   1.000000000E-03   1.086060000E+00   2.000000000E-03   1.181560000E+00   1.700000000E-02 
                      1.395830000E+00   2.100000000E-02   1.524900000E+00   4.000000000E-03   1.535760000E+00   1.300000000E-02 
                      1.884460000E+00   7.000000000E-03   2.050460000E+00   1.300000000E-02   2.470760000E+00   8.000000000E-03 
                      2.745430000E+00   9.100000000E-01 
501280   Sn128        2
                      4.410000000E-01   1.610000000E-01   6.388000000E-01   8.400000000E-01 
501290   Sn129        17
                      9.460000000E-01   4.000000000E-03   1.208700000E+00   6.000000000E-03   1.254500000E+00   1.000000000E-02 
                      1.292200000E+00   1.500000000E-02   1.647000000E+00   1.000000000E-02   1.656600000E+00   1.000000000E-02 
                      1.780300000E+00   1.300000000E-02   1.858900000E+00   4.000000000E-02   1.885000000E+00   6.000000000E-03 
                      1.924900000E+00   3.100000000E-02   2.126200000E+00   1.600000000E-02   2.197900000E+00   2.700000000E-02 
                      2.277800000E+00   2.100000000E-02   2.546900000E+00   3.200000000E-02   2.787800000E+00   2.000000000E-03 
                      3.126500000E+00   3.400000000E-02   3.394800000E+00   7.600000000E-01 
501291   Sn129m1      17
                      1.252800000E+00   1.080000000E-01   1.282700000E+00   1.300000000E-01   1.360900000E+00   2.900000000E-02 
                      1.519300000E+00   2.800000000E-02   1.706100000E+00   1.600000000E-02   1.744000000E+00   4.100000000E-02 
                      1.758300000E+00   3.000000000E-02   1.812200000E+00   1.500000000E-02   1.854700000E+00   5.000000000E-02 
                      2.044500000E+00   6.100000000E-02   2.075700000E+00   8.000000000E-02   2.096800000E+00   4.600000000E-02 
                      2.164300000E+00   3.000000000E-02   2.224150000E+00   3.400000000E-02   2.913900000E+00   2.400000000E-01 
                      2.946750000E+00   1.200000000E-01   4.075200000E+00   2.000000000E-02 
501300   Sn130        8
                      5.971000000E-01   4.300000000E-03   6.926999000E-01   1.900000000E-03   7.586701000E-01   7.700000000E-03 
                      9.606999000E-01   1.700000000E-03   1.105330000E+00   7.900000000E-01   1.121700000E+00   3.600000000E-03 
                      1.334470000E+00   2.400000000E-02   1.450680000E+00   1.610000000E-01 
501301   Sn130m1      44
                      1.116780000E+00   3.900000000E-03   1.279680000E+00   6.600000000E-03   1.337980000E+00   9.200000000E-03 
                      1.463280000E+00   2.300000000E-03   1.484980000E+00   1.060000000E-03   1.519580000E+00   6.400000000E-03 
                      1.553610000E+00   8.500000000E-03   1.564680000E+00   7.400000000E-04   1.573580000E+00   4.200000000E-03 
                      1.615840000E+00   1.620000000E-02   1.642480000E+00   2.500000000E-03   1.683080000E+00   3.200000000E-03 
                      1.705100000E+00   4.100000000E-02   1.828080000E+00   8.700000000E-03   1.899380000E+00   6.000000000E-03 
                      1.921180000E+00   3.200000000E-03   2.003380000E+00   2.500000000E-04   2.014780000E+00   1.170000000E-03 
                      2.073230000E+00   2.200000000E-03   2.076880000E+00   4.100000000E-03   2.187270000E+00   1.200000000E-03 
                      2.206640000E+00   1.450000000E-03   2.286880000E+00   9.400000000E-03   2.373160000E+00   2.500000000E-03 
                      2.383280000E+00   3.600000000E-03   2.462960000E+00   2.100000000E-03   2.617480000E+00   4.600000000E-03 
                      2.741180000E+00   1.180000000E-02   2.746980000E+00   3.700000000E-03   2.793740000E+00   1.300000000E-02 
                      2.838080000E+00   7.200000000E-03   2.940030000E+00   1.300000000E-02   3.003080000E+00   4.400000000E-03 
                      3.052480000E+00   2.400000000E-02   3.055240000E+00   9.600000000E-02   3.162170000E+00   5.100000000E-02 
                      3.216920000E+00   8.000000000E-03   3.228920000E+00   2.500000000E-03   3.285280000E+00   4.900000000E-03 
                      3.366490000E+00   2.300000000E-01   3.954969000E+00   2.100000000E-01   3.988150000E+00   3.300000000E-02 
                      4.015210000E+00   3.075000000E-02   4.031840000E+00   8.300000000E-02 
501320   Sn132        3
                      8.507400000E-01   8.700000000E-03   1.793850000E+00   9.900000000E-01   2.635900000E+00   8.500000000E-04 
501330   Sn133        86
                      1.144100000E+00   3.800000000E-05   1.300400000E+00   1.900000000E-05   1.324100000E+00   3.200000000E-05 
                      1.389100000E+00   1.800000000E-05   1.518600000E+00   2.800000000E-05   1.579900000E+00   6.700000000E-05 
                      1.589400000E+00   1.080000000E-04   1.596900000E+00   8.200000000E-05   1.637130000E+00   1.700000000E-04 
                      1.649700000E+00   9.700000000E-05   1.683300000E+00   1.000000000E-04   1.730600000E+00   8.800000000E-05 
                      1.746040000E+00   2.600000000E-04   1.768200000E+00   4.900000000E-05   1.780040000E+00   7.200000000E-04 
                      1.808500000E+00   1.300000000E-04   1.830500000E+00   3.500000000E-04   1.842900000E+00   4.300000000E-04 
                      1.855900000E+00   1.100000000E-05   1.894500000E+00   6.100000000E-05   1.924750000E+00   3.200000000E-04 
                      1.958700000E+00   2.900000000E-05   1.970850000E+00   5.600000000E-04   1.982450000E+00   9.500000000E-04 
                      1.992300000E+00   2.500000000E-04   2.001550000E+00   8.000000000E-04   2.020100000E+00   4.900000000E-05 
                      2.027460000E+00   5.500000000E-04   2.035500000E+00   2.200000000E-04   2.117300000E+00   6.000000000E-05 
                      2.123960000E+00   4.700000000E-04   2.134760000E+00   2.200000000E-04   2.156700000E+00   1.200000000E-04 
                      2.166400000E+00   1.300000000E-04   2.174100000E+00   1.050000000E-03   2.213510000E+00   4.900000000E-04 
                      2.246200000E+00   5.300000000E-05   2.253800000E+00   4.800000000E-05   2.259800000E+00   6.000000000E-05 
                      2.304760000E+00   1.600000000E-04   2.344900000E+00   5.200000000E-05   2.352500000E+00   1.600000000E-04 
                      2.410800000E+00   1.700000000E-04   2.449650000E+00   1.370000000E-03   2.482510000E+00   7.000000000E-03 
                      2.491470000E+00   5.900000000E-04   2.501700000E+00   4.800000000E-05   2.534930000E+00   2.300000000E-03 
                      2.601300000E+00   1.080000000E-04   2.609790000E+00   3.600000000E-04   2.611780000E+00   1.220000000E-03 
                      2.673500000E+00   4.800000000E-05   2.681700000E+00   1.300000000E-04   2.718880000E+00   1.070000000E-03 
                      2.792290000E+00   2.200000000E-04   2.818240000E+00   9.100000000E-04   2.904000000E+00   1.010000000E-04 
                      2.927470000E+00   3.100000000E-04   2.945200000E+00   5.200000000E-03   2.970330000E+00   1.360000000E-03 
                      2.976230000E+00   4.200000000E-04   3.055160000E+00   2.200000000E-04   3.093370000E+00   2.500000000E-04 
                      3.157700000E+00   1.200000000E-04   3.192610000E+00   6.500000000E-04   3.196800000E+00   1.300000000E-04 
                      3.264800000E+00   3.600000000E-05   3.293510000E+00   9.200000000E-04   3.309000000E+00   1.300000000E-04 
                      3.444800000E+00   6.600000000E-05   3.460300000E+00   6.000000000E-05   3.522220000E+00   1.700000000E-04 
                      3.557930000E+00   1.900000000E-04   3.787630000E+00   2.600000000E-04   3.798830000E+00   2.200000000E-04 
                      3.800760000E+00   1.000000000E-05   3.804900000E+00   6.000000000E-05   3.850300000E+00   7.900000000E-05 
                      3.879730000E+00   3.700000000E-04   3.885000000E+00   4.800000000E-05   3.911100000E+00   1.500000000E-04 
                      4.066230000E+00   1.800000000E-04   4.272300000E+00   6.400000000E-05   5.655420000E+00   1.800000000E-03 
                      7.132680000E+00   1.150000000E-01   8.095000000E+00   8.500000000E-01 
501340   Sn134        7
                      4.065000000E+00   1.700000000E-01   5.410300000E+00   1.300000000E-03   5.670000000E+00   1.300000000E-03 
                      5.940000000E+00   1.300000000E-03   6.905060000E+00   1.100000000E-02   6.955060000E+00   1.000000000E-01 
                      7.840000000E+00   7.100000000E-01 
511220   Sb122        6
                      2.316000000E-01   1.398490000E-04   6.263001000E-01   1.078835000E-04   7.269800000E-01   4.595039000E-02 
                      8.046000000E-01   1.198706000E-04   1.419640000E+00   6.672795000E-01   1.983900000E+00   2.607185000E-01 
511240   Sb124        26
                      1.792993000E-02   8.000000000E-05   3.858008000E-02   6.110000000E-04   8.973999000E-02   2.300000000E-04 
                      9.675000000E-02   1.470000000E-05   1.292300000E-01   5.720000000E-03   1.932881000E-01   1.060000000E-03 
                      2.026780000E-01   5.580000000E-03   2.106211000E-01   8.750000000E-02   2.218000000E-01   2.200000000E-04 
                      2.852100000E-01   9.500000000E-04   3.545701000E-01   3.430000000E-04   3.828201000E-01   5.450000000E-04 
                      3.922600000E-01   4.130000000E-04   4.210229000E-01   3.260000000E-03   4.493401000E-01   7.900000000E-05 
                      5.808901000E-01   5.900000000E-04   6.105881000E-01   5.124000000E-01   6.794609000E-01   9.100000000E-04 
                      7.219101000E-01   4.500000000E-03   8.126201000E-01   6.850000000E-03   8.650121000E-01   3.994000000E-02 
                      9.463850000E-01   2.144000000E-02   1.247700000E+00   5.700000000E-05   1.578788000E+00   4.880000000E-02 
                      1.655718000E+00   2.570000000E-02   2.301572000E+00   2.320000000E-01 
511241   Sb124m1      2
                      5.656628000E-01   5.000000000E-03   1.168223000E+00   2.450000000E-01 
511250   Sb125        11
                      3.790002000E-02   3.450000000E-07   9.525702000E-02   1.342000000E-01   1.138000000E-01   5.500000000E-04 
                      1.244960000E-01   5.750000000E-02   1.306100000E-01   1.788000000E-01   2.414730000E-01   1.609000000E-02 
                      3.033350000E-01   4.030000000E-01   3.231460000E-01   5.200000000E-04   3.646100000E-01   2.220000000E-04 
                      4.456100000E-01   7.180000000E-02   6.219240000E-01   1.360000000E-01 
511260   Sb126        14
                      1.970000000E-01   5.000000000E-03   2.196001000E-01   2.090000000E-02   4.763001000E-01   2.900000000E-01 
                      4.986001000E-01   5.900000000E-02   5.991999000E-01   8.400000000E-02   6.806001000E-01   4.200000000E-02 
                      6.956999000E-01   5.000000000E-03   8.303001000E-01   8.000000000E-03   8.583999000E-01   8.100000000E-02 
                      9.043001000E-01   4.900000000E-02   1.173300000E+00   1.600000000E-01   1.273800000E+00   9.000000000E-03 
                      1.451700000E+00   3.000000000E-02   1.893900000E+00   2.000000000E-01 
511261   Sb126m1      4
                      8.535999000E-01   8.579360000E-03   9.870999000E-01   1.296880000E-02   1.295000000E+00   3.391840000E-02 
                      1.915200000E+00   8.280080000E-01 
511270   Sb127        13
                      2.041000000E-01   7.000000000E-04   2.916999000E-01   7.700000000E-03   4.266000000E-01   9.000000000E-03 
                      4.411000000E-01   1.550000000E-02   5.050000000E-01   5.400000000E-02   6.575000000E-01   1.300000000E-02 
                      7.962000000E-01   4.500000000E-02   7.986000000E-01   1.800000000E-01   8.965000000E-01   3.580000000E-01 
                      9.505000000E-01   4.600000000E-02   1.108730000E+00   2.340000000E-01   1.241400000E+00   1.700000000E-02 
                      1.493740000E+00   2.000000000E-02 
511280   Sb128        17
                      6.497300000E-01   6.100000000E-02   7.866399000E-01   4.300000000E-02   7.960000000E-01   2.000000000E-02 
                      8.645801000E-01   4.500000000E-02   8.940000000E-01   5.500000000E-02   9.546999000E-01   4.000000000E-02 
                      9.674700000E-01   1.530000000E-01   1.200500000E+00   4.200000000E-02   1.232560000E+00   1.300000000E-01 
                      1.243500000E+00   1.200000000E-02   1.525100000E+00   3.500000000E-02   1.566600000E+00   1.500000000E-02 
                      1.621740000E+00   7.000000000E-02   1.647500000E+00   1.300000000E-02   1.694600000E+00   3.500000000E-02 
                      1.796000000E+00   1.500000000E-02   2.046160000E+00   1.900000000E-01 
511281   Sb128m1      5
                      1.542000000E+00   1.542400000E-02   1.738800000E+00   3.952400000E-02   1.795240000E+00   8.579600000E-02 
                      1.988710000E+00   4.530800000E-02   2.582850000E+00   7.798760000E-01 
511290   Sb129        25
                      1.092000000E-01   2.000000000E-04   1.761001000E-01   6.000000000E-04   2.418000000E-01   5.000000000E-04 
                      2.617000000E-01   1.900000000E-02   2.898001000E-01   4.000000000E-03   3.046999000E-01   2.000000000E-02 
                      5.041999000E-01   9.000000000E-03   5.321000000E-01   2.300000000E-01   5.931000000E-01   3.000000000E-03 
                      6.226000000E-01   3.500000000E-02   6.475000000E-01   2.680000000E-01   7.204000000E-01   1.100000000E-02 
                      7.416999000E-01   1.800000000E-02   7.763001000E-01   1.100000000E-02   1.057400000E+00   4.000000000E-02 
                      1.093800000E+00   1.000000000E-02   1.146800000E+00   2.100000000E-02   1.408400000E+00   3.200000000E-02 
                      1.562100000E+00   9.800000000E-02   1.614000000E+00   4.400000000E-02   1.741100000E+00   1.300000000E-02 
                      1.830490000E+00   7.500000000E-02   1.909200000E+00   9.000000000E-03   2.130500000E+00   6.000000000E-03 
                      2.268500000E+00   3.000000000E-02 
511300   Sb130        19
                      6.018999000E-01   4.100000000E-02   7.586001000E-01   2.700000000E-02   8.916001000E-01   8.600000000E-02 
                      9.888001000E-01   1.900000000E-02   1.153200000E+00   4.000000000E-02   1.354100000E+00   3.800000000E-02 
                      1.497020000E+00   7.300000000E-02   1.525540000E+00   6.500000000E-02   1.592000000E+00   1.900000000E-02 
                      1.657500000E+00   3.300000000E-02   1.677100000E+00   3.400000000E-02   1.774500000E+00   5.400000000E-02 
                      1.980890000E+00   3.600000000E-02   2.183830000E+00   6.200000000E-02   2.280120000E+00   6.900000000E-02 
                      2.291800000E+00   2.500000000E-03   2.630390000E+00   1.600000000E-02   2.657800000E+00   6.400000000E-02 
                      2.915850000E+00   1.800000000E-01 
511301   Sb130m1      10
                      1.654900000E+00   7.400000000E-02   2.235010000E+00   3.550000000E-01   2.302760000E+00   5.000000000E-03 
                      2.332110000E+00   9.500000000E-02   2.618590000E+00   1.240000000E-01   2.737420000E+00   3.300000000E-02 
                      2.966950000E+00   3.100000000E-02   3.086430000E+00   1.070000000E-01   3.252620000E+00   2.000000000E-02 
                      3.434950000E+00   2.500000000E-02 
511310   Sb131        23
                      5.718001000E-01   2.198800000E-02   6.350401000E-01   2.772400000E-02   6.820801000E-01   2.390000000E-02 
                      7.375701000E-01   2.772400000E-02   8.355701000E-01   2.676800000E-02   8.985200000E-01   1.816400000E-02 
                      1.007810000E+00   1.051600000E-02   1.054300000E+00   2.676800000E-02   1.167130000E+00   8.221600000E-02 
                      1.217500000E+00   6.692000000E-03   1.357630000E+00   2.772400000E-01   1.512200000E+00   2.390000000E-02 
                      1.564380000E+00   4.015200000E-02   1.632240000E+00   2.581200000E-02   1.763690000E+00   1.529600000E-02 
                      1.835090000E+00   1.338400000E-02   1.966430000E+00   5.066800000E-02   2.026630000E+00   2.772400000E-02 
                      2.183150000E+00   1.816400000E-02   2.290680000E+00   5.544800000E-02   2.591730000E+00   1.147200000E-01 
                      2.938220000E+00   2.868000000E-03   3.051750000E+00   6.214000000E-02 
511320   Sb132        6
                      1.949800000E+00   1.330000000E-01   2.300960000E+00   7.280000000E-02   2.644400000E+00   2.212000000E-01 
                      3.024400000E+00   1.806000000E-01   3.101860000E+00   5.600000000E-02   3.840980000E+00   2.940000000E-01 
511321   Sb132m1      6
                      2.408200000E+00   1.000000000E-01   2.619900000E+00   1.400000000E-01   2.895900000E+00   1.400000000E-01 
                      3.011100000E+00   6.000000000E-02   3.290160000E+00   1.400000000E-01   3.786770000E+00   4.000000000E-01 
511330   Sb133        16
                      1.246490000E+00   2.800000000E-01   1.251680000E+00   2.600000000E-01   1.669860000E+00   1.500000000E-03 
                      1.790530000E+00   4.600000000E-02   1.978100000E+00   3.000000000E-03   2.025540000E+00   1.000000000E-02 
                      2.088540000E+00   9.000000000E-02   2.273340000E+00   6.800000000E-02   2.296490000E+00   1.000000000E-02 
                      2.360480000E+00   3.900000000E-02   2.362500000E+00   3.800000000E-02   2.449860000E+00   4.200000000E-02 
                      2.501440000E+00   8.000000000E-03   2.580670000E+00   2.200000000E-02   2.736670000E+00   2.900000000E-02 
                      2.905780000E+00   6.000000000E-02 
511340   Sb134        5
                      5.456370000E+00   2.700000000E-03   5.758710000E+00   7.300000000E-01   5.925620000E+00   7.000000000E-03 
                      7.110960000E+00   6.000000000E-02   7.890000000E+00   2.000000000E-01 
511341   Sb134m1      3
                      5.742700000E+00   4.000000000E-02   6.072370000E+00   5.400000000E-01   6.778680000E+00   4.200000000E-01 
511350   Sb135        25
                      1.880000000E+00   1.300000000E-02   1.950000000E+00   5.000000000E-03   2.040000000E+00   2.200000000E-02 
                      2.110000000E+00   6.000000000E-03   2.470000000E+00   1.100000000E-02   2.650000000E+00   5.000000000E-03 
                      3.040000000E+00   4.000000000E-03   4.997950000E+00   1.300000000E-02   5.517700000E+00   5.000000000E-03 
                      5.550570000E+00   2.300000000E-02   5.671240000E+00   1.400000000E-02   5.743400000E+00   1.300000000E-03 
                      5.749440000E+00   1.200000000E-02   5.780930000E+00   2.700000000E-03   5.926200000E+00   6.700000000E-03 
                      6.102120000E+00   8.400000000E-03   6.282810000E+00   1.400000000E-02   6.417660000E+00   5.000000000E-03 
                      6.466030000E+00   3.700000000E-02   6.677780000E+00   4.900000000E-02   6.739860000E+00   5.600000000E-02 
                      6.873820000E+00   4.500000000E-02   6.940120000E+00   3.500000000E-03   6.992940000E+00   4.500000000E-02 
                      8.120000000E+00   4.700000000E-01 
521270   Te127        5
                      8.359998000E-02   1.290000000E-06   2.840700000E-01   1.190000000E-02   3.270000000E-01   6.000000000E-06 
                      4.991400000E-01   2.700000000E-04   7.020000000E-01   9.879000000E-01 
521271   Te127m1      4
                      6.972003000E-02   1.224000000E-04   1.353100000E-01   2.568000000E-05   1.576600000E-01   8.640000000E-07 
                      7.286200000E-01   2.376000000E-02 
521290   Te129        12
                      2.110601000E-01   3.300000000E-04   2.423400000E-01   3.900000000E-04   2.931999000E-01   5.500000000E-06 
                      3.063500000E-01   6.600000000E-06   3.913500000E-01   8.800000000E-03   4.556500000E-01   9.100000000E-05 
                      6.730800000E-01   2.130000000E-03   7.734300000E-01   7.000000000E-06   9.433800000E-01   2.520000000E-03 
                      1.015650000E+00   9.300000000E-02   1.224620000E+00   5.600000000E-03   1.475200000E+00   8.900000000E-01 
521291   Te129m1      9
                      2.070700000E-01   1.577680000E-03   3.265100000E-01   2.270320000E-05   4.048900000E-01   6.541600000E-06 
                      5.582901000E-01   3.848000000E-04   7.636800000E-01   9.235200000E-05   8.397400000E-01   3.001440000E-04 
                      8.789300000E-01   7.311200000E-03   9.126100000E-01   3.116880000E-02   1.608500000E+00   3.309280000E-01 
521310   Te131        16
                      1.601702000E-01   2.400000000E-04   1.919701000E-01   1.300000000E-04   4.321901000E-01   7.500000000E-04 
                      4.749301000E-01   3.400000000E-04   5.553451000E-01   6.300000000E-04   7.321760000E-01   1.197000000E-02 
                      7.887481000E-01   1.163000000E-02   8.056460000E-01   1.340000000E-02   8.863201000E-01   1.190000000E-03 
                      9.345761000E-01   4.800000000E-03   1.085852000E+00   1.000000000E-01   1.134540000E+00   2.580000000E-02 
                      1.356075000E+00   1.175000000E-02   1.630759000E+00   2.164000000E-01   1.740134000E+00   8.200000000E-03 
                      2.083084000E+00   5.930000000E-01 
521311   Te131m1      21
                      1.465249000E-01   6.491538000E-03   1.754949000E-01   3.245769000E-03   2.405349000E-01   2.655629000E-03 
                      2.464348000E-01   4.426049000E-03   2.487148000E-01   9.540594000E-03   3.029548000E-01   1.603213000E-02 
                      3.538447000E-01   3.540839000E-03   4.061218000E-01   2.183517000E-02   4.161548000E-01   5.212902000E-02 
                      4.368938000E-01   3.521168000E-01   4.429148000E-01   7.868531000E-04   4.810148000E-01   4.327692000E-04 
                      4.925918000E-01   2.065489000E-02   5.180208000E-01   1.583542000E-01   5.295148000E-01   1.367157000E-02 
                      6.200808000E-01   6.884964000E-03   6.556648000E-01   8.852097000E-04   7.711638000E-01   2.458916000E-02 
                      1.357457000E+00   3.540839000E-03   1.411445000E+00   1.770419000E-03   2.417165000E+00   3.737552000E-02 
521320   Te132        1
                      2.401400000E-01   1.000000000E+00 
521330   Te133        33
                      7.570996000E-02   4.700000000E-03   1.166799000E-01   2.600000000E-03   1.336499000E-01   4.300000000E-03 
                      1.738000000E-01   1.060000000E-02   2.810000000E-01   1.800000000E-03   3.445501000E-01   1.800000000E-03 
                      4.002600000E-01   2.180000000E-02   4.163999000E-01   3.800000000E-03   4.489399000E-01   3.600000000E-03 
                      4.746999000E-01   6.100000000E-03   5.246101000E-01   5.600000000E-03   5.487300000E-01   1.100000000E-03 
                      5.782099000E-01   1.400000000E-03   6.582200000E-01   2.600000000E-03   6.755300000E-01   4.600000000E-03 
                      6.869199000E-01   1.250000000E-02   7.169399000E-01   1.000000000E-02   7.322200000E-01   1.330000000E-02 
                      7.483899000E-01   2.280000000E-02   8.055801000E-01   2.390000000E-02   8.884900000E-01   1.080000000E-02 
                      9.016200000E-01   3.400000000E-03   9.165699000E-01   1.400000000E-02   1.224371000E+00   1.040000000E-01 
                      1.270640000E+00   1.330000000E-02   1.377852000E+00   3.500000000E-02   1.568306000E+00   1.200000000E-02 
                      1.608768000E+00   1.310000000E-01   1.629195000E+00   3.300000000E-02   1.702160000E+00   2.000000000E-03 
                      2.155073000E+00   1.500000000E-03   2.222223000E+00   2.830000000E-01   2.629918000E+00   2.080000000E-01 
521331   Te133m1      38
                      2.249600000E-01   1.185700000E-02   2.477700000E-01   6.179000000E-03   3.015601000E-01   2.588500000E-03 
                      3.081599000E-01   8.851000000E-04   3.956899000E-01   7.515000000E-03   4.497700000E-01   6.847000000E-03 
                      4.683201000E-01   5.344000000E-03   4.803601000E-01   1.336000000E-03   4.927800000E-01   1.027050000E-02 
                      5.902300000E-01   2.254500000E-02   6.803711000E-01   1.361050000E-01   7.199499000E-01   3.757500000E-02 
                      7.244199000E-01   7.932500000E-03   7.598401000E-01   6.680000000E-03   7.702500000E-01   7.515000000E-03 
                      7.760200000E-01   1.419500000E-02   7.936301000E-01   1.419500000E-03   8.088601000E-01   2.588500000E-02 
                      8.312700000E-01   7.932500000E-03   8.496001000E-01   2.672000000E-03   8.570200000E-01   4.843000000E-03 
                      9.033001000E-01   6.179000000E-03   9.046331000E-01   4.759500000E-02   1.014619000E+00   7.515000000E-03 
                      1.027700000E+00   9.185000000E-03   1.064350000E+00   1.002000000E-02   1.134602000E+00   1.152300000E-02 
                      1.226910000E+00   1.503000000E-02   1.271100000E+00   2.004000000E-02   1.285438000E+00   4.676000000E-02 
                      1.390715000E+00   1.920500000E-02   1.499623000E+00   5.427500000E-02   1.629600000E+00   1.169000000E-02 
                      1.716098000E+00   1.920500000E-02   1.759990000E+00   3.089500000E-03   2.361488000E+00   6.680000000E-03 
                      2.363585000E+00   8.350000000E-03   3.276260000E+00   3.173000000E-02 
521340   Te134        3
                      4.065341000E-01   1.400000000E-01   5.895690000E-01   4.400000000E-01   6.663120000E-01   4.200000000E-01 
521350   Te135        18
                      1.115300000E+00   5.500000000E-03   1.424200000E+00   6.800000000E-03   1.574500000E+00   4.300000000E-03 
                      2.531000000E+00   1.900000000E-03   2.841600000E+00   4.600000000E-03   3.575400000E+00   3.300000000E-03 
                      3.731000000E+00   3.000000000E-03   3.818850000E+00   4.700000000E-03   3.860800000E+00   6.900000000E-03 
                      4.031000000E+00   6.000000000E-04   4.178200000E+00   3.200000000E-03   4.371200000E+00   2.200000000E-03 
                      4.704140000E+00   7.000000000E-03   4.754790000E+00   1.020000000E-02   4.878060000E+00   1.870000000E-03 
                      5.017480000E+00   1.210000000E-01   5.284320000E+00   1.900000000E-01   5.888000000E+00   6.200000000E-01 
521360   Te136        9
                      1.857800000E+00   2.140000000E-01   1.955900000E+00   6.200000000E-02   2.436580000E+00   3.800000000E-01 
                      4.354790000E+00   5.600000000E-03   4.462470000E+00   1.220000000E-01   4.514230000E+00   2.800000000E-03 
                      4.759030000E+00   1.650000000E-01   4.870890000E+00   2.000000000E-02   5.093000000E+00   4.300000000E-02 
531260   I126         3
                      3.781210000E-01   3.623142000E-02   8.693659000E-01   3.342899000E-01   1.258000000E+00   1.030894000E-01 
531280   I128         5
                      2.416899000E-01   5.772200000E-06   5.360341000E-01   9.961700000E-05   1.149535000E+00   1.499841000E-02 
                      1.676099000E+00   1.156302000E-01   2.119000000E+00   7.997290000E-01 
531290   I129         1
                      1.544220000E-01   1.000000000E+00 
531300   I130         15
                      1.330801000E-01   9.300000000E-04   1.925801000E-01   3.160000000E-03   2.400801000E-01   7.700000000E-04 
                      2.524500000E-01   2.900000000E-04   3.156140000E-01   3.280000000E-03   3.226899000E-01   3.700000000E-04 
                      3.365779000E-01   4.900000000E-03   5.178301000E-01   1.840000000E-03   5.829280000E-01   4.670000000E-01 
                      7.733669000E-01   2.140000000E-02   8.630401000E-01   1.730000000E-03   8.854099000E-01   2.200000000E-04 
                      1.000863000E+00   4.800000000E-01   1.136836000E+00   1.430000000E-02   1.740388000E+00   4.000000000E-03 
531301   I130m1       14
                      2.213540000E-01   8.800000000E-06   3.390840000E-01   2.200000000E-04   3.464441000E-01   9.900000000E-05 
                      3.555742000E-01   5.000000000E-05   4.395242000E-01   5.100000000E-05   4.817432000E-01   1.020000000E-03 
                      4.898540000E-01   1.900000000E-04   5.984541000E-01   3.800000000E-05   6.761741000E-01   2.200000000E-05 
                      6.878640000E-01   3.500000000E-04   8.337610000E-01   5.100000000E-03   1.351465000E+00   6.500000000E-05 
                      1.861834000E+00   1.150000000E-02   2.447886000E+00   1.400000000E-01 
531310   I131         6
                      2.478910000E-01   2.080000000E-02   3.038660000E-01   6.450000000E-03   3.338090000E-01   7.230000000E-02 
                      6.063100000E-01   8.960000000E-01   6.296560000E-01   5.000000000E-04   8.068700000E-01   3.900000000E-03 
531320   I132         33
                      1.958000000E-01   3.500000000E-05   2.276001000E-01   1.000000000E-03   2.606001000E-01   1.500000000E-04 
                      3.201001000E-01   1.900000000E-03   3.438001000E-01   6.900000000E-04   3.542800000E-01   4.500000000E-03 
                      3.670501000E-01   2.200000000E-03   3.882200000E-01   1.400000000E-03   4.253999000E-01   1.800000000E-03 
                      4.591999000E-01   8.300000000E-04   4.689199000E-01   1.600000000E-03   4.966001000E-01   2.400000000E-04 
                      5.045801000E-01   7.500000000E-03   5.228601000E-01   6.600000000E-03   6.641499000E-01   5.000000000E-04 
                      6.903101000E-01   9.000000000E-03   7.408999000E-01   1.280000000E-02   7.421499000E-01   1.300000000E-01 
                      8.265601000E-01   3.500000000E-03   9.110100000E-01   3.400000000E-02   9.675601000E-01   8.200000000E-02 
                      9.923101000E-01   2.730000000E-02   9.972200000E-01   3.200000000E-02   1.156220000E+00   2.500000000E-02 
                      1.186010000E+00   1.900000000E-01   1.230370000E+00   7.000000000E-03   1.393730000E+00   4.000000000E-04 
                      1.413900000E+00   8.000000000E-03   1.470740000E+00   9.100000000E-02   1.540900000E+00   6.000000000E-04 
                      1.618020000E+00   1.230000000E-01   1.777285000E+00   5.000000000E-03   2.140677000E+00   1.900000000E-01 
531321   I132m1       4
                      7.408999000E-01   6.397440000E-03   8.718999000E-01   2.499000000E-02   1.050900000E+00   7.996800000E-03 
                      1.485900000E+00   8.596560000E-02 
531330   I133         11
                      1.670601000E-01   4.200000000E-03   3.708500000E-01   1.260000000E-02   4.066210000E-01   4.000000000E-03 
                      4.587620000E-01   3.800000000E-02   5.205530000E-01   3.200000000E-02   7.047040000E-01   6.300000000E-03 
                      8.455500000E-01   1.500000000E-04   8.816700000E-01   4.200000000E-02   1.013248000E+00   1.830000000E-02 
                      1.227131000E+00   8.300000000E-01   1.523779000E+00   1.040000000E-02 
531340   I134         20
                      5.597099000E-01   3.700000000E-03   5.750000000E-01   6.700000000E-04   6.766101000E-01   1.790000000E-02 
                      6.915401000E-01   1.090000000E-02   7.375000000E-01   2.100000000E-03   7.520000000E-01   5.800000000E-04 
                      7.962600000E-01   2.200000000E-03   9.682200000E-01   1.350000000E-02   1.184630000E+00   3.040000000E-01 
                      1.279100000E+00   5.200000000E-03   1.398100000E+00   6.900000000E-02   1.463550000E+00   1.620000000E-01 
                      1.504450000E+00   4.100000000E-02   1.643500000E+00   6.600000000E-02   1.699040000E+00   1.100000000E-01 
                      1.749750000E+00   2.240000000E-02   1.779990000E+00   1.600000000E-02   1.915410000E+00   2.300000000E-03 
                      2.132410000E+00   3.300000000E-02   2.320840000E+00   1.260000000E-01 
531341   I134m1       1
                      2.525190000E+00   2.300000000E-02 
531350   I135         23
                      1.491299000E-01   1.300000000E-04   1.519199000E-01   1.420000000E-03   1.608899000E-01   1.270000000E-03 
                      1.797000000E-01   1.400000000E-03   2.183401000E-01   1.030000000E-02   2.550100000E-01   9.200000000E-03 
                      2.697600000E-01   1.390000000E-02   3.715220000E-01   4.780000000E-02   3.939590000E-01   7.400000000E-02 
                      4.754800000E-01   2.300000000E-04   5.146001000E-01   7.000000000E-04   5.340569000E-01   1.590000000E-02 
                      5.811081000E-01   1.110000000E-02   6.586770000E-01   8.000000000E-02   6.997061000E-01   5.000000000E-04 
                      7.325501000E-01   6.100000000E-03   8.357870000E-01   8.800000000E-02   9.489351000E-01   2.180000000E-01 
                      1.061712000E+00   8.000000000E-02   1.169434000E+00   7.500000000E-02   1.366584000E+00   2.360000000E-01 
                      1.495488000E+00   1.300000000E-02   2.100449000E+00   1.900000000E-02 
531360   I136         37
                      2.329302000E-01   2.750000000E-03   4.480000000E-01   4.500000000E-04   6.035000000E-01   3.300000000E-04 
                      6.568999000E-01   1.100000000E-04   6.871001000E-01   1.400000000E-04   7.306001000E-01   9.000000000E-04 
                      7.425000000E-01   6.700000000E-04   7.531001000E-01   2.300000000E-03   8.043999000E-01   1.600000000E-03 
                      8.440000000E-01   1.500000000E-04   8.885000000E-01   1.400000000E-03   9.862002000E-01   2.700000000E-04 
                      1.024800000E+00   1.000000000E-03   1.056800000E+00   2.900000000E-03   1.096800000E+00   2.500000000E-03 
                      1.248900000E+00   1.500000000E-03   1.535930000E+00   2.400000000E-03   1.639200000E+00   1.200000000E-03 
                      1.840010000E+00   5.000000000E-03   1.909500000E+00   3.800000000E-03   2.145800000E+00   5.300000000E-04 
                      2.312000000E+00   1.500000000E-03   2.382980000E+00   3.700000000E-03   2.402930000E+00   1.330000000E-02 
                      2.587670000E+00   4.710000000E-02   2.983870000E+00   1.900000000E-03   3.645110000E+00   2.300000000E-03 
                      3.877890000E+00   3.100000000E-03   3.988000000E+00   4.600000000E-02   4.007650000E+00   8.600000000E-03 
                      4.222840000E+00   3.400000000E-01   4.274600000E+00   1.000000000E-03   4.297110000E+00   2.500000000E-02 
                      4.442260000E+00   6.100000000E-02   4.567470000E+00   9.900000000E-02   5.543972000E+00   2.880000000E-01 
                      6.857000000E+00   3.000000000E-02 
531361   I136m1       11
                      7.652002000E-01   3.000000000E-04   9.943999000E-01   1.510000000E-03   2.798400000E+00   1.420000000E-02 
                      2.983190000E+00   8.800000000E-03   3.025950000E+00   1.080000000E-02   4.247570000E+00   9.700000000E-02 
                      4.390970000E+00   1.290000000E-02   4.411610000E+00   7.300000000E-02   4.594470000E+00   1.340000000E-01 
                      4.964290000E+00   7.100000000E-01   5.161610000E+00   4.550000000E-02 
531370   I137         156
                      4.720000000E-01   5.000000000E-04   5.010000000E-01   3.000000000E-04   5.250000000E-01   4.000000000E-04 
                      6.497002000E-01   6.000000000E-04   6.711001000E-01   7.000000000E-04   7.002998000E-01   1.600000000E-03 
                      7.097998000E-01   5.800000000E-05   7.217998000E-01   7.000000000E-04   7.312002000E-01   3.300000000E-05 
                      7.477998000E-01   2.100000000E-05   7.550000000E-01   3.000000000E-04   7.997998000E-01   7.000000000E-04 
                      8.548999000E-01   6.000000000E-04   8.812002000E-01   8.000000000E-04   9.015000000E-01   1.400000000E-03 
                      9.240000000E-01   4.000000000E-04   9.743999000E-01   4.000000000E-04   9.810000000E-01   5.000000000E-05 
                      9.995000000E-01   2.900000000E-03   1.011000000E+00   8.000000000E-04   1.077500000E+00   3.400000000E-05 
                      1.082100000E+00   1.900000000E-03   1.095300000E+00   1.000000000E-04   1.107400000E+00   1.900000000E-03 
                      1.122000000E+00   1.000000000E-04   1.129700000E+00   5.000000000E-04   1.167300000E+00   5.000000000E-04 
                      1.194200000E+00   3.000000000E-05   1.199400000E+00   4.900000000E-05   1.248900000E+00   9.000000000E-04 
                      1.270700000E+00   3.100000000E-03   1.295400000E+00   2.000000000E-03   1.320100000E+00   1.400000000E-04 
                      1.336400000E+00   1.600000000E-03   1.336700000E+00   7.400000000E-05   1.352800000E+00   2.500000000E-03 
                      1.374800000E+00   3.100000000E-03   1.378100000E+00   5.900000000E-05   1.390600000E+00   8.000000000E-04 
                      1.402200000E+00   1.900000000E-04   1.436900000E+00   1.600000000E-03   1.455300000E+00   8.000000000E-05 
                      1.459300000E+00   2.100000000E-03   1.477220000E+00   2.200000000E-03   1.480200000E+00   6.100000000E-03 
                      1.500300000E+00   1.000000000E-03   1.533500000E+00   1.400000000E-03   1.547220000E+00   1.140000000E-03 
                      1.561800000E+00   1.200000000E-04   1.581700000E+00   2.200000000E-03   1.591900000E+00   7.000000000E-05 
                      1.597400000E+00   1.600000000E-03   1.603470000E+00   3.000000000E-03   1.609700000E+00   1.400000000E-04 
                      1.619600000E+00   9.000000000E-05   1.668400000E+00   3.300000000E-04   1.680900000E+00   2.600000000E-04 
                      1.690990000E+00   1.800000000E-04   1.699200000E+00   5.000000000E-04   1.706890000E+00   6.300000000E-04 
                      1.719060000E+00   3.200000000E-03   1.727000000E+00   1.000000000E-04   1.739020000E+00   6.900000000E-04 
                      1.750010000E+00   6.400000000E-04   1.775000000E+00   3.100000000E-04   1.776700000E+00   1.900000000E-04 
                      1.776800000E+00   1.600000000E-03   1.796130000E+00   8.300000000E-04   1.815400000E+00   8.000000000E-05 
                      1.841040000E+00   5.000000000E-04   1.851080000E+00   4.800000000E-03   1.854270000E+00   6.300000000E-03 
                      1.863820000E+00   2.100000000E-04   1.883720000E+00   1.190000000E-02   1.893080000E+00   1.230000000E-02 
                      1.968730000E+00   5.300000000E-03   2.013770000E+00   3.000000000E-03   2.017530000E+00   4.100000000E-03 
                      2.079320000E+00   1.400000000E-03   2.084570000E+00   1.790000000E-02   2.150340000E+00   4.700000000E-03 
                      2.209410000E+00   5.900000000E-04   2.308310000E+00   1.600000000E-03   2.309870000E+00   5.700000000E-03 
                      2.335800000E+00   5.000000000E-04   2.339390000E+00   6.000000000E-04   2.379350000E+00   8.000000000E-04 
                      2.421380000E+00   3.500000000E-03   2.462930000E+00   4.000000000E-04   2.526960000E+00   1.400000000E-03 
                      2.592380000E+00   7.000000000E-04   2.603280000E+00   4.700000000E-03   2.616900000E+00   1.100000000E-03 
                      2.626030000E+00   1.200000000E-03   2.762390000E+00   1.400000000E-03   2.857090000E+00   5.600000000E-03 
                      2.886090000E+00   7.000000000E-04   2.896460000E+00   7.300000000E-04   2.919660000E+00   1.000000000E-04 
                      2.957370000E+00   9.000000000E-04   2.970200000E+00   7.000000000E-04   3.035500000E+00   2.200000000E-03 
                      3.050160000E+00   8.000000000E-04   3.153860000E+00   1.000000000E-03   3.203700000E+00   2.700000000E-03 
                      3.208410000E+00   3.400000000E-03   3.250300000E+00   2.800000000E-03   3.308910000E+00   1.400000000E-03 
                      3.313070000E+00   9.000000000E-04   3.405160000E+00   1.900000000E-03   3.435990000E+00   2.400000000E-03 
                      3.457300000E+00   2.100000000E-03   3.499700000E+00   9.000000000E-04   3.511680000E+00   2.900000000E-03 
                      3.523720000E+00   4.200000000E-03   3.534350000E+00   3.500000000E-03   3.598410000E+00   1.200000000E-03 
                      3.635910000E+00   2.280000000E-02   3.642240000E+00   4.000000000E-04   3.650030000E+00   1.000000000E-03 
                      3.683850000E+00   3.400000000E-03   3.688810000E+00   3.800000000E-03   3.724890000E+00   4.400000000E-03 
                      3.733000000E+00   2.700000000E-03   3.735680000E+00   1.900000000E-03   3.766010000E+00   1.100000000E-03 
                      3.780030000E+00   8.600000000E-03   3.790330000E+00   2.200000000E-03   3.792030000E+00   2.600000000E-03 
                      3.850140000E+00   1.900000000E-02   3.866950000E+00   1.200000000E-03   3.869200000E+00   1.500000000E-03 
                      3.882940000E+00   1.080000000E-02   3.888820000E+00   9.400000000E-03   3.943950000E+00   7.500000000E-03 
                      3.953560000E+00   1.500000000E-03   3.981660000E+00   8.000000000E-04   4.000740000E+00   4.900000000E-03 
                      4.006870000E+00   1.330000000E-02   4.030310000E+00   4.900000000E-03   4.038510000E+00   8.000000000E-04 
                      4.059440000E+00   2.300000000E-03   4.071250000E+00   4.500000000E-03   4.083920000E+00   1.000000000E-02 
                      4.113830000E+00   8.600000000E-03   4.127440000E+00   1.100000000E-03   4.164450000E+00   5.200000000E-03 
                      4.211870000E+00   5.000000000E-03   4.345680000E+00   2.300000000E-02   4.367840000E+00   1.100000000E-02 
                      4.577270000E+00   1.900000000E-02   4.659930000E+00   9.000000000E-03   4.662000000E+00   8.900000000E-02 
                      4.893800000E+00   2.500000000E-04   5.278950000E+00   2.000000000E-03   5.880000000E+00   4.520000000E-01 
531380   I138         35
                      2.728360000E+00   6.000000000E-03   2.928400000E+00   1.500000000E-03   3.028000000E+00   2.100000000E-03 
                      3.579510000E+00   3.200000000E-03   3.751040000E+00   4.500000000E-03   3.887990000E+00   1.090000000E-02 
                      4.108700000E+00   1.600000000E-03   4.170960000E+00   3.300000000E-01   4.553450000E+00   2.800000000E-03 
                      4.573430000E+00   8.000000000E-03   4.595220000E+00   5.000000000E-03   4.938610000E+00   8.000000000E-03 
                      5.105630000E+00   1.240000000E-02   5.117420000E+00   2.000000000E-03   5.179530000E+00   1.070000000E-02 
                      5.234350000E+00   1.510000000E-02   5.275670000E+00   6.200000000E-03   5.395740000E+00   9.800000000E-03 
                      5.425310000E+00   3.400000000E-03   5.497550000E+00   1.270000000E-02   5.526270000E+00   2.400000000E-02 
                      5.534880000E+00   3.200000000E-03   5.671840000E+00   2.700000000E-02   5.735980000E+00   4.600000000E-02 
                      5.738430000E+00   4.000000000E-03   5.807860000E+00   5.000000000E-02   5.857490000E+00   4.500000000E-03 
                      5.952790000E+00   5.800000000E-03   5.955340000E+00   1.000000000E-02   6.054550000E+00   1.500000000E-02 
                      6.166840000E+00   2.300000000E-02   6.203740000E+00   2.130000000E-02   6.606010000E+00   4.000000000E-02 
                      7.481174000E+00   2.700000000E-01   8.070000000E+00   1.000000000E-05 
541330   Xe133        3
                      4.354920000E-02   7.600000000E-05   2.667840000E-01   8.100000000E-03   3.464026000E-01   9.900000000E-01 
541350   Xe135        5
                      1.025800000E-01   1.230000000E-03   1.836850000E-01   7.500000000E-04   5.568140000E-01   3.110000000E-02 
                      7.570110000E-01   5.900000000E-03   9.152070000E-01   9.600000000E-01 
541351   Xe135m1      4
                      3.335501000E-01   1.599984000E-06   4.995501000E-01   3.199968000E-07   5.585501000E-01   2.399976000E-06 
                      9.046500000E-01   3.499965000E-05 
541370   Xe137        34
                      1.858999000E-01   3.000000000E-06   2.065999000E-01   9.000000000E-06   2.098899000E-01   3.000000000E-04 
                      2.214998000E-01   2.000000000E-06   2.240999000E-01   1.100000000E-05   2.551399000E-01   1.800000000E-05 
                      3.382998000E-01   6.100000000E-05   3.753999000E-01   1.100000000E-04   4.255998000E-01   1.000000000E-05 
                      4.681997000E-01   6.200000000E-05   5.781997000E-01   5.600000000E-05   7.848399000E-01   2.700000000E-04 
                      1.002800000E+00   1.300000000E-04   1.058100000E+00   6.000000000E-05   1.124990000E+00   3.600000000E-04 
                      1.217110000E+00   1.000000000E-04   1.312260000E+00   7.200000000E-03   1.313190000E+00   1.000000000E-03 
                      1.366400000E+00   4.000000000E-05   1.794460000E+00   1.500000000E-05   1.945500000E+00   5.000000000E-05 
                      2.062890000E+00   1.500000000E-05   2.094270000E+00   1.400000000E-03   2.246030000E+00   7.300000000E-04 
                      2.294430000E+00   1.500000000E-04   2.378830000E+00   3.800000000E-03   2.511060000E+00   5.100000000E-04 
                      2.587460000E+00   1.700000000E-03   2.598170000E+00   6.600000000E-04   2.889100000E+00   4.000000000E-04 
                      2.977590000E+00   1.000000000E-04   3.313400000E+00   6.500000000E-03   3.706810000E+00   3.100000000E-01 
                      4.162300000E+00   6.700000000E-01 
541380   Xe138        20
                      4.035801000E-01   2.300000000E-03   4.209900000E-01   4.600000000E-03   5.743601000E-01   3.070000000E-02 
                      6.488799000E-01   9.500000000E-02   8.852700000E-01   3.270000000E-01   8.897800000E-01   2.800000000E-03 
                      1.117940000E+00   2.300000000E-03   1.374080000E+00   4.000000000E-04   1.539860000E+00   1.600000000E-03 
                      1.706750000E+00   1.900000000E-03   1.802420000E+00   8.000000000E-04   1.959920000E+00   2.700000000E-03 
                      2.220850000E+00   6.000000000E-04   2.356020000E+00   4.000000000E-04   2.461680000E+00   2.010000000E-01 
                      2.499740000E+00   1.340000000E-01   2.576630000E+00   2.000000000E-04   2.653600000E+00   5.100000000E-02 
                      2.896256000E+00   9.000000000E-02   2.901140000E+00   5.000000000E-02 
541390   Xe139        58
                      8.283301000E-01   1.000000000E-03   1.131260000E+00   1.600000000E-03   1.240770000E+00   1.000000000E-03 
                      1.280000000E+00   2.100000000E-03   1.310500000E+00   4.000000000E-03   1.551330000E+00   3.800000000E-03 
                      1.680600000E+00   4.100000000E-03   1.683270000E+00   1.400000000E-03   1.847170000E+00   4.000000000E-03 
                      1.899920000E+00   1.400000000E-03   1.909300000E+00   9.000000000E-04   1.925670000E+00   1.600000000E-03 
                      2.075550000E+00   1.500000000E-03   2.088540000E+00   8.100000000E-03   2.119160000E+00   2.400000000E-03 
                      2.203690000E+00   1.800000000E-03   2.258450000E+00   1.100000000E-02   2.301870000E+00   4.500000000E-03 
                      2.328370000E+00   2.000000000E-03   2.435400000E+00   7.900000000E-03   2.469940000E+00   9.800000000E-03 
                      2.545540000E+00   1.840000000E-02   2.623560000E+00   3.100000000E-03   2.632500000E+00   1.000000000E-03 
                      2.683050000E+00   7.100000000E-03   2.727230000E+00   2.700000000E-02   2.751290000E+00   3.000000000E-02 
                      2.870420000E+00   2.100000000E-02   2.936360000E+00   6.000000000E-03   2.956380000E+00   2.700000000E-03 
                      2.992400000E+00   6.000000000E-03   3.224600000E+00   3.200000000E-03   3.239500000E+00   7.500000000E-04 
                      3.317310000E+00   1.290000000E-02   3.337570000E+00   5.700000000E-03   3.362080000E+00   3.500000000E-03 
                      3.403250000E+00   1.700000000E-02   3.456010000E+00   3.800000000E-03   3.547760000E+00   2.400000000E-03 
                      3.594690000E+00   8.600000000E-03   3.644300000E+00   5.500000000E-04   3.660750000E+00   3.400000000E-03 
                      3.840980000E+00   2.200000000E-03   4.018730000E+00   2.300000000E-03   4.035700000E+00   1.160000000E-02 
                      4.049270000E+00   8.800000000E-02   4.113460000E+00   1.180000000E-02   4.164420000E+00   1.100000000E-02 
                      4.323620000E+00   2.200000000E-02   4.345710000E+00   1.100000000E-03   4.409480000E+00   3.300000000E-03 
                      4.460570000E+00   1.850000000E-03   4.540780000E+00   2.190000000E-01   4.662210000E+00   1.600000000E-02 
                      4.662520000E+00   1.380000000E-01   4.766240000E+00   1.900000000E-02   4.837356000E+00   4.900000000E-02 
                      5.056000000E+00   1.600000000E-01 
541400   Xe140        14
                      1.739690000E+00   1.100000000E-02   1.777950000E+00   4.000000000E-03   2.074440000E+00   8.000000000E-03 
                      2.636420000E+00   6.500000000E-01   2.774800000E+00   3.300000000E-02   2.870400000E+00   4.000000000E-03 
                      2.904290000E+00   4.000000000E-03   2.926930000E+00   4.400000000E-02   2.982230000E+00   8.000000000E-03 
                      3.098220000E+00   7.000000000E-03   3.263620000E+00   4.000000000E-03   3.410640000E+00   6.400000000E-02 
                      3.549180000E+00   1.100000000E-02   3.983882000E+00   8.700000000E-02 
541410   Xe141        22
                      4.726400000E+00   1.200000000E-01   4.944300000E+00   9.000000000E-03   5.087500000E+00   1.300000000E-02 
                      5.148700000E+00   2.500000000E-02   5.162000000E+00   2.500000000E-02   5.185880000E+00   2.400000000E-01 
                      5.303200000E+00   4.400000000E-02   5.307800000E+00   3.000000000E-03   5.439900000E+00   6.000000000E-03 
                      5.482000000E+00   1.100000000E-02   5.614300000E+00   7.000000000E-03   5.638800000E+00   1.900000000E-02 
                      5.725900000E+00   1.000000000E-03   5.790200000E+00   7.000000000E-03   5.815000000E+00   2.400000000E-02 
                      5.894000000E+00   7.000000000E-03   5.913500000E+00   1.600000000E-02   6.076350000E+00   2.800000000E-02 
                      6.095240000E+00   5.900000000E-02   6.166180000E+00   3.000000000E-03   6.213950000E+00   8.200000000E-02 
                      6.283000000E+00   1.000000000E-01 
551300   Cs130        1
                      3.690000000E-01   1.600000000E-02 
551320   Cs132        2
                      2.472390000E-01   3.600274000E-03   8.144030000E-01   1.510115000E-02 
551340   Cs134        3
                      8.877698000E-02   2.726992000E-01   4.153650000E-01   2.498993000E-02   6.581090000E-01   7.016979000E-01 
551350   Cs135        1
                      2.687000000E-01   1.000000000E+00 
551360   Cs136        7
                      1.744519000E-01   2.040000000E-02   1.916299000E-01   2.100000000E-03   3.410659000E-01   7.030000000E-01 
                      4.079748000E-01   1.050000000E-01   4.943201000E-01   4.700000000E-02   5.176770000E-01   1.000000000E-03 
                      6.816009000E-01   1.300000000E-01 
551370   Cs137        3
                      5.139710000E-01   9.470000000E-01   8.921300000E-01   5.800000000E-06   1.175630000E+00   5.300000000E-02 
551380   Cs138        32
                      7.441099000E-01   2.600000000E-03   8.658901000E-01   1.600000000E-03   1.131490000E+00   1.000000000E-03 
                      1.293860000E+00   1.800000000E-03   1.361700000E+00   8.000000000E-04   1.438730000E+00   4.700000000E-03 
                      1.451390000E+00   2.100000000E-03   1.679980000E+00   3.000000000E-03   1.721400000E+00   5.000000000E-05 
                      1.726940000E+00   4.300000000E-03   1.931700000E+00   1.100000000E-04   1.936600000E+00   1.100000000E-04 
                      2.006980000E+00   2.300000000E-03   2.021400000E+00   3.500000000E-04   2.034930000E+00   1.700000000E-03 
                      2.116280000E+00   6.000000000E-04   2.131340000E+00   2.700000000E-03   2.210390000E+00   3.400000000E-03 
                      2.324010000E+00   1.700000000E-03   2.382760000E+00   6.400000000E-03   2.442480000E+00   2.100000000E-03 
                      2.493020000E+00   5.400000000E-03   2.522320000E+00   2.000000000E-03   2.594500000E+00   1.590000000E-02 
                      2.734410000E+00   8.800000000E-02   2.790820000E+00   1.670000000E-02   2.928280000E+00   4.400000000E-01 
                      2.958450000E+00   6.300000000E-03   3.066340000E+00   7.300000000E-02   3.156030000E+00   1.300000000E-01 
                      3.475290000E+00   1.370000000E-01   3.938090000E+00   4.300000000E-02 
551381   Cs138m1      3
                      3.039700000E+00   2.798320000E-02   3.251700000E+00   1.998800000E-02   3.364200000E+00   1.459124000E-01 
551390   Cs139        61
                      2.621599000E-01   9.900000000E-04   3.007300000E-01   1.200000000E-04   3.251001000E-01   7.800000000E-05 
                      3.590701000E-01   1.900000000E-04   3.732700000E-01   3.300000000E-04   3.929499000E-01   1.100000000E-04 
                      4.437800000E-01   4.400000000E-04   4.888101000E-01   3.400000000E-04   5.110501000E-01   6.100000000E-04 
                      5.383799000E-01   5.300000000E-04   5.473401000E-01   1.500000000E-03   7.486001000E-01   1.900000000E-03 
                      7.785501000E-01   3.800000000E-04   7.942099000E-01   6.900000000E-04   8.116101000E-01   2.900000000E-04 
                      9.427200000E-01   2.500000000E-04   1.013000000E+00   1.500000000E-03   1.215690000E+00   1.400000000E-03 
                      1.218570000E+00   1.170000000E-03   1.365250000E+00   1.400000000E-03   1.563620000E+00   2.400000000E-03 
                      1.607260000E+00   5.600000000E-03   1.681170000E+00   5.400000000E-03   1.683310000E+00   1.200000000E-03 
                      1.688700000E+00   7.700000000E-04   1.751330000E+00   1.200000000E-03   1.832300000E+00   1.700000000E-03 
                      1.837200000E+00   1.500000000E-03   1.863190000E+00   1.210000000E-02   1.908120000E+00   9.200000000E-04 
                      1.963150000E+00   2.800000000E-04   1.983170000E+00   9.200000000E-04   1.994070000E+00   1.300000000E-03 
                      2.039050000E+00   2.900000000E-03   2.046290000E+00   3.600000000E-04   2.054120000E+00   4.700000000E-04 
                      2.056000000E+00   2.100000000E-04   2.102140000E+00   7.700000000E-03   2.112920000E+00   4.800000000E-04 
                      2.123110000E+00   1.050000000E-03   2.133950000E+00   5.800000000E-04   2.175030000E+00   1.900000000E-03 
                      2.192110000E+00   1.600000000E-03   2.214750000E+00   1.100000000E-03   2.263870000E+00   2.300000000E-03 
                      2.279520000E+00   2.500000000E-03   2.325460000E+00   2.700000000E-03   2.335620000E+00   3.600000000E-03 
                      2.361970000E+00   1.300000000E-03   2.395220000E+00   1.200000000E-04   2.464710000E+00   2.600000000E-04 
                      2.514310000E+00   1.070000000E-03   2.532220000E+00   3.700000000E-03   2.592270000E+00   4.000000000E-03 
                      2.674090000E+00   3.100000000E-04   2.792330000E+00   3.600000000E-03   2.904810000E+00   2.200000000E-03 
                      2.929680000E+00   6.200000000E-02   3.130960000E+00   2.000000000E-04   3.585681000E+00   1.000000000E-04 
                      4.213000000E+00   8.450000000E-01 
551400   Cs140        50
                      4.200000000E-01   4.800000000E-04   6.200000000E-01   1.800000000E-03   6.316299000E-01   8.200000000E-03 
                      8.313599000E-01   3.800000000E-03   1.036930000E+00   2.400000000E-03   1.046340000E+00   3.600000000E-03 
                      1.238300000E+00   6.600000000E-03   1.418840000E+00   5.800000000E-03   1.600000000E+00   4.800000000E-03 
                      1.720110000E+00   4.200000000E-03   1.804000000E+00   6.000000000E-03   1.824600000E+00   6.000000000E-03 
                      1.831890000E+00   6.600000000E-03   1.861630000E+00   4.800000000E-03   1.944920000E+00   6.000000000E-03 
                      2.020000000E+00   1.560000000E-02   2.140080000E+00   1.200000000E-02   2.182800000E+00   6.600000000E-03 
                      2.187510000E+00   3.600000000E-03   2.246980000E+00   3.240000000E-02   2.275980000E+00   1.800000000E-02 
                      2.368980000E+00   4.190000000E-02   2.374400000E+00   5.400000000E-03   2.563940000E+00   3.180000000E-02 
                      2.618200000E+00   9.000000000E-03   2.693400000E+00   3.600000000E-03   2.699500000E+00   2.400000000E-03 
                      2.768560000E+00   1.920000000E-02   3.000000000E+00   9.600000000E-03   3.121580000E+00   1.200000000E-03 
                      3.246440000E+00   2.640000000E-02   3.287430000E+00   4.550000000E-02   3.346190000E+00   4.900000000E-03 
                      3.349370000E+00   1.560000000E-02   3.437960000E+00   6.000000000E-04   3.516000000E+00   3.480000000E-02 
                      3.698160000E+00   2.640000000E-02   3.790500000E+00   2.640000000E-02   3.899230000E+00   9.700000000E-04 
                      3.910180000E+00   4.800000000E-03   3.982780000E+00   1.440000000E-02   4.015810000E+00   6.000000000E-03 
                      4.081760000E+00   2.400000000E-03   4.158800000E+00   3.000000000E-03   4.226420000E+00   4.800000000E-03 
                      4.268430000E+00   4.000000000E-04   4.396230000E+00   1.460000000E-02   4.709370000E+00   3.360000000E-02 
                      5.617690000E+00   1.007000000E-01   6.220000000E+00   3.590000000E-01 
551410   Cs141        78
                      3.030000000E-01   2.000000000E-05   4.530000000E-01   1.300000000E-04   5.820000000E-01   1.200000000E-04 
                      6.617998000E-01   2.400000000E-04   7.082798000E-01   3.600000000E-04   7.195801000E-01   7.100000000E-04 
                      8.886001000E-01   1.430000000E-03   1.013900000E+00   4.200000000E-03   1.203000000E+00   7.100000000E-03 
                      1.353000000E+00   5.200000000E-03   1.503000000E+00   1.170000000E-02   1.653000000E+00   2.300000000E-02 
                      1.796460000E+00   2.230000000E-02   1.811300000E+00   7.700000000E-03   1.821270000E+00   1.070000000E-02 
                      1.918110000E+00   2.620000000E-02   1.937470000E+00   2.180000000E-02   1.979500000E+00   1.900000000E-02 
                      1.993740000E+00   1.190000000E-02   2.005600000E+00   1.310000000E-02   2.009960000E+00   1.070000000E-02 
                      2.063330000E+00   1.310000000E-02   2.082800000E+00   7.700000000E-03   2.120120000E+00   8.900000000E-03 
                      2.132640000E+00   4.520000000E-02   2.141020000E+00   8.600000000E-03   2.153490000E+00   1.070000000E-02 
                      2.165400000E+00   1.550000000E-02   2.174570000E+00   7.700000000E-03   2.209960000E+00   7.700000000E-03 
                      2.221050000E+00   8.300000000E-03   2.248450000E+00   8.300000000E-03   2.280340000E+00   1.310000000E-02 
                      2.378320000E+00   2.400000000E-02   2.503000000E+00   1.900000000E-02   2.653000000E+00   7.700000000E-03 
                      2.728000000E+00   4.800000000E-03   2.803110000E+00   1.130000000E-02   2.858400000E+00   4.800000000E-03 
                      2.870270000E+00   6.000000000E-03   2.889460000E+00   3.000000000E-03   2.978940000E+00   2.080000000E-02 
                      3.110180000E+00   1.070000000E-02   3.145760000E+00   1.370000000E-02   3.190570000E+00   5.400000000E-03 
                      3.242820000E+00   8.900000000E-03   3.310510000E+00   6.500000000E-03   3.378990000E+00   9.500000000E-03 
                      3.399130000E+00   1.550000000E-03   3.408470000E+00   9.500000000E-03   3.487680000E+00   2.400000000E-03 
                      3.488910000E+00   5.400000000E-03   3.535650000E+00   1.550000000E-03   3.543080000E+00   5.400000000E-03 
                      3.562680000E+00   3.600000000E-04   3.575990000E+00   2.400000000E-04   3.598910000E+00   1.670000000E-03 
                      3.623260000E+00   9.500000000E-04   3.669870000E+00   9.500000000E-04   3.680500000E+00   1.190000000E-03 
                      3.706980000E+00   6.000000000E-04   3.820710000E+00   4.200000000E-03   3.911500000E+00   3.600000000E-03 
                      4.003960000E+00   9.500000000E-03   4.021370000E+00   1.190000000E-03   4.023190000E+00   1.190000000E-03 
                      4.026500000E+00   4.800000000E-03   4.038580000E+00   2.100000000E-03   4.050900000E+00   6.500000000E-03 
                      4.057500000E+00   6.500000000E-03   4.136210000E+00   7.700000000E-03   4.196760000E+00   1.900000000E-03 
                      4.426000000E+00   4.200000000E-03   4.505970000E+00   6.500000000E-03   4.543560000E+00   6.500000000E-03 
                      4.609190000E+00   3.600000000E-03   4.642870000E+00   3.330000000E-02   5.198000000E+00   3.560000000E-01 
551420   Cs142        166
                      1.025000000E+00   1.200000000E-04   1.200000000E+00   1.600000000E-04   1.225000000E+00   1.400000000E-04 
                      1.275000000E+00   7.000000000E-05   1.300000000E+00   8.000000000E-05   1.325000000E+00   1.900000000E-04 
                      1.350000000E+00   1.800000000E-04   1.400000000E+00   2.100000000E-04   1.425000000E+00   7.000000000E-05 
                      1.450000000E+00   1.400000000E-04   1.475000000E+00   2.700000000E-04   1.500000000E+00   4.600000000E-04 
                      1.525000000E+00   5.000000000E-04   1.550000000E+00   2.800000000E-04   1.575000000E+00   4.000000000E-04 
                      1.600000000E+00   2.600000000E-04   1.625000000E+00   4.000000000E-04   1.650000000E+00   4.000000000E-04 
                      1.675000000E+00   5.000000000E-04   1.700000000E+00   9.000000000E-04   1.725000000E+00   2.000000000E-04 
                      1.750000000E+00   5.000000000E-04   1.775000000E+00   2.400000000E-04   1.800000000E+00   1.200000000E-04 
                      1.825000000E+00   2.000000000E-04   1.850000000E+00   9.000000000E-04   1.875000000E+00   7.000000000E-04 
                      1.900000000E+00   5.400000000E-04   1.925000000E+00   4.000000000E-04   1.950000000E+00   3.500000000E-04 
                      1.975000000E+00   3.000000000E-04   2.000000000E+00   8.000000000E-04   2.025000000E+00   1.000000000E-03 
                      2.050000000E+00   6.000000000E-04   2.075000000E+00   7.000000000E-04   2.100000000E+00   6.000000000E-04 
                      2.125000000E+00   1.000000000E-03   2.150000000E+00   9.000000000E-04   2.175000000E+00   7.200000000E-04 
                      2.200000000E+00   9.000000000E-04   2.225000000E+00   8.000000000E-04   2.250000000E+00   1.000000000E-03 
                      2.275000000E+00   8.000000000E-04   2.300000000E+00   1.200000000E-03   2.325000000E+00   1.200000000E-03 
                      2.350000000E+00   1.800000000E-03   2.375000000E+00   1.300000000E-03   2.400000000E+00   9.000000000E-04 
                      2.425000000E+00   2.000000000E-03   2.450000000E+00   1.200000000E-03   2.475000000E+00   1.700000000E-03 
                      2.500000000E+00   1.900000000E-03   2.525000000E+00   1.500000000E-03   2.550000000E+00   1.790000000E-03 
                      2.575000000E+00   2.500000000E-03   2.600000000E+00   2.400000000E-03   2.625000000E+00   3.000000000E-03 
                      2.650000000E+00   2.900000000E-03   2.675000000E+00   3.700000000E-03   2.700000000E+00   4.200000000E-03 
                      2.725000000E+00   5.400000000E-03   2.750000000E+00   4.400000000E-03   2.775000000E+00   5.900000000E-03 
                      2.800000000E+00   5.900000000E-03   2.825000000E+00   5.700000000E-03   2.850000000E+00   5.700000000E-03 
                      2.875000000E+00   7.200000000E-03   2.900000000E+00   6.400000000E-03   2.925000000E+00   6.300000000E-03 
                      2.950000000E+00   6.400000000E-03   2.975000000E+00   6.900000000E-03   3.000000000E+00   5.200000000E-03 
                      3.025000000E+00   5.600000000E-03   3.050000000E+00   4.000000000E-03   3.075000000E+00   4.200000000E-03 
                      3.100000000E+00   4.700000000E-03   3.125000000E+00   3.700000000E-03   3.150000000E+00   4.900000000E-03 
                      3.175000000E+00   4.900000000E-03   3.200000000E+00   4.100000000E-03   3.225000000E+00   2.900000000E-03 
                      3.250000000E+00   4.700000000E-03   3.275000000E+00   3.900000000E-03   3.300000000E+00   5.000000000E-03 
                      3.325000000E+00   4.500000000E-03   3.350000000E+00   4.100000000E-03   3.375000000E+00   2.500000000E-03 
                      3.400000000E+00   3.400000000E-03   3.425000000E+00   2.800000000E-03   3.450000000E+00   5.300000000E-03 
                      3.475000000E+00   6.200000000E-03   3.500000000E+00   6.300000000E-03   3.525000000E+00   4.200000000E-03 
                      3.550000000E+00   5.400000000E-03   3.575000000E+00   5.700000000E-03   3.600000000E+00   5.000000000E-03 
                      3.625000000E+00   3.700000000E-03   3.650000000E+00   2.200000000E-03   3.675000000E+00   2.300000000E-03 
                      3.700000000E+00   2.700000000E-03   3.725000000E+00   2.800000000E-03   3.750000000E+00   3.700000000E-03 
                      3.775000000E+00   4.700000000E-03   3.800000000E+00   4.400000000E-03   3.825000000E+00   3.900000000E-03 
                      3.850000000E+00   2.000000000E-03   3.875000000E+00   1.200000000E-03   3.900000000E+00   8.000000000E-04 
                      3.925000000E+00   8.000000000E-04   3.950000000E+00   9.000000000E-04   3.975000000E+00   9.000000000E-04 
                      4.000000000E+00   1.900000000E-03   4.025000000E+00   3.300000000E-03   4.050000000E+00   6.400000000E-03 
                      4.075000000E+00   6.800000000E-03   4.100000000E+00   6.000000000E-03   4.125000000E+00   4.600000000E-03 
                      4.150000000E+00   3.300000000E-03   4.175000000E+00   3.100000000E-03   4.200000000E+00   3.500000000E-03 
                      4.225000000E+00   2.700000000E-03   4.250000000E+00   6.000000000E-04   4.400000000E+00   1.200000000E-03 
                      4.425000000E+00   2.900000000E-03   4.450000000E+00   4.600000000E-03   4.475000000E+00   3.200000000E-03 
                      4.500000000E+00   1.400000000E-03   4.525000000E+00   1.500000000E-03   4.550000000E+00   2.100000000E-03 
                      4.575000000E+00   1.800000000E-03   4.600000000E+00   2.200000000E-03   4.625000000E+00   1.100000000E-03 
                      4.650000000E+00   8.000000000E-04   4.675000000E+00   3.000000000E-04   4.725000000E+00   1.700000000E-03 
                      4.750000000E+00   2.500000000E-03   4.775000000E+00   1.600000000E-03   4.800000000E+00   1.300000000E-03 
                      4.825000000E+00   7.000000000E-04   4.850000000E+00   1.600000000E-04   4.925000000E+00   2.100000000E-04 
                      5.000000000E+00   8.000000000E-03   5.025000000E+00   1.700000000E-03   5.050000000E+00   1.500000000E-03 
                      5.075000000E+00   1.100000000E-03   5.100000000E+00   5.000000000E-04   5.150000000E+00   3.000000000E-04 
                      5.175000000E+00   8.000000000E-04   5.200000000E+00   1.000000000E-03   5.225000000E+00   2.200000000E-03 
                      5.250000000E+00   1.000000000E-03   5.275000000E+00   9.000000000E-04   5.300000000E+00   6.000000000E-05 
                      5.400000000E+00   7.000000000E-04   5.425000000E+00   7.000000000E-04   5.450000000E+00   1.700000000E-03 
                      5.475000000E+00   7.000000000E-04   5.500000000E+00   3.000000000E-04   5.525000000E+00   1.900000000E-04 
                      5.550000000E+00   1.900000000E-03   5.700000000E+00   8.000000000E-03   5.800000000E+00   2.990000000E-02 
                      5.925000000E+00   8.000000000E-04   5.998520000E+00   1.570000000E-01   6.965404000E+00   2.900000000E-03 
                      7.325000000E+00   4.300000000E-01 
551430   Cs143        16
                      3.623530000E+00   2.700000000E-02   4.809720000E+00   1.700000000E-02   5.161360000E+00   1.900000000E-02 
                      5.176850000E+00   2.100000000E-02   5.328320000E+00   4.000000000E-03   5.427900000E+00   7.700000000E-02 
                      5.532740000E+00   1.700000000E-02   5.566440000E+00   4.900000000E-02   5.602010000E+00   6.000000000E-02 
                      5.727170000E+00   1.100000000E-02   5.795260000E+00   3.300000000E-02   5.955410000E+00   6.300000000E-02 
                      6.029578000E+00   5.100000000E-02   6.033140000E+00   1.200000000E-01   6.228680000E+00   1.200000000E-01 
                      6.262000000E+00   2.400000000E-01 
551450   Cs145        31
                      6.106480000E+00   2.300000000E-02   6.160320000E+00   4.000000000E-03   6.219480000E+00   1.600000000E-02 
                      6.304860000E+00   4.600000000E-02   6.322370000E+00   4.200000000E-02   6.343250000E+00   1.200000000E-03 
                      6.409710000E+00   1.400000000E-02   6.587630000E+00   1.100000000E-02   6.608560000E+00   6.000000000E-03 
                      6.623800000E+00   2.100000000E-02   6.640220000E+00   2.200000000E-02   6.664100000E+00   3.300000000E-02 
                      6.674750000E+00   2.100000000E-02   6.706640000E+00   5.200000000E-02   6.735600000E+00   3.100000000E-02 
                      6.787470000E+00   2.000000000E-02   6.796700000E+00   2.600000000E-02   6.832900000E+00   1.100000000E-02 
                      6.848930000E+00   3.100000000E-02   6.893280000E+00   2.300000000E-02   6.912910000E+00   3.500000000E-02 
                      6.967880000E+00   2.900000000E-02   7.005370000E+00   2.500000000E-02   7.024310000E+00   6.200000000E-02 
                      7.043540000E+00   7.000000000E-03   7.140280000E+00   9.000000000E-03   7.182720000E+00   2.000000000E-03 
                      7.261310000E+00   8.500000000E-02   7.284720000E+00   7.300000000E-02   7.347360000E+00   4.300000000E-02 
                      7.460000000E+00   3.000000000E-02 
561390   Ba139        17
                      2.566001000E-01   7.000000000E-07   3.535000000E-01   5.000000000E-07   3.963001000E-01   1.300000000E-06 
                      4.597001000E-01   2.900000000E-06   5.510000000E-01   3.000000000E-06   5.556001000E-01   2.100000000E-05 
                      6.337001000E-01   2.600000000E-05   7.386001000E-01   5.200000000E-06   7.586001000E-01   2.800000000E-06 
                      7.804601000E-01   5.100000000E-05   8.403800000E-01   1.750000000E-04   8.962600000E-01   2.870000000E-03 
                      9.354000000E-01   3.200000000E-05   1.060140000E+00   1.080000000E-04   1.097800000E+00   4.200000000E-05 
                      2.150942000E+00   2.968000000E-01   2.316800000E+00   6.998000000E-01 
561400   Ba140        5
                      4.689270000E-01   2.380000000E-01   5.824649000E-01   9.300000000E-02   8.873415000E-01   4.420000000E-02 
                      1.006187000E+00   3.800000000E-01   1.020032000E+00   2.400000000E-01 
561410   Ba141        22
                      4.686999000E-01   5.000000000E-03   7.441999000E-01   5.000000000E-03   9.193001000E-01   4.000000000E-03 
                      1.286700000E+00   1.900000000E-02   1.340200000E+00   4.500000000E-02   1.368700000E+00   2.900000000E-02 
                      1.472200000E+00   2.100000000E-02   1.496000000E+00   8.000000000E-04   1.584800000E+00   3.200000000E-02 
                      1.646800000E+00   3.000000000E-04   1.711300000E+00   6.800000000E-02   2.040700000E+00   1.600000000E-02 
                      2.146400000E+00   3.900000000E-02   2.283600000E+00   1.300000000E-01   2.381200000E+00   2.200000000E-02 
                      2.386600000E+00   3.000000000E-03   2.527600000E+00   2.000000000E-03   2.565130000E+00   2.500000000E-01 
                      2.632800000E+00   7.000000000E-03   2.745723000E+00   1.750000000E-01   3.022672000E+00   7.300000000E-02 
                      3.213000000E+00   4.400000000E-02 
561420   Ba142        8
                      6.716999000E-01   2.800000000E-03   7.531000000E-01   1.540000000E-01   1.006650000E+00   4.600000000E-01 
                      1.132290000E+00   2.200000000E-01   1.778700000E+00   4.300000000E-02   1.786010000E+00   5.400000000E-02 
                      1.875980000E+00   3.000000000E-03   1.955697000E+00   3.500000000E-02 
561430   Ba143        49
                      2.340000000E-01   4.400000000E-04   3.340000000E-01   1.100000000E-04   4.340000000E-01   1.200000000E-04 
                      5.340000000E-01   1.300000000E-04   6.340000000E-01   2.200000000E-04   7.340000000E-01   9.900000000E-04 
                      8.340000000E-01   1.870000000E-03   9.340000000E-01   1.280000000E-03   1.034000000E+00   2.100000000E-03 
                      1.134000000E+00   1.800000000E-03   1.234000000E+00   2.300000000E-03   1.334000000E+00   3.200000000E-03 
                      1.434000000E+00   3.000000000E-03   1.534000000E+00   6.400000000E-03   1.634000000E+00   8.800000000E-03 
                      1.700900000E+00   1.540000000E-02   1.854800000E+00   1.200000000E-03   1.862620000E+00   3.800000000E-03 
                      1.886750000E+00   3.450000000E-02   1.907040000E+00   2.490000000E-02   1.926970000E+00   9.500000000E-03 
                      1.938400000E+00   2.000000000E-03   1.942060000E+00   3.740000000E-02   2.010400000E+00   4.600000000E-03 
                      2.084000000E+00   1.400000000E-02   2.144000000E+00   1.220000000E-02   2.250900000E+00   7.700000000E-03 
                      2.275900000E+00   7.700000000E-03   2.374000000E+00   5.500000000E-03   2.471290000E+00   6.100000000E-03 
                      2.476200000E+00   6.100000000E-03   2.600500000E+00   1.300000000E-03   2.665250000E+00   1.300000000E-03 
                      2.668810000E+00   1.300000000E-03   2.674640000E+00   1.300000000E-03   2.826064000E+00   1.530000000E-01 
                      2.942510000E+00   3.040000000E-02   3.166610000E+00   3.070000000E-02   3.223727000E+00   3.907000000E-01 
                      3.309055000E+00   1.046000000E-01   3.403330000E+00   1.760000000E-02   3.534670000E+00   3.000000000E-03 
                      3.567020000E+00   3.000000000E-03   3.591101000E+00   3.000000000E-03   3.768097000E+00   3.300000000E-03 
                      3.772010000E+00   3.300000000E-03   3.809070000E+00   5.500000000E-03   4.022518000E+00   8.800000000E-03 
                      4.025653000E+00   1.270000000E-02 
561450   Ba145        43
                      1.023000000E+00   1.610000000E-03   1.123000000E+00   3.200000000E-03   1.223000000E+00   6.500000000E-03 
                      1.323000000E+00   8.600000000E-03   1.423000000E+00   1.080000000E-02   1.523000000E+00   1.180000000E-02 
                      1.623000000E+00   1.610000000E-02   1.723000000E+00   2.150000000E-02   1.823000000E+00   2.580000000E-02 
                      1.923000000E+00   3.010000000E-02   2.023000000E+00   3.980000000E-02   2.123000000E+00   5.380000000E-02 
                      2.223000000E+00   5.380000000E-02   2.323000000E+00   6.240000000E-02   2.356600000E+00   8.000000000E-03 
                      2.423000000E+00   8.070000000E-02   2.523000000E+00   2.150000000E-02   2.623000000E+00   1.400000000E-02 
                      2.723000000E+00   1.400000000E-02   2.823000000E+00   4.300000000E-02   2.923000000E+00   7.530000000E-02 
                      3.123000000E+00   5.400000000E-03   3.223000000E+00   1.610000000E-02   3.323000000E+00   2.690000000E-02 
                      3.423000000E+00   1.350000000E-02   3.523000000E+00   8.100000000E-03   3.623000000E+00   3.800000000E-03 
                      3.746200000E+00   1.830000000E-02   3.889500000E+00   1.700000000E-03   3.949400000E+00   2.200000000E-03 
                      4.096000000E+00   1.020000000E-02   4.189000000E+00   5.400000000E-03   4.285500000E+00   1.020000000E-02 
                      4.324100000E+00   1.890000000E-02   4.379000000E+00   1.940000000E-02   4.408800000E+00   4.840000000E-02 
                      4.430800000E+00   5.100000000E-03   4.447700000E+00   8.400000000E-03   4.571500000E+00   3.400000000E-02 
                      4.685100000E+00   6.500000000E-03   4.734000000E+00   2.200000000E-02   4.826400000E+00   4.400000000E-02 
                      4.857100000E+00   7.000000000E-02 
561470   Ba147        35
                      4.655900000E+00   2.500000000E-02   4.765400000E+00   5.200000000E-03   4.825400000E+00   1.930000000E-02 
                      4.861400000E+00   8.400000000E-03   4.881100000E+00   7.400000000E-02   5.223900000E+00   1.320000000E-02 
                      5.503500000E+00   9.000000000E-03   5.557600000E+00   1.550000000E-02   5.603600000E+00   6.100000000E-03 
                      5.636200000E+00   2.800000000E-03   5.679900000E+00   3.700000000E-03   5.710700000E+00   1.590000000E-02 
                      5.794000000E+00   7.400000000E-03   5.811200000E+00   5.400000000E-03   5.872000000E+00   2.210000000E-02 
                      5.903200000E+00   1.210000000E-02   5.937200000E+00   4.500000000E-02   5.939900000E+00   3.100000000E-02 
                      5.973800000E+00   4.500000000E-03   5.994900000E+00   4.500000000E-03   6.033900000E+00   3.000000000E-02 
                      6.034800000E+00   6.600000000E-03   6.051500000E+00   1.460000000E-02   6.071500000E+00   1.630000000E-02 
                      6.096400000E+00   1.700000000E-02   6.106100000E+00   1.480000000E-02   6.135500000E+00   1.700000000E-02 
                      6.149000000E+00   5.500000000E-02   6.161700000E+00   3.400000000E-03   6.181200000E+00   1.220000000E-02 
                      6.202100000E+00   7.400000000E-02   6.246600000E+00   8.400000000E-02   6.293200000E+00   8.200000000E-02 
                      6.339500000E+00   1.310000000E-01   6.414000000E+00   1.100000000E-01 
571380   La138        1
                      2.552560000E-01   3.443578000E-01 
571400   La140        19
                      2.413298000E-01   1.340000000E-04   2.886199000E-01   5.400000000E-04   3.673398000E-01   2.500000000E-04 
                      4.418001000E-01   3.800000000E-05   6.436499000E-01   2.480000000E-04   7.610798000E-01   8.200000000E-04 
                      8.625401000E-01   1.090000000E-03   1.214960000E+00   6.220000000E-03   1.240770000E+00   1.105000000E-01 
                      1.246430000E+00   5.620000000E-02   1.281270000E+00   1.124000000E-02   1.298110000E+00   5.520000000E-02 
                      1.350180000E+00   4.390000000E-01   1.412390000E+00   2.070000000E-03   1.414310000E+00   4.970000000E-02 
                      1.678940000E+00   2.020000000E-01   1.858880000E+00   1.000000000E-05   2.165960000E+00   5.900000000E-02 
                      3.762200000E+00   4.000000000E-06 
571410   La141        15
                      1.171001000E-01   5.000000000E-06   1.791001000E-01   5.000000000E-04   2.386001000E-01   1.500000000E-04 
                      2.720000000E-01   2.900000000E-04   2.748999000E-01   2.000000000E-04   3.968001000E-01   3.400000000E-05 
                      4.158001000E-01   5.100000000E-05   5.021000000E-01   4.300000000E-05   7.070000000E-01   1.500000000E-04 
                      7.526999000E-01   7.500000000E-04   9.490000000E-01   1.600000000E-04   1.077300000E+00   4.000000000E-05 
                      1.091480000E+00   1.640000000E-02   1.783940000E+00   4.100000000E-05   2.446000000E+00   9.814000000E-01 
571420   La142        41
                      4.587600000E-01   9.000000000E-04   4.610000000E-01   1.500000000E-02   5.278001000E-01   3.000000000E-03 
                      5.895000000E-01   3.000000000E-03   6.203001000E-01   3.000000000E-03   6.531999000E-01   4.000000000E-03 
                      7.848999000E-01   7.000000000E-03   7.866001000E-01   1.000000000E-02   8.005000000E-01   9.000000000E-03 
                      8.156001000E-01   5.000000000E-03   8.283999000E-01   1.200000000E-02   8.556999000E-01   1.100000000E-02 
                      8.708999000E-01   1.700000000E-02   8.918999000E-01   5.000000000E-02   1.033900000E+00   8.000000000E-03 
                      1.044400000E+00   1.200000000E-02   1.080700000E+00   1.200000000E-02   1.084100000E+00   2.100000000E-02 
                      1.190700000E+00   1.300000000E-02   1.199600000E+00   1.000000000E-02   1.323200000E+00   1.000000000E-02 
                      1.349600000E+00   7.000000000E-03   1.443200000E+00   8.000000000E-03   1.504600000E+00   8.000000000E-03 
                      1.703100000E+00   9.000000000E-03   1.736700000E+00   3.000000000E-03   1.762100000E+00   9.000000000E-03 
                      1.776700000E+00   6.000000000E-03   1.807500000E+00   6.700000000E-02   1.837300000E+00   3.100000000E-02 
                      1.961300000E+00   1.730000000E-01   2.106100000E+00   1.780000000E-01   2.140000000E+00   1.500000000E-02 
                      2.316800000E+00   3.200000000E-02   2.322400000E+00   4.000000000E-03   2.499700000E+00   1.600000000E-02 
                      2.851300000E+00   9.000000000E-03   2.967800000E+00   1.000000000E-03   3.284620000E+00   3.000000000E-03 
                      3.862713000E+00   1.600000000E-02   4.504000000E+00   1.630000000E-01 
571430   La143        37
                      1.840000000E-01   3.100000000E-04   3.340000000E-01   6.100000000E-03   4.340000000E-01   4.100000000E-03 
                      5.340000000E-01   4.100000000E-03   6.088999000E-01   9.400000000E-03   6.181999000E-01   4.200000000E-03 
                      7.053001000E-01   6.200000000E-03   7.903001000E-01   8.000000000E-03   8.633001000E-01   3.100000000E-03 
                      9.148001000E-01   1.350000000E-02   9.166999000E-01   5.700000000E-03   9.526999000E-01   1.870000000E-03 
                      1.030200000E+00   7.000000000E-03   1.126800000E+00   7.700000000E-03   1.178700000E+00   3.000000000E-03 
                      1.284000000E+00   7.400000000E-03   1.368700000E+00   3.600000000E-03   1.377000000E+00   7.800000000E-04 
                      1.444500000E+00   6.200000000E-04   1.453800000E+00   2.070000000E-02   1.527900000E+00   1.560000000E-03 
                      1.577000000E+00   8.100000000E-03   1.707300000E+00   8.500000000E-03   1.757100000E+00   8.900000000E-03 
                      1.835300000E+00   1.090000000E-02   1.934000000E+00   3.100000000E-03   2.034000000E+00   3.100000000E-03 
                      2.134000000E+00   3.100000000E-03   2.214000000E+00   1.460000000E-03   2.266400000E+00   6.600000000E-03 
                      2.269000000E+00   9.000000000E-03   2.317200000E+00   1.380000000E-03   2.338700000E+00   3.400000000E-03 
                      2.617000000E+00   1.040000000E-02   2.771300000E+00   2.940000000E-02   2.793700000E+00   3.800000000E-03 
                      3.415100000E+00   7.700000000E-01 
571440   La144        139
                      7.043999000E-01   9.000000000E-05   7.980000000E-01   1.380000000E-03   8.980000000E-01   2.800000000E-03 
                      9.980000000E-01   2.200000000E-03   1.002800000E+00   2.800000000E-04   1.068100000E+00   1.900000000E-04 
                      1.098000000E+00   3.700000000E-03   1.130400000E+00   2.800000000E-04   1.154100000E+00   3.700000000E-04 
                      1.193200000E+00   6.600000000E-04   1.197700000E+00   1.220000000E-03   1.198000000E+00   1.200000000E-02 
                      1.201400000E+00   6.600000000E-04   1.226900000E+00   1.300000000E-03   1.233200000E+00   1.390000000E-03 
                      1.239500000E+00   8.400000000E-04   1.249100000E+00   4.600000000E-04   1.257300000E+00   1.200000000E-03 
                      1.285900000E+00   7.500000000E-04   1.289700000E+00   8.500000000E-04   1.298000000E+00   1.970000000E-02 
                      1.338400000E+00   2.300000000E-03   1.345100000E+00   2.700000000E-04   1.398000000E+00   1.110000000E-02 
                      1.418900000E+00   3.800000000E-04   1.422800000E+00   2.800000000E-04   1.461800000E+00   4.600000000E-04 
                      1.474600000E+00   1.200000000E-03   1.498000000E+00   1.300000000E-02   1.499400000E+00   2.800000000E-04 
                      1.518000000E+00   6.500000000E-04   1.525400000E+00   2.800000000E-04   1.535700000E+00   2.700000000E-03 
                      1.543600000E+00   2.700000000E-04   1.558400000E+00   6.500000000E-04   1.565900000E+00   1.660000000E-03 
                      1.596600000E+00   1.320000000E-02   1.598000000E+00   1.170000000E-02   1.610200000E+00   7.500000000E-04 
                      1.669100000E+00   4.700000000E-04   1.698000000E+00   8.900000000E-03   1.720000000E+00   3.200000000E-03 
                      1.729700000E+00   1.900000000E-04   1.776300000E+00   1.300000000E-03   1.798000000E+00   5.000000000E-03 
                      1.807900000E+00   1.600000000E-03   1.832200000E+00   2.800000000E-04   1.889000000E+00   5.400000000E-03 
                      1.890300000E+00   5.400000000E-03   1.898000000E+00   1.480000000E-03   1.944600000E+00   1.760000000E-03 
                      1.955800000E+00   7.400000000E-04   1.963000000E+00   2.100000000E-03   1.969100000E+00   4.600000000E-04 
                      1.983800000E+00   2.400000000E-03   1.998000000E+00   2.010000000E-02   2.000900000E+00   4.500000000E-03 
                      2.025900000E+00   4.600000000E-04   2.031900000E+00   6.480000000E-03   2.041800000E+00   4.600000000E-04 
                      2.047000000E+00   4.400000000E-03   2.059200000E+00   2.000000000E-03   2.061200000E+00   5.500000000E-04 
                      2.066000000E+00   3.200000000E-03   2.098000000E+00   1.090000000E-02   2.110100000E+00   4.700000000E-04 
                      2.117700000E+00   2.800000000E-03   2.132600000E+00   6.600000000E-04   2.147100000E+00   8.400000000E-04 
                      2.150600000E+00   5.500000000E-04   2.161600000E+00   3.100000000E-03   2.170700000E+00   2.500000000E-03 
                      2.177500000E+00   3.000000000E-03   2.187400000E+00   2.900000000E-03   2.189500000E+00   9.300000000E-04 
                      2.195300000E+00   4.600000000E-04   2.201800000E+00   6.600000000E-03   2.214300000E+00   1.950000000E-03 
                      2.219100000E+00   2.100000000E-03   2.279100000E+00   3.800000000E-04   2.301300000E+00   9.000000000E-04 
                      2.304400000E+00   1.070000000E-02   2.319400000E+00   1.870000000E-02   2.335000000E+00   2.170000000E-02 
                      2.359150000E+00   1.342000000E-01   2.388700000E+00   6.800000000E-03   2.394900000E+00   3.300000000E-04 
                      2.400830000E+00   8.580000000E-02   2.497200000E+00   1.580000000E-03   2.501700000E+00   4.400000000E-03 
                      2.537900000E+00   4.190000000E-02   2.562100000E+00   3.400000000E-04   2.581200000E+00   3.590000000E-02 
                      2.590100000E+00   1.470000000E-02   2.599300000E+00   4.290000000E-02   2.635800000E+00   1.210000000E-03 
                      2.655100000E+00   1.050000000E-03   2.660700000E+00   1.760000000E-02   2.694400000E+00   3.280000000E-02 
                      2.716000000E+00   4.300000000E-02   2.738400000E+00   3.500000000E-03   2.754300000E+00   1.000000000E-03 
                      2.758100000E+00   2.700000000E-03   2.769700000E+00   5.700000000E-04   2.774800000E+00   1.130000000E-03 
                      2.795500000E+00   3.500000000E-03   2.888000000E+00   2.990000000E-02   2.955590000E+00   7.350000000E-02 
                      2.977900000E+00   9.200000000E-04   3.048400000E+00   5.000000000E-03   3.063700000E+00   6.630000000E-02 
                      3.124700000E+00   8.200000000E-04   3.150540000E+00   3.200000000E-03   3.192800000E+00   1.120000000E-03 
                      3.207400000E+00   3.900000000E-03   3.220100000E+00   1.430000000E-03   3.224700000E+00   3.500000000E-04 
                      3.245400000E+00   3.300000000E-03   3.258200000E+00   4.500000000E-03   3.266300000E+00   9.600000000E-04 
                      3.268800000E+00   1.680000000E-03   3.356000000E+00   2.800000000E-03   3.377200000E+00   8.300000000E-03 
                      3.445200000E+00   2.000000000E-03   3.455300000E+00   6.700000000E-04   3.471000000E+00   1.480000000E-03 
                      3.485900000E+00   2.340000000E-03   3.557300000E+00   1.710000000E-03   3.569300000E+00   9.200000000E-04 
                      3.576900000E+00   2.500000000E-03   3.707080000E+00   4.300000000E-04   3.733500000E+00   8.000000000E-04 
                      3.768990000E+00   2.300000000E-03   3.779000000E+00   1.110000000E-03   3.906470000E+00   6.900000000E-03 
                      4.074330000E+00   2.000000000E-03   4.251900000E+00   2.500000000E-03   4.355790000E+00   6.400000000E-03 
                      5.598000000E+00   1.200000000E-02 
571450   La145        43
                      5.600000000E-01   5.700000000E-04   6.600000000E-01   8.500000000E-04   7.600000000E-01   1.270000000E-03 
                      8.600000000E-01   2.600000000E-03   9.600000000E-01   3.000000000E-03   1.060000000E+00   3.400000000E-03 
                      1.160000000E+00   4.700000000E-03   1.260000000E+00   9.200000000E-03   1.360000000E+00   1.130000000E-02 
                      1.460000000E+00   1.270000000E-02   1.560000000E+00   6.370000000E-02   1.653100000E+00   2.070000000E-02 
                      1.660000000E+00   2.120000000E-02   1.716100000E+00   3.680000000E-02   1.860000000E+00   7.080000000E-02 
                      1.882900000E+00   4.250000000E-02   1.900200000E+00   7.930000000E-02   1.960000000E+00   6.370000000E-02 
                      2.054400000E+00   2.410000000E-02   2.060000000E+00   8.920000000E-02   2.104000000E+00   2.260000000E-02 
                      2.160000000E+00   1.033000000E-01   2.260000000E+00   3.110000000E-02   2.313900000E+00   3.700000000E-02 
                      2.370500000E+00   6.370000000E-02   2.480000000E+00   2.690000000E-02   2.570000000E+00   3.110000000E-02 
                      2.663500000E+00   1.130000000E-02   2.749200000E+00   7.200000000E-03   2.780000000E+00   1.980000000E-02 
                      2.880000000E+00   1.130000000E-02   2.975100000E+00   1.840000000E-02   3.093900000E+00   5.000000000E-03 
                      3.104800000E+00   1.950000000E-03   3.238500000E+00   8.500000000E-03   3.258100000E+00   6.000000000E-04 
                      3.300500000E+00   1.910000000E-02   3.419500000E+00   3.500000000E-03   3.551300000E+00   2.000000000E-03 
                      3.588200000E+00   3.100000000E-03   3.737800000E+00   1.100000000E-03   3.754300000E+00   2.900000000E-03 
                      3.812800000E+00   7.100000000E-03 
571460   La146        54
                      1.839960000E+00   1.700000000E-03   2.119050000E+00   4.300000000E-03   2.440370000E+00   3.600000000E-03 
                      2.573330000E+00   1.300000000E-03   2.995030000E+00   3.800000000E-03   3.072200000E+00   6.800000000E-03 
                      3.130500000E+00   6.500000000E-03   3.188040000E+00   1.330000000E-02   3.200940000E+00   1.700000000E-02 
                      3.246900000E+00   3.300000000E-02   3.275230000E+00   7.300000000E-03   3.363520000E+00   3.600000000E-03 
                      3.533760000E+00   2.800000000E-03   3.576630000E+00   1.900000000E-02   3.661110000E+00   5.400000000E-03 
                      3.668230000E+00   1.250000000E-02   3.688930000E+00   9.200000000E-03   3.816590000E+00   5.900000000E-03 
                      3.890490000E+00   2.600000000E-03   3.960270000E+00   3.400000000E-03   3.977800000E+00   1.000000000E-03 
                      3.986190000E+00   3.600000000E-03   4.018510000E+00   1.100000000E-02   4.083140000E+00   2.900000000E-02 
                      4.087600000E+00   7.000000000E-04   4.115680000E+00   6.100000000E-03   4.130890000E+00   2.000000000E-03 
                      4.132300000E+00   9.700000000E-03   4.161910000E+00   4.700000000E-03   4.211390000E+00   9.000000000E-03 
                      4.218550000E+00   1.900000000E-02   4.268890000E+00   2.000000000E-03   4.296560000E+00   4.500000000E-03 
                      4.307240000E+00   2.700000000E-03   4.350540000E+00   4.400000000E-03   4.374010000E+00   7.000000000E-03 
                      4.403280000E+00   1.200000000E-02   4.458430000E+00   3.200000000E-03   4.478500000E+00   1.300000000E-03 
                      4.498910000E+00   5.400000000E-03   4.540610000E+00   3.200000000E-03   4.698130000E+00   9.000000000E-03 
                      4.773380000E+00   2.400000000E-02   4.776130000E+00   1.700000000E-02   4.872740000E+00   1.000000000E-03 
                      4.953320000E+00   8.000000000E-03   5.148030000E+00   3.400000000E-02   5.255840000E+00   1.200000000E-02 
                      5.487050000E+00   1.600000000E-02   5.569110000E+00   3.300000000E-02   5.605400000E+00   5.500000000E-02 
                      5.861590000E+00   1.900000000E-02   6.271508000E+00   2.800000000E-01   6.530000000E+00   1.800000000E-01 
571470   La147        25
                      4.410680000E+00   1.100000000E-03   4.413890000E+00   1.900000000E-03   4.427700000E+00   1.100000000E-03 
                      4.503560000E+00   1.410000000E-02   4.548990000E+00   3.600000000E-02   4.565250000E+00   5.800000000E-03 
                      4.624540000E+00   1.990000000E-02   4.658060000E+00   4.800000000E-03   4.709660000E+00   1.880000000E-02 
                      4.726460000E+00   6.500000000E-03   4.737180000E+00   2.400000000E-02   4.817980000E+00   6.100000000E-02 
                      4.829590000E+00   2.300000000E-02   4.839920000E+00   1.800000000E-02   4.896820000E+00   7.100000000E-02 
                      4.902170000E+00   1.110000000E-02   4.932560000E+00   2.900000000E-02   4.933890000E+00   4.000000000E-02 
                      4.981785000E+00   5.900000000E-02   5.002320000E+00   3.900000000E-02   5.061280000E+00   2.700000000E-02 
                      5.119646000E+00   6.000000000E-03   5.148660000E+00   8.000000000E-02   5.217289000E+00   1.070000000E-01 
                      5.335000000E+00   2.900000000E-01 
571480   La148        28
                      5.139640000E+00   4.300000000E-02   5.437780000E+00   7.500000000E-02   5.497630000E+00   7.000000000E-03 
                      5.536330000E+00   4.000000000E-02   5.545520000E+00   2.600000000E-02   5.762310000E+00   9.000000000E-03 
                      5.798800000E+00   3.000000000E-02   5.961610000E+00   1.200000000E-02   6.064020000E+00   3.400000000E-03 
                      6.067220000E+00   9.000000000E-03   6.100090000E+00   4.300000000E-02   6.106000000E+00   9.000000000E-03 
                      6.131490000E+00   3.400000000E-03   6.135240000E+00   1.230000000E-02   6.192930000E+00   2.400000000E-02 
                      6.203930000E+00   7.000000000E-03   6.233120000E+00   8.400000000E-03   6.274390000E+00   2.400000000E-02 
                      6.321110000E+00   6.500000000E-02   6.466020000E+00   5.000000000E-03   6.573380000E+00   2.400000000E-02 
                      6.700100000E+00   1.070000000E-01   6.754410000E+00   5.300000000E-02   6.848610000E+00   6.800000000E-02 
                      6.919570000E+00   1.600000000E-02   6.929680000E+00   1.410000000E-01   7.236550000E+00   1.510000000E-02 
                      7.531533000E+00   1.210000000E-01 
581410   Ce141        2
                      4.353600000E-01   6.970000000E-01   5.808000000E-01   3.030000000E-01 
581430   Ce143        15
                      6.409998000E-02   1.700000000E-04   7.966003000E-02   3.300000000E-04   3.009200000E-01   4.600000000E-03 
                      3.045601000E-01   3.600000000E-04   4.012900000E-01   1.750000000E-03   4.472000000E-01   2.600000000E-05 
                      5.236800000E-01   1.360000000E-02   6.130800000E-01   5.800000000E-04   7.212400000E-01   3.800000000E-04 
                      7.395770000E-01   1.320000000E-01   8.472800000E-01   2.600000000E-04   9.711380000E-01   2.600000000E-03 
                      1.110878000E+00   4.830000000E-01   1.404144000E+00   3.500000000E-01   1.461500000E+00   1.000000000E-03 
581440   Ce144        3
                      1.851848000E-01   1.960000000E-01   2.385800000E-01   3.900000000E-02   3.187000000E-01   7.650000000E-01 
581450   Ce145        21
                      3.400000000E-01   2.800000000E-03   4.400000000E-01   1.030000000E-03   5.400000000E-01   4.100000000E-04 
                      6.400000000E-01   7.200000000E-04   7.400000000E-01   1.760000000E-03   8.400000000E-01   1.960000000E-03 
                      9.311999000E-01   3.000000000E-03   9.795401000E-01   2.000000000E-03   1.120000000E+00   2.600000000E-03 
                      1.209900000E+00   1.000000000E-03   1.221600000E+00   8.300000000E-04   1.329460000E+00   1.850000000E-01 
                      1.429440000E+00   3.000000000E-02   1.493030000E+00   4.600000000E-03   1.591600000E+00   1.400000000E-03 
                      1.694070000E+00   3.100000000E-02   1.753090000E+00   6.600000000E-01   1.985190000E+00   6.200000000E-03 
                      1.999910000E+00   1.000000000E-02   2.192820000E+00   5.200000000E-03   2.477350000E+00   1.500000000E-02 
581460   Ce146        5
                      5.370500000E-01   2.820000000E-02   6.882200000E-01   9.118000000E-01   9.391200000E-01   1.504000000E-02 
                      1.004950000E+00   2.021000000E-02   1.027779000E+00   2.209000000E-02 
581470   Ce147        37
                      1.176360000E+00   1.390000000E-02   1.243150000E+00   1.200000000E-02   1.290680000E+00   1.000000000E-02 
                      1.365420000E+00   9.200000000E-03   1.482150000E+00   4.300000000E-02   1.561060000E+00   1.800000000E-02 
                      1.569660000E+00   7.000000000E-03   1.580080000E+00   1.680000000E-02   1.701070000E+00   1.390000000E-02 
                      2.140210000E+00   1.030000000E-02   2.158700000E+00   1.230000000E-02   2.231570000E+00   2.900000000E-02 
                      2.253120000E+00   1.590000000E-02   2.255800000E+00   4.900000000E-03   2.266420000E+00   5.800000000E-03 
                      2.357950000E+00   1.500000000E-02   2.367100000E+00   2.220000000E-03   2.380060000E+00   1.850000000E-02 
                      2.447930000E+00   1.320000000E-03   2.464940000E+00   9.100000000E-03   2.474370000E+00   1.870000000E-02 
                      2.494430000E+00   9.500000000E-03   2.623160000E+00   2.170000000E-02   2.642400000E+00   2.730000000E-03 
                      2.677120000E+00   1.500000000E-02   2.724680000E+00   3.700000000E-02   2.788000000E+00   2.300000000E-03 
                      2.817990000E+00   7.900000000E-02   2.880090000E+00   6.200000000E-03   2.958510000E+00   5.600000000E-02 
                      2.973680000E+00   2.470000000E-02   3.041240000E+00   7.500000000E-04   3.063970000E+00   5.600000000E-02 
                      3.134180000E+00   6.000000000E-03   3.179480000E+00   1.200000000E-03   3.332710000E+00   3.000000000E-02 
                      3.426000000E+00   3.700000000E-01 
591420   Pr142        3
                      7.780005000E-02   2.300000000E-04   5.866000000E-01   3.700000000E-02   2.162200000E+00   9.630000000E-01 
591430   Pr143        2
                      1.919000000E-01   1.200000000E-08   9.340000000E-01   9.999999000E-01 
591440   Pr144        9
                      2.546299000E-01   3.000000000E-06   3.221599000E-01   8.700000000E-06   3.425701000E-01   1.500000000E-06 
                      8.118301000E-01   1.050000000E-02   9.129599000E-01   6.700000000E-05   9.246899000E-01   6.200000000E-06 
                      1.436540000E+00   1.400000000E-05   2.300990000E+00   1.040000000E-02   2.997500000E+00   9.790000000E-01 
591441   Pr144m1      3
                      1.108301000E-01   4.060000000E-04   4.747300000E-01   1.330000000E-04   1.545930000E+00   1.610000000E-04 
591450   Pr145        13
                      2.779301000E-01   1.600000000E-04   4.010800000E-01   9.200000000E-04   4.663500000E-01   2.100000000E-05 
                      5.194800000E-01   2.000000000E-05   5.552700000E-01   7.000000000E-05   6.426601000E-01   1.100000000E-04 
                      6.439800000E-01   2.400000000E-04   6.547271000E-01   2.200000000E-03   7.535649000E-01   4.000000000E-03 
                      8.843190000E-01   2.210000000E-03   1.056722000E+00   1.040000000E-02   1.732511000E+00   3.200000000E-03 
                      1.805000000E+00   9.760000000E-01 
591460   Pr146        33
                      5.110000000E-01   5.000000000E-04   6.005000000E-01   2.000000000E-03   6.251999000E-01   2.000000000E-03 
                      6.858001000E-01   2.000000000E-03   8.281001000E-01   2.000000000E-03   8.505000000E-01   5.000000000E-03 
                      8.728999000E-01   5.000000000E-04   8.843001000E-01   3.000000000E-03   9.273999000E-01   5.000000000E-03 
                      1.248800000E+00   7.000000000E-03   1.513900000E+00   3.300000000E-02   1.538400000E+00   9.000000000E-03 
                      1.668000000E+00   1.200000000E-02   1.740800000E+00   2.000000000E-03   1.759900000E+00   8.000000000E-03 
                      1.781900000E+00   3.000000000E-03   1.863600000E+00   1.000000000E-02   1.953400000E+00   2.000000000E-03 
                      2.070900000E+00   5.000000000E-04   2.076400000E+00   3.000000000E-03   2.241400000E+00   2.500000000E-01 
                      2.314300000E+00   2.300000000E-02   2.432500000E+00   5.000000000E-03   2.442600000E+00   1.000000000E-03 
                      2.522800000E+00   5.000000000E-03   2.749300000E+00   7.000000000E-03   2.843200000E+00   2.500000000E-02 
                      2.916600000E+00   2.000000000E-03   3.030400000E+00   5.000000000E-03   3.176700000E+00   5.000000000E-04 
                      3.304500000E+00   5.000000000E-04   3.766100000E+00   1.300000000E-01   4.220000000E+00   4.400000000E-01 
591470   Pr147        26
                      2.788999000E-01   1.400000000E-03   3.663001000E-01   3.400000000E-03   3.921499000E-01   5.100000000E-03 
                      5.375000000E-01   3.100000000E-03   5.788999000E-01   3.400000000E-03   9.683700000E-01   4.700000000E-03 
                      1.028360000E+00   1.940000000E-02   1.083850000E+00   9.500000000E-03   1.108530000E+00   1.300000000E-02 
                      1.157400000E+00   3.800000000E-03   1.303770000E+00   1.110000000E-02   1.351280000E+00   3.900000000E-02 
                      1.391230000E+00   1.020000000E-01   1.437870000E+00   3.340000000E-02   1.441310000E+00   4.800000000E-02 
                      1.759680000E+00   1.410000000E-02   1.909520000E+00   2.340000000E-01   1.932770000E+00   2.130000000E-01 
                      2.097580000E+00   1.300000000E-02   2.121000000E+00   1.500000000E-03   2.185250000E+00   2.840000000E-02 
                      2.238340000E+00   1.500000000E-03   2.387470000E+00   1.260000000E-01   2.487450000E+00   3.300000000E-02 
                      2.574130000E+00   1.000000000E-02   2.702000000E+00   2.500000000E-02 
591480   Pr148        22
                      1.750100000E+00   8.100000000E-04   1.843300000E+00   1.100000000E-02   1.949370000E+00   4.100000000E-02 
                      2.335000000E+00   9.000000000E-03   2.448670000E+00   3.700000000E-02   2.473990000E+00   1.800000000E-02 
                      2.643300000E+00   1.000000000E-03   2.697800000E+00   5.000000000E-03   2.806330000E+00   5.700000000E-02 
                      3.196700000E+00   2.600000000E-02   3.220090000E+00   8.800000000E-02   3.234420000E+00   9.300000000E-03 
                      3.364400000E+00   1.000000000E-02   3.368460000E+00   4.000000000E-03   3.631370000E+00   4.200000000E-02 
                      3.709080000E+00   2.500000000E-02   3.856810000E+00   4.300000000E-02   3.880710000E+00   4.200000000E-02 
                      3.963120000E+00   1.900000000E-02   4.127800000E+00   1.300000000E-02   4.578297000E+00   2.760000000E-01 
                      4.880000000E+00   2.190000000E-01 
591481   Pr148m1      4
                      3.111400000E+00   9.000000000E-02   3.282500000E+00   1.600000000E-02   3.970700000E+00   4.200000000E-01 
                      4.217500000E+00   4.300000000E-01 
591490   Pr149        46
                      2.350000000E-01   3.400000000E-04   3.350000000E-01   8.500000000E-04   4.350000000E-01   1.800000000E-03 
                      5.350000000E-01   5.700000000E-03   6.350000000E-01   1.000000000E-02   7.350000000E-01   1.600000000E-02 
                      8.350000000E-01   3.200000000E-02   9.350000000E-01   4.100000000E-02   1.035000000E+00   3.600000000E-02 
                      1.135000000E+00   3.400000000E-02   1.235000000E+00   1.270000000E-01   1.335000000E+00   1.180000000E-01 
                      1.435000000E+00   8.700000000E-03   1.535000000E+00   1.600000000E-02   1.635000000E+00   1.300000000E-02 
                      1.735000000E+00   1.000000000E-02   1.835000000E+00   1.400000000E-02   1.935000000E+00   1.800000000E-02 
                      2.035000000E+00   1.300000000E-02   2.135000000E+00   1.100000000E-02   2.235000000E+00   1.100000000E-02 
                      2.335000000E+00   8.700000000E-03   2.414320000E+00   5.200000000E-02   2.453620000E+00   3.600000000E-02 
                      2.520760000E+00   8.000000000E-03   2.593500000E+00   4.500000000E-03   2.625420000E+00   1.600000000E-02 
                      2.629950000E+00   1.700000000E-02   2.763590000E+00   6.600000000E-02   2.786280000E+00   7.800000000E-03 
                      2.817560000E+00   2.100000000E-02   2.852160000E+00   3.600000000E-03   2.860430000E+00   2.100000000E-02 
                      2.875280000E+00   9.700000000E-03   2.931250000E+00   1.300000000E-02   2.969130000E+00   2.300000000E-02 
                      3.002040000E+00   1.400000000E-02   3.013840000E+00   1.600000000E-02   3.018690000E+00   1.100000000E-02 
                      3.049510000E+00   2.500000000E-02   3.076650000E+00   4.500000000E-02   3.114310000E+00   2.700000000E-02 
                      3.169890000E+00   2.000000000E-02   3.196530000E+00   5.600000000E-03   3.226460000E+00   8.700000000E-03 
                      3.335000000E+00   1.140000000E-01 
591500   Pr150        23
                      2.552800000E+00   1.000000000E-03   2.850800000E+00   1.000000000E-03   2.893800000E+00   1.600000000E-03 
                      3.320840000E+00   5.800000000E-02   3.380740000E+00   5.800000000E-02   3.395800000E+00   5.300000000E-02 
                      3.422500000E+00   2.200000000E-03   3.478500000E+00   1.900000000E-03   3.651700000E+00   2.200000000E-03 
                      3.675700000E+00   3.200000000E-03   3.844810000E+00   6.000000000E-03   3.954840000E+00   6.000000000E-03 
                      4.106090000E+00   2.100000000E-02   4.189370000E+00   7.000000000E-03   4.207690000E+00   1.800000000E-02 
                      4.328050000E+00   1.400000000E-02   4.455140000E+00   1.400000000E-02   4.537060000E+00   2.100000000E-02 
                      4.539340000E+00   3.700000000E-02   4.714730000E+00   2.300000000E-02   5.008550000E+00   8.000000000E-03 
                      5.259790000E+00   3.300000000E-01   5.390000000E+00   3.000000000E-01 
591510   Pr151        59
                      3.160000000E-01   1.700000000E-04   4.160000000E-01   2.700000000E-04   5.160000000E-01   4.600000000E-04 
                      6.160000000E-01   7.800000000E-04   7.160000000E-01   1.100000000E-03   8.160000000E-01   1.600000000E-03 
                      9.160000000E-01   2.300000000E-03   1.016000000E+00   2.900000000E-03   1.116000000E+00   2.900000000E-03 
                      1.216000000E+00   2.900000000E-03   1.316000000E+00   7.100000000E-03   1.416000000E+00   9.700000000E-03 
                      1.516000000E+00   2.300000000E-02   1.616000000E+00   2.500000000E-02   1.716000000E+00   2.000000000E-02 
                      1.736200000E+00   3.800000000E-03   1.816000000E+00   3.700000000E-03   1.824600000E+00   7.700000000E-03 
                      1.853500000E+00   1.200000000E-02   1.916000000E+00   2.700000000E-02   2.016000000E+00   3.000000000E-02 
                      2.116000000E+00   4.800000000E-02   2.186000000E+00   6.000000000E-02   2.258100000E+00   5.200000000E-03 
                      2.287910000E+00   1.540000000E-02   2.306000000E+00   4.700000000E-02   2.321720000E+00   9.900000000E-03 
                      2.366000000E+00   4.900000000E-03   2.456000000E+00   3.800000000E-02   2.527690000E+00   1.700000000E-02 
                      2.546000000E+00   1.500000000E-02   2.642270000E+00   1.080000000E-02   2.653900000E+00   5.900000000E-03 
                      2.716390000E+00   8.100000000E-03   2.766000000E+00   7.800000000E-03   2.866000000E+00   7.300000000E-03 
                      2.936160000E+00   1.030000000E-02   3.061900000E+00   1.030000000E-02   3.216860000E+00   8.000000000E-03 
                      3.223430000E+00   3.000000000E-03   3.285830000E+00   9.100000000E-02   3.288770000E+00   1.350000000E-02 
                      3.319530000E+00   1.100000000E-02   3.480700000E+00   6.140000000E-02   3.539320000E+00   9.000000000E-03 
                      3.566630000E+00   1.030000000E-02   3.585000000E+00   2.500000000E-03   3.623200000E+00   9.200000000E-03 
                      3.633900000E+00   5.400000000E-04   3.659020000E+00   8.900000000E-02   3.670750000E+00   7.000000000E-02 
                      3.916460000E+00   3.000000000E-02   3.976940000E+00   1.500000000E-02   3.988220000E+00   1.200000000E-03 
                      4.060250000E+00   2.000000000E-03   4.090110000E+00   6.000000000E-02   4.108320000E+00   9.000000000E-03 
                      4.143530000E+00   3.300000000E-02   4.166000000E+00   3.300000000E-02 
591520   Pr152        27
                      3.203300000E+00   2.500000000E-03   3.246300000E+00   1.700000000E-03   3.363800000E+00   7.900000000E-03 
                      3.627300000E+00   5.400000000E-03   3.640900000E+00   7.900000000E-03   3.720100000E+00   1.090000000E-02 
                      3.737100000E+00   1.210000000E-02   3.768700000E+00   2.930000000E-02   3.775900000E+00   3.470000000E-02 
                      3.928500000E+00   3.180000000E-02   4.172700000E+00   1.500000000E-02   4.286000000E+00   5.000000000E-03 
                      4.359200000E+00   8.800000000E-03   4.391800000E+00   5.400000000E-03   4.399800000E+00   1.500000000E-02 
                      4.451700000E+00   1.120000000E-01   4.456300000E+00   5.900000000E-02   4.463000000E+00   2.900000000E-02 
                      4.522500000E+00   4.140000000E-01   4.565400000E+00   1.090000000E-02   4.577300000E+00   8.800000000E-03 
                      4.749300000E+00   2.400000000E-02   4.875900000E+00   2.600000000E-02   4.944000000E+00   2.930000000E-02 
                      5.099200000E+00   5.500000000E-03   5.111500000E+00   3.000000000E-03   6.113300000E+00   1.030000000E-01 
601470   Nd147        9
                      2.098100000E-01   2.432000000E-02   2.152600000E-01   9.400000000E-04   2.466700000E-01   1.555000000E-03 
                      2.627700000E-01   1.000000000E-05   3.646880000E-01   1.540000000E-01   4.064450000E-01   8.470000000E-03 
                      4.851880000E-01   6.960000000E-03   8.045951000E-01   8.020000000E-01   8.957000000E-01   8.000000000E-04 
601490   Nd149        50
                      1.213800000E-01   1.800000000E-04   1.941100000E-01   1.200000000E-04   2.415601000E-01   4.700000000E-05 
                      2.778199000E-01   3.900000000E-04   2.831500000E-01   1.700000000E-04   2.957500000E-01   1.600000000E-04 
                      3.220300000E-01   8.000000000E-05   3.261500000E-01   1.200000000E-04   3.612100000E-01   1.700000000E-04 
                      3.778960000E-01   1.860000000E-03   3.966000000E-01   1.800000000E-04   3.999200000E-01   8.900000000E-04 
                      4.260200000E-01   3.400000000E-04   4.503920000E-01   9.900000000E-04   4.559130000E-01   9.400000000E-03 
                      4.997360000E-01   1.500000000E-03   5.087600000E-01   5.000000000E-04   5.339540000E-01   3.400000000E-04 
                      5.484709000E-01   8.500000000E-04   6.398101000E-01   3.000000000E-04   6.466200000E-01   3.600000000E-04 
                      6.583101000E-01   1.000000000E-03   7.470720000E-01   8.000000000E-04   7.661150000E-01   3.000000000E-03 
                      8.051100000E-01   1.100000000E-04   8.171200000E-01   2.800000000E-04   9.032900000E-01   7.400000000E-04 
                      9.218110000E-01   6.600000000E-03   9.313200000E-01   3.600000000E-04   9.396800000E-01   8.000000000E-04 
                      9.454240000E-01   1.110000000E-02   9.687400000E-01   6.000000000E-05   1.035158000E+00   1.910000000E-01 
                      1.038992000E+00   3.000000000E-03   1.131890000E+00   1.000000000E-04   1.142867000E+00   7.000000000E-04 
                      1.152139000E+00   2.150000000E-01   1.174353000E+00   7.500000000E-04   1.227807000E+00   1.200000000E-02 
                      1.264726000E+00   6.000000000E-03   1.274552000E+00   1.600000000E-03   1.293229000E+00   3.310000000E-02 
                      1.302443000E+00   3.000000000E-03   1.329954000E+00   1.000000000E-03   1.401793000E+00   5.000000000E-05 
                      1.419830000E+00   1.750000000E-01   1.478695000E+00   2.470000000E-01   1.501371000E+00   1.400000000E-02 
                      1.575689000E+00   6.000000000E-02   1.690000000E+00   3.500000000E-02 
601510   Nd151        79
                      1.379900000E-01   5.300000000E-04   1.734099000E-01   1.100000000E-04   2.377000000E-01   3.600000000E-04 
                      3.229099000E-01   6.700000000E-04   3.351399000E-01   3.300000000E-04   3.570801000E-01   5.100000000E-04 
                      3.888999000E-01   1.600000000E-04   4.039499000E-01   7.000000000E-04   4.179900000E-01   1.040000000E-03 
                      4.188500000E-01   1.130000000E-03   4.196000000E-01   6.000000000E-04   4.231300000E-01   1.400000000E-03 
                      4.260699000E-01   8.000000000E-04   4.310100000E-01   3.000000000E-03   4.437500000E-01   5.000000000E-03 
                      4.481899000E-01   3.000000000E-03   4.522900000E-01   8.400000000E-04   4.686801000E-01   1.130000000E-03 
                      4.823900000E-01   1.460000000E-03   5.089000000E-01   3.100000000E-03   5.140200000E-01   2.800000000E-03 
                      5.313199000E-01   4.300000000E-04   5.388199000E-01   7.600000000E-03   5.446000000E-01   3.600000000E-04 
                      5.499499000E-01   1.490000000E-02   5.634000000E-01   1.700000000E-03   5.683700000E-01   9.100000000E-03 
                      5.875000000E-01   2.800000000E-03   5.883001000E-01   8.000000000E-03   5.934301000E-01   4.000000000E-03 
                      6.198299000E-01   1.200000000E-03   6.321999000E-01   9.500000000E-03   6.364900000E-01   5.800000000E-03 
                      6.468700000E-01   2.500000000E-03   6.483199000E-01   3.300000000E-04   7.007500000E-01   9.200000000E-03 
                      7.289000000E-01   2.800000000E-04   7.904800000E-01   1.500000000E-03   8.023700000E-01   2.700000000E-03 
                      8.235799000E-01   7.300000000E-03   8.241801000E-01   5.500000000E-03   8.520899000E-01   8.900000000E-04 
                      8.799000000E-01   6.000000000E-04   9.970200000E-01   1.060000000E-02   1.017430000E+00   4.000000000E-03 
                      1.047230000E+00   3.000000000E-03   1.086190000E+00   4.000000000E-04   1.111610000E+00   2.200000000E-03 
                      1.144318000E+00   1.790000000E-01   1.241030000E+00   7.400000000E-03   1.258730000E+00   4.700000000E-03 
                      1.266400000E+00   7.000000000E-04   1.308786000E+00   3.900000000E-02   1.431290000E+00   5.000000000E-05 
                      1.452120000E+00   5.200000000E-03   1.498890000E+00   2.500000000E-03   1.527691000E+00   8.700000000E-02 
                      1.544370000E+00   1.900000000E-03   1.567290000E+00   7.900000000E-03   1.571420000E+00   1.600000000E-03 
                      1.589006000E+00   9.600000000E-02   1.589700000E+00   2.500000000E-03   1.601034000E+00   4.400000000E-02 
                      1.632540000E+00   1.400000000E-03   1.668401000E+00   8.000000000E-04   1.686431000E+00   9.000000000E-04 
                      1.695448000E+00   3.100000000E-03   1.901628000E+00   3.090000000E-02   1.909943000E+00   4.000000000E-04 
                      1.917661000E+00   7.400000000E-03   1.934115000E+00   1.800000000E-02   2.015549000E+00   2.600000000E-02 
                      2.117318000E+00   3.900000000E-02   2.180843000E+00   1.200000000E-03   2.186308000E+00   7.500000000E-02 
                      2.244728000E+00   1.150000000E-03   2.266925000E+00   1.000000000E-02   2.325206000E+00   4.500000000E-03 
                      2.442000000E+00   1.460000000E-01 
601520   Nd152        10
                      4.441000000E-01   5.100000000E-03   5.116000000E-01   1.840000000E-02   5.332200000E-01   1.610000000E-02 
                      6.532000000E-01   1.260000000E-03   8.094500000E-01   5.200000000E-01   8.830400000E-01   3.800000000E-04 
                      9.035200000E-01   5.000000000E-04   1.059550000E+00   1.050000000E-02   1.087970000E+00   2.000000000E-02 
                      1.104000000E+00   4.400000000E-01 
601530   Nd153        35
                      1.275660000E+00   3.400000000E-03   1.301490000E+00   3.000000000E-03   1.304050000E+00   7.900000000E-03 
                      1.327490000E+00   2.900000000E-03   1.331110000E+00   2.180000000E-02   1.338200000E+00   3.400000000E-02 
                      1.348280000E+00   1.170000000E-02   1.485540000E+00   4.100000000E-03   1.498510000E+00   5.000000000E-03 
                      1.511440000E+00   1.100000000E-03   1.560440000E+00   3.200000000E-03   1.604130000E+00   4.300000000E-03 
                      2.039870000E+00   1.420000000E-02   2.078880000E+00   3.000000000E-03   2.109810000E+00   4.500000000E-03 
                      2.122870000E+00   5.000000000E-03   2.133710000E+00   4.800000000E-03   2.160070000E+00   4.800000000E-03 
                      2.175470000E+00   1.100000000E-03   2.221070000E+00   5.200000000E-03   2.222780000E+00   5.800000000E-03 
                      2.317320000E+00   3.000000000E-03   2.322470000E+00   6.200000000E-03   2.368990000E+00   1.650000000E-02 
                      2.544810000E+00   2.500000000E-03   2.565210000E+00   1.120000000E-02   2.630180000E+00   3.200000000E-03 
                      2.750450000E+00   3.400000000E-03   2.828650000E+00   5.000000000E-02   2.885480000E+00   2.000000000E-03 
                      3.024700000E+00   2.000000000E-04   3.230524000E+00   3.000000000E-03   3.270441000E+00   3.000000000E-02 
                      3.303806000E+00   1.200000000E-02   3.336000000E+00   6.700000000E-01 
601540   Nd154        19
                      1.120000000E+00   3.400000000E-03   1.147300000E+00   3.400000000E-03   1.420790000E+00   1.900000000E-02 
                      1.605500000E+00   2.200000000E-02   1.749480000E+00   3.700000000E-02   1.760360000E+00   5.000000000E-02 
                      1.903040000E+00   5.300000000E-02   1.959770000E+00   2.050000000E-01   1.978450000E+00   3.700000000E-02 
                      2.127690000E+00   2.200000000E-03   2.176150000E+00   2.800000000E-03   2.304510000E+00   2.700000000E-03 
                      2.565390000E+00   1.100000000E-02   2.615810000E+00   7.600000000E-03   2.624510000E+00   6.400000000E-03 
                      2.629312000E+00   1.140000000E-01   2.658298000E+00   2.530000000E-01   2.730617000E+00   1.190000000E-01 
                      2.810000000E+00   2.700000000E-02 
611460   Pm146        2
                      1.615000000E-01   2.099160000E-02   7.947600000E-01   3.098760000E-01 
611470   Pm147        3
                      2.680200000E-02   4.700000000E-09   1.028770000E-01   5.690000000E-05   2.241000000E-01   9.999000000E-01 
611480   Pm148        10
                      1.559900000E-01   9.100000000E-05   1.855940000E-01   9.600000000E-04   4.120400000E-01   1.360000000E-02 
                      5.484201000E-01   1.380000000E-04   8.058399000E-01   1.800000000E-04   1.004871000E+00   3.330000000E-01 
                      1.015783000E+00   9.300000000E-04   1.045540000E+00   2.350000000E-03   1.919726000E+00   9.400000000E-02 
                      2.470000000E+00   5.550000000E-01 
611481   Pm148m1      4
                      4.118498000E-01   5.460600000E-01   5.103298000E-01   1.762720000E-01   6.999599000E-01   2.212980000E-01 
                      1.011590000E+00   8.622000000E-03 
611490   Pm149        14
                      1.187000000E-01   1.500000000E-05   1.895300000E-01   1.360000000E-03   2.359000000E-01   1.600000000E-05 
                      2.382700000E-01   3.500000000E-04   2.410800000E-01   5.200000000E-04   2.862700000E-01   3.700000000E-06 
                      4.071000000E-01   7.700000000E-06   4.349500000E-01   2.700000000E-04   4.806100000E-01   9.000000000E-04 
                      5.131500000E-01   3.500000000E-04   7.213500000E-01   1.300000000E-05   7.855600000E-01   3.400000000E-02 
                      7.943900000E-01   2.700000000E-04   1.071500000E+00   9.590000000E-01 
611500   Pm150        29
                      2.415000000E-01   1.400000000E-03   3.161999000E-01   9.000000000E-04   3.640000000E-01   2.200000000E-03 
                      3.735000000E-01   1.000000000E-03   4.038999000E-01   1.400000000E-03   4.158001000E-01   1.000000000E-03 
                      4.313001000E-01   1.700000000E-03   4.411999000E-01   1.400000000E-03   5.608999000E-01   6.100000000E-03 
                      6.411001000E-01   1.200000000E-02   7.745000000E-01   1.200000000E-03   8.520000000E-01   1.800000000E-03 
                      9.035000000E-01   3.900000000E-03   9.248001000E-01   4.400000000E-03   9.466999000E-01   4.000000000E-03 
                      1.086600000E+00   1.000000000E-02   1.194080000E+00   3.300000000E-02   1.383770000E+00   1.780000000E-01 
                      1.490280000E+00   5.700000000E-02   1.667800000E+00   2.100000000E-03   1.740730000E+00   3.500000000E-02 
                      1.769790000E+00   5.000000000E-04   1.795590000E+00   1.970000000E-01   2.260190000E+00   6.000000000E-03 
                      2.288250000E+00   2.640000000E-01   2.407860000E+00   1.200000000E-02   2.713580000E+00   1.400000000E-02 
                      3.120050000E+00   9.800000000E-02   3.454000000E+00   5.000000000E-02 
611510   Pm151        41
                      1.705000000E-01   1.300000000E-04   2.227600000E-01   1.800000000E-03   2.335100000E-01   1.000000000E-02 
                      2.610000000E-01   3.900000000E-04   2.977000000E-01   1.100000000E-04   2.996800000E-01   3.500000000E-03 
                      3.093700000E-01   2.400000000E-02   3.354000000E-01   1.000000000E-04   3.643700000E-01   6.100000000E-02 
                      4.096000000E-01   1.400000000E-04   4.130200000E-01   1.140000000E-02   4.459700000E-01   3.100000000E-02 
                      5.234600000E-01   2.200000000E-03   5.239000000E-01   5.300000000E-04   5.665700000E-01   1.200000000E-03 
                      6.659000000E-01   7.700000000E-03   6.966800000E-01   4.700000000E-03   7.166500000E-01   5.000000000E-04 
                      7.385000000E-01   5.000000000E-04   7.413200000E-01   7.100000000E-02   7.713900000E-01   1.700000000E-03 
                      7.914190000E-01   1.900000000E-02   8.315000000E-01   1.000000000E-04   8.420910000E-01   4.200000000E-01 
                      8.630589000E-01   3.300000000E-02   8.717400000E-01   2.500000000E-04   8.732200000E-01   1.000000000E-04 
                      8.802099000E-01   1.700000000E-02   8.843800000E-01   1.700000000E-03   8.922000000E-01   1.000000000E-05 
                      9.020600000E-01   2.500000000E-04   9.780050000E-01   2.300000000E-02   1.011620000E+00   1.000000000E-04 
                      1.018600000E+00   1.400000000E-02   1.019249000E+00   7.900000000E-02   1.082167000E+00   3.000000000E-02 
                      1.095480000E+00   2.500000000E-03   1.117297000E+00   2.700000000E-02   1.121177000E+00   6.500000000E-03 
                      1.182179000E+00   5.000000000E-02   1.187000000E+00   5.000000000E-02 
611520   Pm152        39
                      5.845000000E-01   7.900000000E-04   8.221999000E-01   6.300000000E-04   1.000300000E+00   6.300000000E-04 
                      1.133200000E+00   1.500000000E-04   1.143200000E+00   1.300000000E-03   1.201100000E+00   1.400000000E-03 
                      1.214700000E+00   1.700000000E-03   1.222600000E+00   3.100000000E-04   1.225100000E+00   1.070000000E-02 
                      1.270300000E+00   2.800000000E-03   1.272800000E+00   1.100000000E-03   1.285200000E+00   3.600000000E-03 
                      1.308800000E+00   4.600000000E-03   1.334300000E+00   3.100000000E-04   1.337400000E+00   4.200000000E-03 
                      1.343000000E+00   1.300000000E-03   1.382300000E+00   3.900000000E-03   1.418600000E+00   3.500000000E-03 
                      1.467000000E+00   6.000000000E-03   1.545000000E+00   1.500000000E-04   1.565900000E+00   4.400000000E-03 
                      1.617600000E+00   2.000000000E-03   1.733900000E+00   9.900000000E-03   1.741100000E+00   1.100000000E-03 
                      1.829700000E+00   2.200000000E-03   1.851600000E+00   2.800000000E-02   1.859600000E+00   8.000000000E-04 
                      1.980000000E+00   3.100000000E-04   1.999400000E+00   1.100000000E-03   2.217500000E+00   1.040000000E-02 
                      2.276000000E+00   7.500000000E-04   2.423500000E+00   1.700000000E-03   2.427300000E+00   4.500000000E-02 
                      2.469200000E+00   1.200000000E-03   2.546700000E+00   1.400000000E-02   2.699800000E+00   2.900000000E-03 
                      2.825200000E+00   3.200000000E-03   3.388200000E+00   2.100000000E-01   3.510000000E+00   6.100000000E-01 
611521   Pm152m1      23
                      6.106999000E-01   2.900000000E-03   6.133001000E-01   1.060000000E-02   9.203999000E-01   4.600000000E-03 
                      9.421001000E-01   9.200000000E-03   1.026900000E+00   7.700000000E-03   1.106600000E+00   7.700000000E-03 
                      1.188700000E+00   1.290000000E-02   1.464800000E+00   8.400000000E-02   1.505400000E+00   2.000000000E-03 
                      1.705000000E+00   5.700000000E-01   1.745500000E+00   5.700000000E-03   1.778900000E+00   6.600000000E-03 
                      1.929600000E+00   1.350000000E-02   1.949400000E+00   8.000000000E-03   2.137300000E+00   2.000000000E-02 
                      2.198900000E+00   4.300000000E-03   2.275200000E+00   7.000000000E-03   2.423500000E+00   1.700000000E-02 
                      2.468000000E+00   1.610000000E-02   2.486100000E+00   2.500000000E-03   2.698800000E+00   7.000000000E-03 
                      2.802100000E+00   2.500000000E-02   3.142500000E+00   1.800000000E-01 
611530   Pm153        23
                      3.510000000E-01   1.000000000E-03   4.510000000E-01   3.500000000E-03   6.310000000E-01   5.400000000E-03 
                      7.810000000E-01   2.700000000E-03   8.810000000E-01   1.400000000E-03   1.061000000E+00   9.000000000E-04 
                      1.250760000E+00   5.100000000E-03   1.371000000E+00   3.300000000E-03   1.430938000E+00   8.700000000E-03 
                      1.518790000E+00   7.000000000E-04   1.524510000E+00   1.000000000E-03   1.559870000E+00   1.100000000E-03 
                      1.604299000E+00   4.500000000E-03   1.615270000E+00   8.000000000E-04   1.618678000E+00   6.100000000E-03 
                      1.698097000E+00   7.700000000E-02   1.706820000E+00   8.000000000E-03   1.753701000E+00   4.300000000E-01 
                      1.790128000E+00   5.000000000E-02   1.827462000E+00   5.000000000E-02   1.845155000E+00   2.400000000E-01 
                      1.873466000E+00   6.000000000E-02   1.881000000E+00   5.000000000E-02 
611540   Pm154        27
                      7.668001000E-01   1.800000000E-03   9.087400000E-01   9.800000000E-03   1.117200000E+00   1.500000000E-03 
                      1.181000000E+00   7.700000000E-03   1.238710000E+00   2.400000000E-03   1.341960000E+00   1.200000000E-02 
                      1.368680000E+00   2.200000000E-02   1.403430000E+00   3.300000000E-03   1.531500000E+00   1.700000000E-02 
                      1.591190000E+00   1.020000000E-02   1.820200000E+00   3.300000000E-01   1.828190000E+00   2.200000000E-02 
                      1.890940000E+00   2.170000000E-01   1.944630000E+00   2.800000000E-03   1.986270000E+00   3.300000000E-03 
                      2.014470000E+00   2.300000000E-03   2.069890000E+00   3.000000000E-02   2.195600000E+00   2.400000000E-03 
                      2.345200000E+00   8.000000000E-03   2.484400000E+00   1.440000000E-01   2.519950000E+00   3.700000000E-03 
                      2.673680000E+00   4.400000000E-03   2.757640000E+00   8.000000000E-03   2.860740000E+00   6.400000000E-03 
                      3.038620000E+00   2.200000000E-02   3.878003000E+00   4.000000000E-02   3.960000000E+00   4.000000000E-02 
611541   Pm154m1      11
                      1.665050000E+00   3.900000000E-02   1.726200000E+00   1.700000000E-02   1.893100000E+00   5.900000000E-02 
                      1.972280000E+00   6.800000000E-01   2.141040000E+00   1.500000000E-02   2.154520000E+00   1.800000000E-02 
                      2.203130000E+00   6.000000000E-03   2.294100000E+00   3.000000000E-03   2.419820000E+00   2.400000000E-02 
                      2.518940000E+00   1.550000000E-02   3.692160000E+00   7.400000000E-02 
611560   Pm156        20
                      2.449300000E+00   4.000000000E-03   2.532490000E+00   8.000000000E-03   2.539300000E+00   1.000000000E-02 
                      2.622780000E+00   1.650000000E-01   2.629960000E+00   8.200000000E-02   2.666400000E+00   1.000000000E-02 
                      2.807080000E+00   1.800000000E-02   2.883480000E+00   4.200000000E-02   2.949090000E+00   7.700000000E-02 
                      3.115200000E+00   1.900000000E-02   3.410650000E+00   1.000000000E-02   3.538700000E+00   1.800000000E-02 
                      3.633960000E+00   2.300000000E-01   3.639780000E+00   1.140000000E-01   3.751450000E+00   3.100000000E-02 
                      3.892900000E+00   6.000000000E-03   4.038890000E+00   2.500000000E-02   4.128380000E+00   1.700000000E-02 
                      4.273310000E+00   3.600000000E-02   4.631930000E+00   3.400000000E-02 
621510   Sm151        2
                      5.505700000E-02   9.100000000E-03   7.660000000E-02   9.909000000E-01 
621530   Sm153        18
                      4.300000000E-02   4.400000000E-07   4.639996000E-02   1.006000000E-04   8.810998000E-02   1.340000000E-05 
                      9.369000000E-02   1.350000000E-04   1.001800000E-01   2.370000000E-04   1.054100000E-01   7.000000000E-05 
                      1.126200000E-01   2.410000000E-04   1.249000000E-01   1.020000000E-04   1.491200000E-01   9.300000000E-06 
                      1.703300000E-01   6.650000000E-04   1.720600000E-01   4.770000000E-04   2.217800000E-01   2.280000000E-05 
                      5.370642000E-01   5.000000000E-06   6.339467000E-01   3.130000000E-01   6.551755000E-01   2.600000000E-04 
                      7.036198000E-01   4.940000000E-01   7.093688000E-01   6.000000000E-03   8.068000000E-01   1.840000000E-01 
621550   Sm155        14
                      3.252899000E-01   1.090000000E-03   3.631000000E-01   1.600000000E-04   5.198700000E-01   3.000000000E-04 
                      5.247999000E-01   2.300000000E-04   5.298999000E-01   3.000000000E-05   7.035299000E-01   3.900000000E-05 
                      7.155899000E-01   1.000000000E-04   7.497599000E-01   1.500000000E-04   8.091299000E-01   5.800000000E-04 
                      8.584700000E-01   2.800000000E-03   1.319380000E+00   2.170000000E-02   1.380966000E+00   4.270000000E-02 
                      1.522380000E+00   9.280000000E-01   1.626700000E+00   5.000000000E-03 
621560   Sm156        4
                      4.306000000E-01   4.600000000E-01   4.550000000E-01   7.000000000E-03   6.994000000E-01   5.400000000E-01 
                      7.220000000E-01   1.000000000E-04 
621570   Sm157        30
                      1.800000000E-01   2.000000000E-03   2.800000000E-01   2.000000000E-03   3.800000000E-01   3.000000000E-03 
                      4.800000000E-01   4.000000000E-03   5.800000000E-01   3.000000000E-03   6.800000000E-01   5.000000000E-03 
                      7.800000000E-01   1.200000000E-02   8.800000000E-01   1.200000000E-02   9.800000000E-01   7.000000000E-03 
                      1.080000000E+00   6.000000000E-03   1.180000000E+00   4.000000000E-03   1.266880000E+00   3.800000000E-02 
                      1.311530000E+00   7.000000000E-03   1.347060000E+00   1.200000000E-02   1.352680000E+00   1.000000000E-02 
                      1.369080000E+00   1.200000000E-02   1.480000000E+00   1.000000000E-02   1.580000000E+00   7.000000000E-03 
                      1.680000000E+00   1.600000000E-02   1.708730000E+00   8.000000000E-03   1.741620000E+00   1.900000000E-02 
                      1.758010000E+00   7.000000000E-03   1.880000000E+00   2.000000000E-03   2.013690000E+00   1.700000000E-02 
                      2.059581000E+00   2.600000000E-02   2.276500000E+00   1.700000000E-01   2.335666000E+00   1.300000000E-01 
                      2.532137000E+00   4.300000000E-01   2.653291000E+00   2.500000000E-02   2.730000000E+00   1.500000000E-02 
621590   Sm159        7
                      2.788210000E+00   3.210000000E-01   3.506390000E+00   2.300000000E-02   3.585460000E+00   2.300000000E-01 
                      3.650200000E+00   2.100000000E-01   3.668000000E+00   1.300000000E-02   3.764590000E+00   1.000000000E-01 
                      3.840000000E+00   1.000000000E-01 
631501   Eu150m1      1
                      1.014100000E+00   8.900000000E-01 
631520   Eu152        13
                      1.263900000E-01   2.129864000E-04   1.753910000E-01   1.818884000E-02   2.131980000E-01   1.009935000E-03 
                      2.685901000E-01   5.399654000E-04   3.847800000E-01   2.426845000E-02   5.003800000E-01   2.819820000E-04 
                      5.041481000E-01   4.999680000E-05   5.365371000E-01   3.499776000E-04   6.956150000E-01   1.377912000E-01 
                      7.096271000E-01   2.599834000E-03   8.882551000E-01   3.149798000E-03   1.063404000E+00   8.999424000E-03 
                      1.474521000E+00   8.099482000E-02 
631521   Eu152m1      6
                      1.083999000E-01   4.900490000E-04   4.038999000E-01   1.220122000E-04   5.497499000E-01   1.590159000E-02 
                      8.165499000E-01   1.230123000E-03   1.520120000E+00   1.680168000E-02   1.864400000E+00   6.960696000E-01 
631540   Eu154        20
                      1.718301000E-01   6.620000000E-04   1.799701000E-01   8.600000000E-05   2.492400000E-01   2.860000000E-01 
                      3.078900000E-01   8.220000000E-03   3.229501000E-01   1.720000000E-03   3.516731000E-01   1.584000000E-02 
                      4.096300000E-01   9.160000000E-04   4.375160000E-01   3.200000000E-03   5.361400000E-01   2.100000000E-05 
                      5.506541000E-01   1.060000000E-03   5.643501000E-01   1.000000000E-05   5.712941000E-01   3.630000000E-01 
                      7.050221000E-01   7.280000000E-03   7.171701000E-01   3.010000000E-03   8.409961000E-01   1.680000000E-01 
                      9.212161000E-01   1.310000000E-03   9.725430000E-01   3.500000000E-02   1.153307000E+00   7.000000000E-03 
                      1.597800000E+00   1.900000000E-03   1.845729000E+00   1.000000000E-01 
631550   Eu155        6
                      1.068300000E-01   7.300000000E-03   1.349013000E-01   1.900000000E-02   1.475912000E-01   4.700000000E-01 
                      1.663525000E-01   2.500000000E-01   1.928903000E-01   9.000000000E-02   2.529000000E-01   1.670000000E-01 
631560   Eu156        24
                      8.821997000E-02   2.600000000E-04   1.046001000E-01   1.000000000E-04   1.482500000E-01   1.230000000E-03 
                      1.555601000E-01   9.000000000E-03   1.791101000E-01   4.200000000E-02   1.890500000E-01   5.200000000E-04 
                      2.435300000E-01   2.200000000E-02   2.455000000E-01   1.500000000E-03   2.495000000E-01   7.900000000E-04 
                      2.622600000E-01   1.030000000E-01   3.275801000E-01   1.300000000E-03   4.224000000E-01   5.700000000E-02 
                      4.830900000E-01   2.900000000E-01   4.870000000E-01   5.900000000E-04   4.966200000E-01   9.200000000E-03 
                      5.025400000E-01   3.900000000E-03   6.690000000E-01   2.200000000E-04   7.338399000E-01   3.200000000E-04 
                      1.082550000E+00   2.100000000E-02   1.129370000E+00   2.800000000E-03   1.206530000E+00   5.300000000E-02 
                      1.280860000E+00   4.100000000E-02   1.399590000E+00   1.280000000E-02   2.449000000E+00   3.200000000E-01 
631570   Eu157        8
                      6.115630000E-01   2.000000000E-02   6.763330000E-01   3.000000000E-02   6.797640000E-01   4.000000000E-02 
                      8.381530000E-01   4.000000000E-02   8.483290000E-01   3.000000000E-02   8.883690000E-01   2.200000000E-01 
                      9.285740000E-01   1.500000000E-01   1.299083000E+00   4.800000000E-01 
631580   Eu158        31
                      6.303999000E-01   3.600000000E-04   7.280601000E-01   2.200000000E-03   8.193999000E-01   7.500000000E-04 
                      8.690801000E-01   1.300000000E-03   9.908101000E-01   5.500000000E-03   1.014500000E+00   1.700000000E-03 
                      1.039100000E+00   4.400000000E-03   1.042700000E+00   1.550000000E-02   1.094600000E+00   3.200000000E-03 
                      1.164660000E+00   3.220000000E-02   1.220710000E+00   1.630000000E-02   1.268370000E+00   1.400000000E-03 
                      1.466070000E+00   3.450000000E-02   1.525860000E+00   6.600000000E-02   1.559840000E+00   7.600000000E-02 
                      1.595610000E+00   9.500000000E-03   1.642200000E+00   2.590000000E-02   1.696500000E+00   7.000000000E-02 
                      1.972500000E+00   6.600000000E-04   2.038490000E+00   8.000000000E-04   2.087030000E+00   1.100000000E-03 
                      2.224520000E+00   7.000000000E-03   2.226330000E+00   3.700000000E-02   2.230050000E+00   3.900000000E-03 
                      2.294000000E+00   8.700000000E-03   2.302870000E+00   4.000000000E-03   2.448380000E+00   3.100000000E-03 
                      2.466340000E+00   2.510000000E-01   2.512850000E+00   2.130000000E-01   3.228520000E+00   8.000000000E-03 
                      3.410490000E+00   9.000000000E-02 
631590   Eu159        15
                      9.951999000E-01   1.100000000E-02   1.163200000E+00   4.500000000E-03   1.352340000E+00   2.500000000E-02 
                      1.386490000E+00   1.100000000E-02   1.566510000E+00   1.400000000E-02   1.642310000E+00   4.700000000E-02 
                      1.770630000E+00   3.300000000E-02   1.782430000E+00   6.600000000E-02   1.804820000E+00   2.100000000E-02 
                      1.912880000E+00   1.300000000E-02   2.287530000E+00   1.400000000E-01   2.302710000E+00   2.300000000E-02 
                      2.368620000E+00   3.700000000E-01   2.393090000E+00   5.000000000E-02   2.447230000E+00   1.900000000E-01 
641590   Gd159        10
                      7.925000000E-02   9.000000000E-06   1.155400000E-01   1.620000000E-04   2.962650000E-01   3.880000000E-05 
                      3.528810000E-01   3.000000000E-04   3.896920000E-01   6.260000000E-04   6.069549000E-01   1.219000000E-01 
                      6.222171000E-01   3.150000000E-03   8.329946000E-01   1.200000000E-04   9.125038000E-01   2.960000000E-01 
                      9.705000000E-01   5.780000000E-01 
641610   Gd161        5
                      1.369724000E+00   5.700000000E-02   1.475370000E+00   4.400000000E-02   1.538272000E+00   8.350000000E-01 
                      1.561136000E+00   1.500000000E-02   1.640586000E+00   5.000000000E-02 
641620   Gd162        2
                      9.478900000E-01   9.550000000E-01   1.048590000E+00   4.500000000E-02 
651580   Tb158        2
                      6.178609000E-01   1.099252000E-02   8.360820000E-01   1.548946000E-01 
651600   Tb160        14
                      2.792700000E-01   1.050000000E-05   2.999490000E-01   2.340000000E-03   4.361600000E-01   4.470000000E-02 
                      4.486649000E-01   1.014000000E-02   4.764340000E-01   9.900000000E-02   5.464399000E-01   3.000000000E-04 
                      5.484060000E-01   3.430000000E-02   5.495100000E-01   1.540000000E-04   5.703526000E-01   4.540000000E-01 
                      6.792879000E-01   2.130000000E-03   7.859979000E-01   6.450000000E-02   8.689314000E-01   2.790000000E-01 
                      1.551278000E+00   1.900000000E-03   1.748312000E+00   8.000000000E-03 
651610   Tb161        9
                      4.326398000E-02   6.400000000E-04   1.420450000E-01   1.000000000E-04   1.752620000E-01   3.310000000E-04 
                      2.265320000E-01   6.500000000E-04   3.805770000E-01   1.170000000E-04   4.617415000E-01   2.570000000E-01 
                      5.189333000E-01   6.500000000E-01   5.678486000E-01   5.000000000E-02   5.935000000E-01   5.000000000E-02 
651620   Tb162        16
                      1.387000000E-01   2.700000000E-04   3.466999000E-01   2.400000000E-04   3.813999000E-01   5.400000000E-04 
                      5.108001000E-01   9.000000000E-05   5.276000000E-01   1.900000000E-04   7.273700000E-01   1.400000000E-03 
                      7.645200000E-01   1.700000000E-03   8.185899000E-01   3.200000000E-03   1.056400000E+00   1.500000000E-04 
                      1.152200000E+00   6.000000000E-04   1.234220000E+00   1.400000000E-03   1.361760000E+00   9.800000000E-01 
                      1.547030000E+00   1.500000000E-03   1.621810000E+00   6.000000000E-03   2.429340000E+00   1.000000000E-03 
                      2.510000000E+00   3.000000000E-03 
651630   Tb163        16
                      6.379101000E-01   2.500000000E-03   7.007300000E-01   1.600000000E-02   7.261899000E-01   1.400000000E-02 
                      8.356600000E-01   4.500000000E-02   8.498900000E-01   1.540000000E-01   8.693300000E-01   1.600000000E-02 
                      9.007600000E-01   3.480000000E-01   9.258800000E-01   4.500000000E-02   1.003980000E+00   3.300000000E-03 
                      1.018800000E+00   1.150000000E-01   1.047510000E+00   1.140000000E-01   1.231940000E+00   3.000000000E-03 
                      1.270390000E+00   2.500000000E-03   1.309660000E+00   3.900000000E-02   1.357380000E+00   7.500000000E-03 
                      1.363120000E+00   9.100000000E-02 
651640   Tb164        22
                      8.756999000E-01   6.419000000E-02   8.845000000E-01   3.668000000E-03   8.883999000E-01   1.100400000E-02 
                      1.137300000E+00   1.283800000E-02   1.577500000E+00   1.925700000E-02   1.642300000E+00   2.475900000E-02 
                      1.684310000E+00   2.989420000E-01   1.695300000E+00   1.036210000E-01   1.716870000E+00   3.668000000E-02 
                      1.732280000E+00   3.668000000E-02   1.891370000E+00   6.143900000E-02   1.937000000E+00   3.209500000E-02 
                      1.957500000E+00   7.977900000E-02   2.119800000E+00   1.467200000E-02   2.164700000E+00   3.668000000E-03 
                      2.203600000E+00   2.384200000E-02   2.282300000E+00   4.218200000E-02   2.302120000E+00   5.685400000E-02 
                      2.496200000E+00   2.384200000E-02   2.664920000E+00   2.475900000E-02   2.734200000E+00   9.170000000E-03 
                      2.767210000E+00   1.834000000E-02 
651650   Tb165        8
                      1.145300000E+00   1.700000000E-02   1.185900000E+00   1.060000000E-01   1.558800000E+00   1.630000000E-01 
                      1.621900000E+00   1.440000000E-01   2.420150000E+00   6.000000000E-02   2.774920000E+00   6.000000000E-02 
                      2.800350000E+00   3.000000000E-01   2.850720000E+00   2.000000000E-01 
661650   Dy165        12
                      1.001100000E-01   1.700000000E-05   1.463400000E-01   1.800000000E-05   2.070840000E-01   1.500000000E-03 
                      2.309390000E-01   4.300000000E-04   2.916050000E-01   1.700000000E-02   4.665930000E-01   1.200000000E-04 
                      5.713680000E-01   6.000000000E-04   7.209540000E-01   1.650000000E-03   7.956529000E-01   1.500000000E-04 
                      1.076896000E+00   1.600000000E-04   1.192000000E+00   1.500000000E-01   1.286700000E+00   8.300000000E-01 
661651   Dy165m1      5
                      3.573600000E-01   4.999680000E-06   6.044599000E-01   1.999872000E-04   8.793930000E-01   1.899878000E-02 
                      9.654599000E-01   9.999360000E-04   1.033389000E+00   1.599897000E-03 
661660   Dy166        5
                      6.091300000E-02   1.170000000E-02   1.137700000E-01   1.600000000E-04   4.044305000E-01   9.700000000E-01 
                      4.326609000E-01   5.000000000E-02   4.869000000E-01   2.000000000E-02 
661670   Dy167        11
                      4.311000000E-01   4.600000000E-03   6.851000000E-01   7.800000000E-03   1.109400000E+00   1.300000000E-02 
                      1.181120000E+00   1.010000000E-02   1.201000000E+00   8.000000000E-03   1.250320000E+00   1.080000000E-02 
                      1.428120000E+00   7.200000000E-03   1.780330000E+00   8.200000000E-01   1.940040000E+00   1.700000000E-02 
                      1.957480000E+00   5.600000000E-02   2.090660000E+00   2.500000000E-02 
661680   Dy168        3
                      8.695900000E-01   6.100000000E-01   1.307430000E+00   3.300000000E-01   1.312830000E+00   9.000000000E-02 
661690   Dy169        2
                      1.621800000E+00   2.000000000E-01   3.200000000E+00   8.000000000E-01 
671640   Ho164        2
                      8.710100000E-01   1.200000000E-01   9.624000000E-01   2.800000000E-01 
671660   Ho166        7
                      2.416992000E-02   3.620000000E-04   1.922500000E-01   3.070000000E-03   3.265000000E-01   2.400000000E-05 
                      3.947699000E-01   9.500000000E-03   1.068810000E+00   6.100000000E-05   1.774126000E+00   4.870000000E-01 
                      1.854700000E+00   5.000000000E-01 
671661   Ho166m1      8
                      3.301697000E-02   1.723000000E-01   7.359998000E-02   7.390000000E-01   1.682770000E-01   8.000000000E-04 
                      3.048300000E-01   3.850000000E-03   4.845399000E-01   5.800000000E-03   6.446059000E-01   2.270000000E-02 
                      9.493650000E-01   1.160000000E-02   1.315118000E+00   3.300000000E-02 
671670   Ho167        6
                      2.649900000E-01   3.000000000E-02   3.421400000E-01   4.300000000E-01   5.800100000E-01   2.700000000E-02 
                      6.635000000E-01   2.100000000E-01   9.307000000E-01   1.500000000E-01   1.010000000E+00   1.500000000E-01 
671680   Ho168        24
                      4.454299000E-01   7.200000000E-04   5.051399000E-01   4.500000000E-03   6.596001000E-01   2.700000000E-04 
                      6.625701000E-01   8.000000000E-04   6.673899000E-01   5.300000000E-04   6.751899000E-01   1.900000000E-03 
                      6.752800000E-01   2.000000000E-03   7.370200000E-01   1.840000000E-02   9.310100000E-01   5.000000000E-03 
                      9.354399000E-01   4.500000000E-04   9.576100000E-01   3.100000000E-04   9.997600000E-01   3.300000000E-03 
                      1.014560000E+00   1.240000000E-03   1.081790000E+00   5.700000000E-03   1.276900000E+00   2.200000000E-04 
                      1.314690000E+00   4.000000000E-03   1.360700000E+00   3.900000000E-04   1.388650000E+00   2.200000000E-02 
                      1.653710000E+00   4.400000000E-04   1.836070000E+00   1.500000000E-02   1.935330000E+00   1.740000000E-02 
                      2.034270000E+00   1.780000000E-01   2.108887000E+00   6.800000000E-01   2.665919000E+00   1.500000000E-02 
671700   Ho170        7
                      1.710960000E+00   6.100000000E-01   2.279050000E+00   1.170000000E-01   2.456800000E+00   1.400000000E-02 
                      2.497680000E+00   4.100000000E-02   2.565380000E+00   4.500000000E-02   2.633300000E+00   2.900000000E-02 
                      3.329320000E+00   2.300000000E-02 
671701   Ho170m1      20
                      3.838001000E-01   1.000000000E-02   1.200800000E+00   1.900000000E-03   1.290000000E+00   1.300000000E-03 
                      1.305200000E+00   1.400000000E-02   1.857200000E+00   1.900000000E-03   1.918900000E+00   7.600000000E-03 
                      1.950700000E+00   8.900000000E-03   1.971300000E+00   1.700000000E-02   2.007400000E+00   4.300000000E-02 
                      2.017400000E+00   1.300000000E-01   2.247600000E+00   2.200000000E-03   2.489400000E+00   1.500000000E-02 
                      2.574200000E+00   1.700000000E-02   2.666200000E+00   4.100000000E-03   2.685100000E+00   2.100000000E-02 
                      2.723900000E+00   4.000000000E-02   3.030230000E+00   7.000000000E-03   3.099100000E+00   1.600000000E-01 
                      3.911420000E+00   1.400000000E-01   3.990000000E+00   3.600000000E-01 
681690   Er169        3
                      2.332105000E-01   4.800000000E-05   3.429898000E-01   4.500000000E-01   3.514000000E-01   5.500000000E-01 
681710   Er171        14
                      9.009998000E-02   6.300000000E-05   9.959998000E-02   2.600000000E-04   1.942999000E-01   2.000000000E-04 
                      2.057000000E-01   3.300000000E-03   2.650000000E-01   1.100000000E-04   4.921000000E-01   5.200000000E-03 
                      5.776899000E-01   2.190000000E-02   6.682999000E-01   2.900000000E-04   7.533099000E-01   4.400000000E-04 
                      8.148299000E-01   1.900000000E-03   8.551399000E-01   2.000000000E-04   1.065752000E+00   9.440000000E-01 
                      1.163820000E+00   2.000000000E-04   1.490700000E+00   2.300000000E-02 
681720   Er172        9
                      9.358002000E-02   1.170000000E-04   1.765000000E-01   1.400000000E-04   2.809380000E-01   4.640000000E-01 
                      3.558600000E-01   4.640000000E-01   3.647700000E-01   2.800000000E-04   4.113200000E-01   2.600000000E-04 
                      4.155540000E-01   2.000000000E-02   4.836620000E-01   3.300000000E-02   8.910000000E-01   3.500000000E-02 
681730   Er173        3
                      1.392100000E+00   6.300000000E-01   2.193100000E+00   1.300000000E-01   2.287270000E+00   2.300000000E-01 
691680   Tm168        1
                      1.804700000E-01   1.000000000E-04 
691700   Tm170        2
                      8.837452000E-01   1.829997000E-01   9.680000000E-01   8.159986000E-01 
691710   Tm171        2
                      2.976900000E-02   2.000000000E-02   9.650000000E-02   9.800000000E-01 
691720   Tm172        16
                      1.794300000E-01   2.200000000E-03   2.172600000E-01   1.300000000E-02   2.715830000E-01   1.000000000E-01 
                      3.309399000E-01   2.400000000E-02   4.033800000E-01   1.110000000E-02   4.141510000E-01   1.010000000E-01 
                      5.936000000E-01   8.000000000E-05   6.170601000E-01   2.700000000E-04   6.814900000E-01   2.440000000E-03 
                      7.076780000E-01   6.600000000E-02   7.250899000E-01   9.600000000E-03   7.621999000E-01   2.910000000E-03 
                      8.371601000E-01   2.900000000E-03   1.619731000E+00   1.200000000E-02   1.801250000E+00   3.600000000E-01 
                      1.880000000E+00   2.900000000E-01 
691730   Tm173        3
                      8.365000000E-01   2.200000000E-01   8.991000000E-01   7.600000000E-01   1.298000000E+00   2.000000000E-02 
691740   Tm174        6
                      7.013001000E-01   1.430000000E-01   7.433001000E-01   4.000000000E-03   9.196001000E-01   9.000000000E-03 
                      9.916001000E-01   5.000000000E-03   1.030200000E+00   1.400000000E-02   1.195500000E+00   8.300000000E-01 
701750   Yb175        4
                      7.397198000E-02   2.040000000E-01   2.188350000E-01   8.000000000E-05   3.564940000E-01   6.700000000E-02 
                      4.703000000E-01   7.290000000E-01 
701770   Yb177        17
                      6.364002000E-02   5.100000000E-04   1.593000000E-01   4.100000000E-02   1.644401000E-01   7.500000000E-04 
                      1.700701000E-01   7.700000000E-02   2.352400000E-01   3.800000000E-04   2.508301000E-01   1.350000000E-02 
                      3.514601000E-01   7.900000000E-03   7.290200000E-01   1.800000000E-04   8.487401000E-01   1.600000000E-04 
                      9.428201000E-01   1.400000000E-04   9.494401000E-01   1.400000000E-04   9.602001000E-01   3.500000000E-05 
                      1.111940000E+00   2.200000000E-02   1.131980000E+00   5.300000000E-03   1.250550000E+00   2.100000000E-01 
                      1.279240000E+00   8.600000000E-02   1.400800000E+00   5.400000000E-01 
701790   Yb179        7
                      1.056800000E+00   1.520000000E-01   1.086500000E+00   6.100000000E-02   1.438200000E+00   2.500000000E-01 
                      1.578900000E+00   5.000000000E-02   1.726300000E+00   1.850000000E-02   1.989600000E+00   3.200000000E-02 
                      2.050600000E+00   4.300000000E-01 
711760   Lu176        2
                      1.923600000E-01   3.900000000E-03   5.933501000E-01   9.961000000E-01 
711761   Lu176m1      6
                      2.013000000E-02   9.291165000E-07   6.557995000E-02   1.458613000E-05   8.653991000E-02   5.894395000E-06 
                      1.634199000E-01   7.692685000E-06   1.224839000E+00   6.094205000E-01   1.313200000E+00   3.896295000E-01 
711770   Lu177        4
                      1.792837000E-01   1.161000000E-01   2.509255000E-01   6.000000000E-05   3.876500000E-01   9.000000000E-02 
                      5.006000000E-01   7.940000000E-01 
711771   Lu177m1      1
                      1.530245000E-01   7.860000000E-01 
711780   Lu178        17
                      2.828001000E-01   2.700000000E-04   3.289900000E-01   2.700000000E-03   5.345300000E-01   6.000000000E-03 
                      5.395899000E-01   3.700000000E-03   5.873399000E-01   7.000000000E-03   6.049399000E-01   1.100000000E-02 
                      6.572200000E-01   5.100000000E-04   6.670200000E-01   3.200000000E-02   7.385699000E-01   6.300000000E-03 
                      7.786000000E-01   1.500000000E-04   7.910899000E-01   1.100000000E-02   8.241000000E-01   3.000000000E-04 
                      8.408199000E-01   8.000000000E-04   9.016999000E-01   1.200000000E-03   9.266601000E-01   8.000000000E-04 
                      2.007821000E+00   2.900000000E-01   2.101000000E+00   6.300000000E-01 
711781   Lu178m1      4
                      6.232001000E-01   2.300000000E-04   7.458101000E-01   1.300000000E-01   8.607901000E-01   3.300000000E-02 
                      1.077430000E+00   8.370000000E-01 
711790   Lu179        12
                      2.085000000E-01   1.400000000E-04   2.397500000E-01   1.000000000E-04   2.869000000E-01   1.100000000E-05 
                      3.020900000E-01   3.900000000E-04   3.345100000E-01   1.200000000E-03   4.046500000E-01   1.200000000E-04 
                      5.378400000E-01   9.200000000E-04   7.911000000E-01   2.300000000E-05   8.895700000E-01   6.800000000E-05 
                      1.070300000E+00   1.900000000E-02   1.193670000E+00   1.100000000E-01   1.408000000E+00   8.700000000E-01 
711800   Lu180        7
                      1.357200000E+00   9.000000000E-02   1.490000000E+00   1.500000000E-02   1.492100000E+00   7.800000000E-01 
                      1.724900000E+00   7.000000000E-03   1.808800000E+00   2.000000000E-02   1.900100000E+00   3.000000000E-02 
                      2.791450000E+00   5.000000000E-02 
711830   Lu183        7
                      2.158200000E+00   2.800000000E-02   2.507200000E+00   4.500000000E-02   2.637700000E+00   4.500000000E-01 
                      3.446100000E+00   1.040000000E-01   3.557300000E+00   5.200000000E-02   3.594900000E+00   1.400000000E-01 
                      3.694430000E+00   2.000000000E-01 
721801   Hf180m1      2
                      1.185699000E-01   2.299977000E-04   2.174699000E-01   2.899971000E-03 
721810   Hf181        4
                      4.101800000E-01   7.000000000E-02   4.139800000E-01   9.300000000E-01   5.470000000E-01   2.500000000E-03 
                      1.029100000E+00   3.500000000E-06 
721820   Hf182        1
                      1.045920000E-01   1.000000000E+00 
721821   Hf182m1      4
                      2.109000000E-01   1.400000000E-02   4.317001000E-01   3.740000000E-01   7.713001000E-01   6.000000000E-02 
                      8.953001000E-01   8.900000000E-02 
721830   Hf183        8
                      2.256800000E-01   7.000000000E-04   4.665900000E-01   3.200000000E-02   8.591899000E-01   3.000000000E-03 
                      9.797200000E-01   1.700000000E-03   1.049930000E+00   1.500000000E-03   1.153072000E+00   6.800000000E-01 
                      1.274940000E+00   5.600000000E-03   1.550930000E+00   2.500000000E-01 
721840   Hf184        4
                      7.228000000E-01   3.600000000E-01   8.867000000E-01   1.520000000E-01   1.111600000E+00   4.700000000E-01 
                      1.250700000E+00   8.000000000E-03 
731800   Ta180        2
                      5.974000000E-01   3.598560000E-02   7.010000000E-01   1.039584000E-01 
731820   Ta182        11
                      2.607760000E-01   2.923000000E-01   3.037500000E-01   1.420000000E-03   3.264982000E-01   1.300000000E-02 
                      3.711639000E-01   5.650000000E-03   4.401699000E-01   2.010000000E-01   4.828847000E-01   2.370000000E-02 
                      5.248502000E-01   4.320000000E-01   5.565879000E-01   5.000000000E-04   5.925999000E-01   3.200000000E-02 
                      1.484573000E+00   9.600000000E-04   1.713894000E+00   5.800000000E-04 
731830   Ta183        4
                      4.479399000E-01   5.000000000E-02   4.753610000E-01   9.900000000E-03   6.176301000E-01   9.200000000E-01 
                      6.586056000E-01   2.300000000E-02 
731840   Ta184        9
                      3.773401000E-01   3.400000000E-03   4.808601000E-01   7.600000000E-03   8.401400000E-01   8.900000000E-03 
                      1.123960000E+00   1.470000000E-01   1.170980000E+00   8.200000000E-01   1.193550000E+00   3.900000000E-03 
                      1.288540000E+00   2.100000000E-03   1.445060000E+00   5.000000000E-03   1.585010000E+00   4.000000000E-02 
731850   Ta185        6
                      9.350000000E-01   5.600000000E-03   1.208600000E+00   1.700000000E-02   1.603000000E+00   1.900000000E-02 
                      1.750300000E+00   6.800000000E-01   1.805700000E+00   5.500000000E-03   1.820090000E+00   2.700000000E-01 
731860   Ta186        15
                      1.629600000E+00   2.300000000E-02   1.733800000E+00   9.000000000E-03   2.238950000E+00   5.800000000E-01 
                      2.271690000E+00   1.150000000E-02   2.292800000E+00   2.500000000E-02   2.379700000E+00   3.900000000E-02 
                      2.577800000E+00   2.300000000E-02   2.602700000E+00   3.000000000E-03   2.616000000E+00   5.600000000E-03 
                      2.728980000E+00   3.500000000E-02   2.854900000E+00   1.000000000E-01   2.885360000E+00   1.600000000E-02 
                      2.893410000E+00   1.900000000E-02   3.018200000E+00   9.000000000E-03   3.777710000E+00   1.600000000E-01 
741850   W185         2
                      3.072420000E-01   7.200000000E-04   4.326000000E-01   9.992800000E-01 
741870   W187         14
                      8.078003000E-02   4.100000000E-04   9.009998000E-02   2.100000000E-06   1.204401000E-01   1.500000000E-04 
                      3.507300000E-01   2.050000000E-04   4.314440000E-01   5.500000000E-03   4.463440000E-01   7.510000000E-03 
                      4.840600000E-01   1.260000000E-04   4.943380000E-01   5.100000000E-04   5.380241000E-01   5.100000000E-02 
                      6.251030000E-01   6.620000000E-01   6.853830000E-01   4.300000000E-02   6.925300000E-01   5.400000000E-02 
                      1.176653000E+00   2.200000000E-02   1.310900000E+00   1.690000000E-01 
741880   W188         5
                      5.833099000E-02   8.300000000E-03   1.411400000E-01   8.700000000E-05   1.795700000E-01   3.350000000E-05 
                      2.854210000E-01   1.500000000E-03   3.490000000E-01   9.900000000E-01 
741900   W190         1
                      9.503000000E-01   1.000000000E+00 
751860   Re186        4
                      1.588000000E-01   2.599926000E-07   3.020200000E-01   6.249823000E-04   9.323430000E-01   2.153939000E-01 
                      1.069500000E+00   7.098799000E-01 
751870   Re187        1
                      2.469000000E-03   1.000000000E+00 
751880   Re188        26
                      9.784009000E-02   2.100000000E-05   1.001000000E-01   6.300000000E-05   1.377800000E-01   1.000000000E-06 
                      1.553201000E-01   2.200000000E-05   1.632001000E-01   5.560000000E-04   1.716901000E-01   8.550000000E-04 
                      1.792500000E-01   1.130000000E-03   1.833800000E-01   1.700000000E-06   2.774200000E-01   3.520000000E-05 
                      2.920801000E-01   1.000000000E-06   2.953401000E-01   2.620000000E-04   3.126801000E-01   4.000000000E-04 
                      3.549270000E-01   2.020000000E-03   3.906000000E-01   1.500000000E-05   4.159601000E-01   1.400000000E-05 
                      4.347800000E-01   6.000000000E-06   6.421901000E-01   2.190000000E-04   6.577800000E-01   4.830000000E-03 
                      6.627300000E-01   4.720000000E-04   6.767600000E-01   1.050000000E-05   7.064800000E-01   2.300000000E-05 
                      8.154301000E-01   2.650000000E-04   1.033898000E+00   6.850000000E-03   1.487256000E+00   1.748000000E-02 
                      1.965240000E+00   2.630000000E-01   2.120280000E+00   7.000000000E-01 
751890   Re189        18
                      2.902000000E-01   4.500000000E-03   3.349600000E-01   3.100000000E-04   3.850500000E-01   1.600000000E-04 
                      4.074600000E-01   1.300000000E-02   4.571200000E-01   2.400000000E-03   5.082200000E-01   3.300000000E-03 
                      5.683200000E-01   6.000000000E-05   5.790799000E-01   2.400000000E-03   6.412500000E-01   1.500000000E-04 
                      7.311040000E-01   5.400000000E-02   7.734800000E-01   2.000000000E-03   7.876090000E-01   7.900000000E-02 
                      7.903371000E-01   1.300000000E-01   9.117420000E-01   1.500000000E-03   9.374720000E-01   2.300000000E-02 
                      9.708160000E-01   3.700000000E-02   9.761880000E-01   2.000000000E-02   1.007000000E+00   6.400000000E-01 
751900   Re190        3
                      7.876001000E-01   9.000000000E-03   1.144400000E+00   1.100000000E-02   1.753080000E+00   9.800000000E-01 
761910   Os191        1
                      1.414220000E-01   1.000000000E+00 
761930   Os193        18
                      6.326990000E-02   1.800000000E-05   1.767700000E-01   3.700000000E-05   2.669089000E-01   3.300000000E-04 
                      2.922700000E-01   7.400000000E-05   4.008190000E-01   3.100000000E-03   4.290300000E-01   5.270000000E-03 
                      4.460670000E-01   9.900000000E-04   5.429700000E-01   1.000000000E-04   5.819009000E-01   7.500000000E-03 
                      5.837539000E-01   2.450000000E-02   6.806649000E-01   7.740000000E-02   7.793440000E-01   7.200000000E-03 
                      7.834319000E-01   1.700000000E-04   8.418009000E-01   3.100000000E-04   9.611329000E-01   1.700000000E-02 
                      1.002260000E+00   1.090000000E-01   1.068155000E+00   1.800000000E-01   1.141200000E+00   5.700000000E-01 
761940   Os194        3
                      1.430000000E-02   6.000000000E-04   5.350000000E-02   7.600000000E-01   9.660000000E-02   2.400000000E-01 
771920   Ir192        6
                      5.345996000E-02   3.500023000E-05   7.570996000E-02   3.900026000E-05   8.167993000E-02   1.027007000E-03 
                      2.586549000E-01   5.600037000E-02   5.387813000E-01   4.143027000E-01   6.751239000E-01   4.800031000E-01 
771921   Ir192m1      3
                      8.987768000E-01   2.500001000E-05   1.194734000E+00   8.000006000E-05   1.511240000E+00   7.000005000E-05 
771940   Ir194        24
                      7.075000000E-02   1.900000000E-05   8.796997000E-02   2.100000000E-05   9.460009000E-02   4.600000000E-04 
                      1.146301000E-01   8.100000000E-05   1.197200000E-01   3.100000000E-04   1.432000000E-01   6.600000000E-05 
                      1.649900000E-01   4.000000000E-05   1.757200000E-01   3.000000000E-05   1.850801000E-01   9.000000000E-05 
                      2.985501000E-01   3.300000000E-05   3.045100000E-01   3.500000000E-05   3.352101000E-01   2.100000000E-04 
                      4.314451000E-01   3.300000000E-03   4.501300000E-01   3.500000000E-05   5.581601000E-01   7.200000000E-04 
                      6.066701000E-01   1.600000000E-03   6.815601000E-01   7.000000000E-04   7.168731000E-01   5.600000000E-03 
                      7.496001000E-01   6.100000000E-03   9.616550000E-01   1.770000000E-02   1.306061000E+00   3.000000000E-03 
                      1.606810000E+00   1.280000000E-02   1.900351000E+00   9.300000000E-02   2.228800000E+00   8.540000000E-01 
771950   Ir195        4
                      8.958000000E-01   4.400000000E-02   9.773999000E-01   5.500000000E-01   1.008250000E+00   2.800000000E-01 
                      1.107100000E+00   1.300000000E-01 
771951   Ir195m1      9
                      2.713200000E-01   4.799856000E-02   3.066600000E-01   1.799946000E-02   3.875200000E-01   3.599892000E-01 
                      6.392300000E-01   7.399778000E-02   6.547200000E-01   8.999730000E-03   6.939599000E-01   1.199964000E-02 
                      7.468900000E-01   1.499955000E-02   7.698399000E-01   7.099787000E-02   9.426200000E-01   3.599892000E-01 
771960   Ir196        7
                      1.291170000E+00   1.100000000E-02   1.385900000E+00   1.000000000E-02   1.807400000E+00   1.300000000E-02 
                      2.074390000E+00   1.500000000E-01   2.520800000E+00   1.000000000E-03   2.854350000E+00   1.000000000E-02 
                      3.210000000E+00   8.000000000E-01 
781970   Pt197        3
                      4.499200000E-01   8.200000000E-02   6.413501000E-01   8.120000000E-01   7.187000000E-01   1.060000000E-01 
781971   Pt197m1      1
                      7.092901000E-01   3.300000000E-02 
781990   Pt199        15
                      3.083800000E-01   3.210000000E-04   4.551999000E-01   9.300000000E-05   5.455899000E-01   8.600000000E-04 
                      6.006100000E-01   7.700000000E-04   6.345799000E-01   6.900000000E-04   7.363100000E-01   1.037000000E-02 
                      8.818999000E-01   8.400000000E-04   9.128399000E-01   4.260000000E-02   9.699599000E-01   6.360000000E-02 
                      1.161716000E+00   1.201000000E-01   1.210840000E+00   3.700000000E-03   1.380995000E+00   1.540000000E-02 
                      1.387426000E+00   3.280000000E-02   1.627430000E+00   6.500000000E-03   1.704600000E+00   7.070000000E-01 
782020   Pt202        1
                      1.801000000E+00   1.000000000E+00 
791960   Au196        1
                      2.609000000E-01   6.849997000E-02 
791980   Au198        3
                      2.846127000E-01   9.860000000E-03   9.604976000E-01   9.899000000E-01   1.372300000E+00   2.500000000E-04 
791990   Au199        3
                      2.437951000E-01   2.150000000E-01   2.936214000E-01   7.200000000E-01   4.520000000E-01   6.500000000E-02 
792000   Au200        14
                      1.787439000E-01   8.300000000E-04   2.677200000E-01   1.700000000E-03   3.571410000E-01   2.200000000E-03 
                      3.832209000E-01   5.300000000E-06   5.090730000E-01   1.400000000E-04   5.216960000E-01   1.800000000E-03 
                      5.985570000E-01   1.600000000E-03   6.091081000E-01   3.800000000E-02   6.465661000E-01   1.090000000E-01 
                      6.697250000E-01   6.200000000E-03   9.859020000E-01   1.350000000E-03   1.210656000E+00   2.300000000E-03 
                      1.872057000E+00   4.700000000E-02   2.240000000E+00   7.900000000E-01 
792020   Au202        7
                      1.203890000E+00   2.830000000E-02   1.306380000E+00   2.010000000E-02   1.385220000E+00   2.300000000E-02 
                      1.538630000E+00   7.500000000E-03   1.602080000E+00   2.850000000E-02   1.990080000E+00   5.000000000E-03 
                      2.950000000E+00   9.000000000E-01 
792030   Au203        4
                      1.757100000E+00   1.900000000E-02   1.901100000E+00   1.800000000E-02   2.075200000E+00   2.400000000E-01 
                      2.126000000E+00   7.200000000E-01 
802030   Hg203        2
                      2.129045000E-01   1.000000000E+00   4.921000000E-01   1.500000000E-05 
802050   Hg205        7
                      1.000000000E-01   4.900000000E-05   1.937000000E-01   6.000000000E-05   3.154000000E-01   7.000000000E-05 
                      3.934000000E-01   3.800000000E-05   9.147000000E-01   1.500000000E-04   1.330350000E+00   3.200000000E-02 
                      1.534000000E+00   9.680000000E-01 
802060   Hg206        3
                      6.585800000E-01   3.000000000E-02   1.003104000E+00   3.500000000E-01   1.308000000E+00   6.200000000E-01 
812040   Tl204        1
                      7.637600000E-01   9.708000000E-01 
812060   Tl206        3
                      3.659000000E-01   1.100000000E-03   7.292511000E-01   5.100000000E-05   1.532300000E+00   9.988500000E-01 
812070   Tl207        3
                      5.202400000E-01   2.710000000E-03   8.483600000E-01   4.000000000E-07   1.418000000E+00   9.972900000E-01 
812080   Tl208        15
                      5.185000000E-01   5.200000000E-04   6.161001000E-01   1.700000000E-04   6.405601000E-01   4.400000000E-04 
                      6.756001000E-01   5.000000000E-05   7.027202000E-01   1.010000000E-03   7.370000000E-01   2.000000000E-05 
                      8.186201000E-01   2.270000000E-03   8.737202000E-01   1.750000000E-03   1.003400000E+00   7.000000000E-05 
                      1.038070000E+00   3.180000000E-02   1.052580000E+00   4.600000000E-04   1.079220000E+00   6.300000000E-03 
                      1.290590000E+00   2.420000000E-01   1.523912000E+00   2.220000000E-01   1.801283000E+00   4.910000000E-01 
812090   Tl209        4
                      5.884099000E-01   4.600000000E-03   9.074399000E-01   6.100000000E-03   1.827570000E+00   9.880000000E-01 
                      1.944780000E+00   5.000000000E-04 
812100   Tl210        7
                      1.380000000E+00   2.000000000E-02   1.603000000E+00   7.000000000E-02   1.860000000E+00   2.400000000E-01 
                      2.024000000E+00   1.000000000E-01   2.413000000E+00   1.000000000E-01   4.207000000E+00   3.000000000E-01 
                      4.386000000E+00   2.000000000E-01 
822090   Pb209        1
                      6.440000000E-01   1.000000000E+00 
822100   Pb210        2
                      1.696100000E-02   8.400000000E-01   6.350000000E-02   1.600000000E-01 
822110   Pb211        10
                      9.629004000E-02   1.860000000E-04   1.327000000E-01   1.300000000E-05   1.706700000E-01   1.700000000E-04 
                      2.575200000E-01   8.300000000E-03   2.635000000E-01   4.600000000E-05   2.863800000E-01   5.600000000E-04 
                      4.160000000E-01   2.200000000E-04   5.350470000E-01   6.320000000E-02   9.621470000E-01   1.540000000E-02 
                      1.367000000E+00   9.130000000E-01 
822120   Pb212        3
                      1.546280000E-01   5.080000000E-02   3.312680000E-01   8.310000000E-01   5.699000000E-01   1.190000000E-01 
822140   Pb214        5
                      1.799910000E-01   2.750000000E-02   4.853240000E-01   1.040000000E-02   6.670676000E-01   4.590000000E-01 
                      7.237769000E-01   4.020000000E-01   1.019000000E+00   1.100000000E-01 
832100   Bi210        1
                      1.162100000E+00   1.000000000E+00 
832110   Bi211        1
                      5.740000000E-01   2.760000000E-03 
832120   Bi212        7
                      4.461401000E-01   6.599846000E-03   4.512001000E-01   2.999930000E-04   5.726501000E-01   2.299946000E-03 
                      6.313621000E-01   1.859956000E-02   7.394001000E-01   1.439966000E-02   1.524770000E+00   4.469895000E-02 
                      2.252100000E+00   5.536870000E-01 
832130   Bi213        10
                      9.480005000E-02   3.994152000E-06   3.037061000E-01   5.891374000E-04   3.228390000E-01   5.861418000E-03 
                      3.773500000E-01   1.997076000E-04   4.194470000E-01   6.390643000E-04   5.550200000E-01   1.367997000E-04 
                      8.221400000E-01   4.094006000E-05   9.825550000E-01   3.074499000E-01   1.130202000E+00   2.286652000E-03 
                      1.423000000E+00   6.580365000E-01 
832140   Bi214        62
                      9.669995000E-02   1.400000000E-06   1.097000000E-01   7.900000000E-06   1.208000000E-01   9.000000000E-07 
                      1.274199000E-01   2.100000000E-05   1.882000000E-01   7.300000000E-05   2.160701000E-01   3.800000000E-04 
                      2.558899000E-01   4.300000000E-04   2.666001000E-01   7.000000000E-05   2.700000000E-01   1.040000000E-04 
                      2.910701000E-01   1.680000000E-04   3.071999000E-01   4.000000000E-06   3.293301000E-01   4.100000000E-04 
                      3.354600000E-01   2.170000000E-05   3.414399000E-01   1.100000000E-05   3.481001000E-01   2.225000000E-04 
                      3.505000000E-01   1.400000000E-05   3.730200000E-01   4.500000000E-05   3.764199000E-01   1.080000000E-04 
                      3.896399000E-01   1.140000000E-04   4.003999000E-01   1.400000000E-04   4.091101000E-01   3.200000000E-04 
                      4.430200000E-01   3.300000000E-04   4.840400000E-01   4.700000000E-04   5.000601000E-01   5.000000000E-04 
                      5.413911000E-01   5.380000000E-03   5.507300000E-01   2.670000000E-03   5.712400000E-01   1.040000000E-03 
                      5.753799000E-01   2.920000000E-03   6.076899000E-01   1.270000000E-03   6.391399000E-01   3.600000000E-04 
                      6.653201000E-01   1.500000000E-03   7.076001000E-01   1.800000000E-06   7.170000000E-01   1.000000000E-06 
                      7.250401000E-01   4.400000000E-04   7.618301000E-01   1.230000000E-03   7.646299000E-01   1.730000000E-03 
                      7.875320000E-01   1.244000000E-02   8.222981000E-01   2.780000000E-02   8.467700000E-01   7.400000000E-04 
                      9.216999000E-01   1.400000000E-06   9.766421000E-01   5.570000000E-03   1.003590000E+00   1.960000000E-03 
                      1.065911000E+00   5.600000000E-02   1.077463000E+00   8.550000000E-03   1.122170000E+00   4.440000000E-03 
                      1.151467000E+00   4.345000000E-02   1.181560000E+00   1.020000000E-03   1.252691000E+00   2.450000000E-02 
                      1.259170000E+00   1.431000000E-02   1.275360000E+00   1.177000000E-02   1.379694000E+00   1.588000000E-02 
                      1.422557000E+00   8.140000000E-02   1.505485000E+00   1.696000000E-01   1.527020000E+00   1.250000000E-03 
                      1.540391000E+00   1.757000000E-01   1.557030000E+00   1.630000000E-03   1.608721000E+00   6.100000000E-03 
                      1.726628000E+00   3.120000000E-02   1.854505000E+00   8.900000000E-03   1.892322000E+00   7.350000000E-02 
                      2.660684000E+00   5.800000000E-03   3.270000000E+00   1.910000000E-01 
832150   Bi215        7
                      1.353500000E+00   8.600000000E-03   1.512500000E+00   1.900000000E-03   1.671400000E+00   6.000000000E-03 
                      1.786600000E+00   3.200000000E-03   1.895260000E+00   3.170000000E-01   1.917300000E+00   1.330000000E-02 
                      2.189000000E+00   6.500000000E-01 
832180   Bi218        8
                      2.532200000E+00   4.000000000E-02   2.771500000E+00   3.500000000E-02   2.816800000E+00   3.500000000E-02 
                      2.960300000E+00   6.500000000E-02   3.061100000E+00   2.500000000E-02   3.235100000E+00   2.700000000E-01 
                      3.498100000E+00   1.400000000E-01   3.883800000E+00   3.500000000E-01 
842180   Po218        1
                      2.600000000E-01   2.000000000E-04 
852170   At217        1
                      7.370000000E-01   7.000000000E-05 
852180   At218        1
                      2.881000000E+00   1.000000000E-03 
852190   At219        1
                      1.566000000E+00   3.000000000E-02 
852200   At220        4
                      3.077000000E+00   1.900076000E-01   3.095000000E+00   5.500220000E-02   3.206000000E+00   3.400136000E-01 
                      3.499000000E+00   3.400136000E-01 
862210   Rn221        13
                      8.006000000E-01   2.299998000E-02   8.992400000E-01   2.719997000E-01   9.147200000E-01   5.899994000E-02 
                      9.404700000E-01   6.099994000E-02   9.593700000E-01   1.859998000E-02   9.982121000E-01   2.099998000E-02 
                      1.043920000E+00   3.599996000E-02   1.048100000E+00   3.999996000E-03   1.085613000E+00   8.099992000E-02 
                      1.093070000E+00   8.799991000E-02   1.094120000E+00   2.299998000E-02   1.094370000E+00   8.999991000E-03 
                      1.194000000E+00   7.999992000E-02 
862230   Rn223        45
                      3.165699000E-01   2.900000000E-04   3.826999000E-01   1.600000000E-03   4.169499000E-01   1.800000000E-03 
                      4.215100000E-01   2.100000000E-03   4.382200000E-01   9.400000000E-04   4.454399000E-01   1.200000000E-03 
                      4.598900000E-01   4.800000000E-03   4.712600000E-01   4.400000000E-03   4.996000000E-01   9.400000000E-04 
                      6.128299000E-01   3.100000000E-03   6.137099000E-01   1.000000000E-03   6.528800000E-01   7.000000000E-03 
                      6.898299000E-01   3.900000000E-03   7.909000000E-01   1.200000000E-03   8.917600000E-01   5.700000000E-03 
                      9.091899000E-01   4.900000000E-03   9.418900000E-01   5.200000000E-03   9.697200000E-01   1.000000000E-03 
                      9.767200000E-01   1.500000000E-03   1.010060000E+00   2.200000000E-03   1.012880000E+00   3.400000000E-03 
                      1.016390000E+00   2.100000000E-03   1.024270000E+00   1.000000000E-03   1.090370000E+00   1.900000000E-03 
                      1.119320000E+00   5.300000000E-03   1.172700000E+00   2.700000000E-03   1.177460000E+00   6.000000000E-03 
                      1.229340000E+00   1.400000000E-02   1.248790000E+00   5.300000000E-03   1.275120000E+00   1.100000000E-01 
                      1.313380000E+00   2.500000000E-03   1.327200000E+00   4.400000000E-03   1.362340000E+00   4.700000000E-02 
                      1.364420000E+00   2.700000000E-02   1.406600000E+00   1.400000000E-01   1.471470000E+00   2.300000000E-03 
                      1.646350000E+00   7.000000000E-03   1.789020000E+00   1.700000000E-02   1.792470000E+00   8.000000000E-03 
                      1.824930000E+00   9.000000000E-02   1.840037000E+00   2.000000000E-02   1.911001000E+00   1.000000000E-02 
                      1.912470000E+00   2.100000000E-02   1.929871000E+00   2.100000000E-01   1.999118000E+00   1.200000000E-01 
862250   Rn225        39
                      9.901601000E-01   1.530000000E-02   1.084650000E+00   1.320000000E-02   1.125740000E+00   8.400000000E-03 
                      1.162120000E+00   1.040000000E-02   1.213870000E+00   5.800000000E-03   1.220580000E+00   9.300000000E-03 
                      1.260370000E+00   2.580000000E-02   1.347830000E+00   6.600000000E-03   1.513970000E+00   4.400000000E-03 
                      1.554820000E+00   1.730000000E-02   1.638160000E+00   5.800000000E-03   1.676970000E+00   1.060000000E-02 
                      1.692560000E+00   1.000000000E-02   1.760340000E+00   1.150000000E-02   1.804320000E+00   1.000000000E-04 
                      1.854050000E+00   2.410000000E-02   1.874260000E+00   5.400000000E-02   1.900910000E+00   1.350000000E-02 
                      1.907820000E+00   3.000000000E-03   1.961360000E+00   2.700000000E-01   1.985470000E+00   4.700000000E-03 
                      1.995740000E+00   1.060000000E-02   2.018940000E+00   3.970000000E-02   2.074820000E+00   1.110000000E-02 
                      2.168490000E+00   1.110000000E-02   2.180320000E+00   6.200000000E-02   2.237040000E+00   6.900000000E-03 
                      2.259910000E+00   1.430000000E-02   2.315030000E+00   6.400000000E-03   2.393970000E+00   3.000000000E-02 
                      2.409900000E+00   8.000000000E-03   2.446770000E+00   2.880000000E-02   2.511640000E+00   2.800000000E-02 
                      2.536600000E+00   3.200000000E-02   2.541770000E+00   3.300000000E-02   2.558340000E+00   5.100000000E-02 
                      2.588370000E+00   2.400000000E-02   2.597410000E+00   2.400000000E-02   2.611940000E+00   6.000000000E-02 
872200   Fr220        1
                      1.210000000E+00   2.902900000E-03 
872220   Fr222        23
                      1.868000000E-01   1.000000000E-03   2.065000000E-01   1.600000000E-04   2.736000000E-01   1.030000000E-03 
                      3.831000000E-01   1.200000000E-03   4.084000000E-01   4.900000000E-04   4.719000000E-01   6.900000000E-04 
                      5.285000000E-01   1.170000000E-03   5.881000000E-01   3.400000000E-03   5.954000000E-01   1.470000000E-03 
                      6.254000000E-01   6.500000000E-03   6.523001000E-01   3.700000000E-04   6.674000000E-01   5.200000000E-04 
                      7.178001000E-01   2.200000000E-04   7.630000000E-01   3.400000000E-03   8.028001000E-01   8.700000000E-04 
                      8.564000000E-01   7.800000000E-03   8.571000000E-01   7.000000000E-04   1.003100000E+00   8.500000000E-03 
                      1.710710000E+00   5.400000000E-01   1.726610000E+00   3.700000000E-03   1.785890000E+00   1.700000000E-02 
                      1.916880000E+00   3.800000000E-01   2.028000000E+00   3.000000000E-02 
872230   Fr223        28
                      1.202600000E-01   1.299922000E-05   1.246000000E-01   4.999700000E-06   1.299000000E-01   4.999700000E-06 
                      1.914700000E-01   1.999880000E-04   2.059299000E-01   8.999460000E-05   2.084100000E-01   5.999640000E-05 
                      2.226400000E-01   1.099934000E-03   2.432999000E-01   1.199928000E-05   2.818699000E-01   2.599844000E-04 
                      3.027900000E-01   9.999400000E-04   3.069499000E-01   3.599784000E-04   3.232599000E-01   5.999640000E-03 
                      3.259800000E-01   1.599904000E-04   3.438199000E-01   4.999700000E-05   3.454299000E-01   1.399916000E-03 
                      3.620599000E-01   2.299862000E-04   3.666600000E-01   1.199928000E-05   5.556199000E-01   1.499910000E-04 
                      7.731000000E-01   4.999700000E-05   7.798489000E-01   1.699898000E-02   8.066899000E-01   4.999700000E-04 
                      8.148999000E-01   4.999700000E-04   8.193700000E-01   4.999700000E-04   8.631299000E-01   4.999700000E-04 
                      9.144209000E-01   1.009939000E-01   1.025463000E+00   2.599844000E-03   1.069548000E+00   1.499910000E-01 
                      1.099107000E+00   6.999580000E-01 
872240   Fr224        37
                      4.613001000E-01   5.000000000E-04   5.835000000E-01   2.500000000E-03   6.006001000E-01   5.000000000E-04 
                      6.946999000E-01   4.000000000E-04   7.126001000E-01   9.000000000E-04   7.526999000E-01   1.100000000E-03 
                      7.776999000E-01   7.000000000E-04   7.868001000E-01   1.000000000E-03   8.298001000E-01   1.200000000E-03 
                      8.600799000E-01   1.000000000E-03   9.336999000E-01   7.000000000E-04   9.915100000E-01   1.800000000E-03 
                      1.011900000E+00   6.000000000E-04   1.033250000E+00   5.000000000E-03   1.040390000E+00   9.000000000E-03 
                      1.075160000E+00   3.000000000E-03   1.093700000E+00   2.000000000E-03   1.171480000E+00   4.000000000E-03 
                      1.177580000E+00   1.800000000E-02   1.215590000E+00   1.100000000E-03   1.276300000E+00   2.000000000E-03 
                      1.392920000E+00   1.800000000E-02   1.394530000E+00   2.500000000E-02   1.404970000E+00   7.300000000E-02 
                      1.440290000E+00   3.300000000E-03   1.451070000E+00   1.800000000E-02   1.451650000E+00   5.600000000E-02 
                      1.481780000E+00   2.500000000E-03   1.613100000E+00   1.500000000E-03   1.642900000E+00   1.300000000E-03 
                      1.740020000E+00   3.500000000E-04   1.777050000E+00   1.000000000E-01   1.864490000E+00   4.000000000E-03 
                      1.913660000E+00   1.500000000E-04   2.614015000E+00   4.200000000E-01   2.745627000E+00   7.000000000E-02 
                      2.830000000E+00   1.600000000E-01 
872260   Fr226        39
                      1.401300000E+00   2.600000000E-03   1.481600000E+00   2.200000000E-03   1.488700000E+00   1.100000000E-03 
                      1.584900000E+00   2.300000000E-03   1.614200000E+00   3.600000000E-03   1.655800000E+00   1.400000000E-03 
                      1.664300000E+00   2.300000000E-03   1.688300000E+00   2.800000000E-03   1.700200000E+00   1.600000000E-02 
                      1.720000000E+00   6.600000000E-03   1.725400000E+00   4.800000000E-03   1.763200000E+00   2.800000000E-03 
                      1.773600000E+00   2.600000000E-03   1.782600000E+00   1.100000000E-03   1.788700000E+00   1.500000000E-03 
                      1.806000000E+00   6.400000000E-03   1.884900000E+00   6.500000000E-03   1.892600000E+00   5.100000000E-03 
                      1.903900000E+00   4.600000000E-03   1.914800000E+00   1.300000000E-02   1.932500000E+00   8.600000000E-03 
                      1.947600000E+00   1.010000000E-02   2.049700000E+00   5.100000000E-03   2.083700000E+00   2.100000000E-03 
                      2.233200000E+00   1.000000000E-03   2.248500000E+00   1.500000000E-03   2.281000000E+00   3.900000000E-02 
                      2.432100000E+00   2.000000000E-03   2.514800000E+00   2.200000000E-02   2.548600000E+00   7.000000000E-04 
                      2.593800000E+00   2.000000000E-02   2.600500000E+00   1.400000000E-02   2.622200000E+00   2.500000000E-02 
                      2.797300000E+00   6.200000000E-03   2.846400000E+00   1.500000000E-03   3.349460000E+00   1.000000000E-02 
                      3.417270000E+00   3.400000000E-01   3.603330000E+00   1.200000000E-01   3.671000000E+00   2.700000000E-01 
872270   Fr227        19
                      1.002170000E+00   5.100000000E-03   1.008860000E+00   2.200000000E-02   1.021800000E+00   3.300000000E-03 
                      1.032800000E+00   8.000000000E-04   1.044770000E+00   6.600000000E-03   1.158170000E+00   1.400000000E-03 
                      1.382100000E+00   3.000000000E-03   1.745350000E+00   4.300000000E-03   1.801138000E+00   5.200000000E-01 
                      1.878491000E+00   4.000000000E-03   1.953149000E+00   7.100000000E-02   2.001968000E+00   1.000000000E-02 
                      2.038206000E+00   5.000000000E-03   2.092644000E+00   1.300000000E-02   2.180424000E+00   2.200000000E-02 
                      2.192721000E+00   3.000000000E-03   2.315950000E+00   1.500000000E-02   2.356290000E+00   8.000000000E-02 
                      2.386965000E+00   2.000000000E-01 
872280   Fr228        33
                      2.171800000E+00   8.900000000E-03   2.178700000E+00   2.200000000E-02   2.201700000E+00   1.220000000E-02 
                      2.229200000E+00   5.400000000E-02   2.232070000E+00   1.050000000E-02   2.299000000E+00   1.800000000E-02 
                      2.365390000E+00   1.600000000E-02   2.428180000E+00   2.200000000E-02   2.760200000E+00   1.400000000E-02 
                      2.821130000E+00   1.400000000E-02   2.832860000E+00   5.500000000E-03   2.844660000E+00   3.200000000E-03 
                      2.868250000E+00   6.700000000E-03   2.990500000E+00   4.900000000E-03   3.101500000E+00   1.600000000E-02 
                      3.120030000E+00   1.200000000E-03   3.157740000E+00   6.200000000E-03   3.182410000E+00   1.110000000E-02 
                      3.230900000E+00   6.400000000E-03   3.252720000E+00   2.100000000E-02   3.269770000E+00   3.600000000E-02 
                      3.287220000E+00   1.300000000E-02   3.297990000E+00   2.100000000E-03   3.326760000E+00   2.700000000E-02 
                      3.441150000E+00   1.700000000E-02   3.459700000E+00   1.900000000E-03   3.493850000E+00   3.000000000E-02 
                      3.569290000E+00   1.900000000E-02   3.802510000E+00   7.400000000E-02   3.865820000E+00   8.000000000E-02 
                      4.135320000E+00   8.000000000E-02   4.276177000E+00   2.200000000E-01   4.340000000E+00   1.200000000E-01 
872290   Fr229        26
                      1.539460000E+00   2.000000000E-02   1.563160000E+00   6.200000000E-03   1.651240000E+00   1.080000000E-02 
                      1.798700000E+00   3.620000000E-02   1.822980000E+00   1.800000000E-02   1.835130000E+00   7.200000000E-02 
                      1.849910000E+00   6.000000000E-03   1.883880000E+00   3.300000000E-03   1.919990000E+00   4.900000000E-03 
                      1.937360000E+00   4.200000000E-03   2.218000000E+00   8.400000000E-03   2.325380000E+00   7.300000000E-03 
                      2.389120000E+00   3.600000000E-03   2.424100000E+00   7.800000000E-03   2.446120000E+00   2.800000000E-03 
                      2.486800000E+00   2.100000000E-03   2.507090000E+00   5.200000000E-03   2.594930000E+00   9.000000000E-03 
                      2.661740000E+00   8.300000000E-03   2.694360000E+00   3.500000000E-03   2.696930000E+00   9.000000000E-03 
                      2.709150000E+00   5.100000000E-03   2.718540000E+00   5.100000000E-03   2.741820000E+00   9.300000000E-02 
                      2.758630000E+00   2.000000000E-03   2.781140000E+00   5.700000000E-01 
872300   Fr230        20
                      2.943480000E+00   2.400000000E-02   2.981950000E+00   6.100000000E-02   3.089700000E+00   9.700000000E-02 
                      3.464600000E+00   1.800000000E-02   3.520030000E+00   8.900000000E-03   3.645750000E+00   1.800000000E-02 
                      3.705830000E+00   3.700000000E-02   3.775110000E+00   1.200000000E-02   3.797930000E+00   1.300000000E-02 
                      3.828430000E+00   3.300000000E-02   3.842430000E+00   1.800000000E-02   3.953060000E+00   2.400000000E-02 
                      4.054740000E+00   2.200000000E-02   4.093880000E+00   1.900000000E-02   4.137120000E+00   5.400000000E-02 
                      4.201100000E+00   8.400000000E-02   4.218460000E+00   1.320000000E-01   4.252130000E+00   9.700000000E-02 
                      4.800360000E+00   1.900000000E-01   4.929600000E+00   7.000000000E-02 
872310   Fr231        28
                      2.126100000E+00   2.400000000E-02   2.169900000E+00   1.400000000E-02   2.181800000E+00   9.000000000E-03 
                      2.206700000E+00   2.000000000E-02   2.265900000E+00   1.000000000E-02   2.761210000E+00   7.000000000E-03 
                      2.928900000E+00   2.800000000E-03   2.955690000E+00   9.000000000E-03   2.968100000E+00   4.000000000E-03 
                      2.970800000E+00   2.000000000E-03   3.065370000E+00   1.100000000E-02   3.103800000E+00   1.000000000E-02 
                      3.127200000E+00   1.900000000E-02   3.139500000E+00   5.000000000E-03   3.149140000E+00   2.400000000E-02 
                      3.159280000E+00   1.700000000E-02   3.253400000E+00   1.000000000E-03   3.279410000E+00   1.600000000E-02 
                      3.294600000E+00   1.400000000E-02   3.379710000E+00   4.500000000E-01   3.388640000E+00   1.000000000E-02 
                      3.396670000E+00   8.000000000E-03   3.441050000E+00   1.100000000E-02   3.445000000E+00   1.300000000E-03 
                      3.502670000E+00   3.200000000E-02   3.614380000E+00   2.800000000E-02   3.804500000E+00   3.000000000E-03 
                      3.833790000E+00   2.500000000E-01 
872320   Fr232        5
                      4.554000000E+00   3.400000000E-02   4.703800000E+00   1.800000000E-01   4.754800000E+00   1.700000000E-02 
                      5.236400000E+00   2.900000000E-01   5.424800000E+00   4.700000000E-01 
882250   Ra225        4
                      2.014000000E-01   5.000000000E-05   2.362000000E-01   5.000000000E-05   3.169100000E-01   6.950000000E-01 
                      3.570000000E-01   3.050000000E-01 
882270   Ra227        19
                      4.526000000E-01   2.000000000E-03   4.637001000E-01   2.000000000E-03   5.372001000E-01   3.000000000E-03 
                      6.287001000E-01   4.000000000E-03   6.882001000E-01   1.000000000E-02   7.645001000E-01   2.000000000E-02 
                      7.903001000E-01   4.000000000E-03   8.129000000E-01   3.000000000E-02   8.260001000E-01   2.000000000E-02 
                      8.919000000E-01   3.000000000E-02   8.989000000E-01   2.000000000E-03   9.016001000E-01   1.000000000E-02 
                      9.727001000E-01   8.000000000E-02   9.972301000E-01   1.100000000E-01   1.022600000E+00   4.000000000E-02 
                      1.054170000E+00   2.000000000E-02   1.242700000E+00   1.000000000E-02   1.280910000E+00   2.800000000E-01 
                      1.299930000E+00   3.600000000E-01 
882280   Ra228        4
                      1.273000000E-02   3.000000000E-01   2.561000000E-02   2.000000000E-01   3.913000000E-02   4.000000000E-01 
                      3.952000000E-02   1.000000000E-01 
882290   Ra229        2
                      1.090000000E+00   5.000000000E-02   1.810000000E+00   9.500000000E-01 
892260   Ac226        5
                      2.652000000E-01   9.199852000E-04   3.078000000E-01   7.099886000E-04   8.826300000E-01   4.899921000E-01 
                      1.040800000E+00   9.999840000E-02   1.113000000E+00   2.399961000E-01 
892270   Ac227        4
                      6.899998000E-03   3.000020000E-03   2.030000000E-02   1.000007000E-01   3.550000000E-02   3.500024000E-01 
                      4.480000000E-02   5.400037000E-01 
892280   Ac228        52
                      8.681006000E-02   6.900000000E-05   9.396009000E-02   2.600000000E-04   1.009601000E-01   6.100000000E-04 
                      1.102001000E-01   3.200000000E-05   1.136901000E-01   2.380000000E-03   1.363401000E-01   7.000000000E-04 
                      1.588201000E-01   1.320000000E-04   1.650801000E-01   3.800000000E-05   1.789050000E-01   3.070000000E-03 
                      1.866400000E-01   5.300000000E-04   1.952301000E-01   6.100000000E-04   2.171600000E-01   2.500000000E-04 
                      2.238501000E-01   6.900000000E-04   2.308041000E-01   1.090000000E-03   3.261500000E-01   5.100000000E-04 
                      3.279000000E-01   3.500000000E-04   3.635820000E-01   1.390000000E-03   3.655601000E-01   6.000000000E-04 
                      3.799100000E-01   3.780000000E-03   3.883501000E-01   1.490000000E-03   3.995171000E-01   1.930000000E-02 
                      4.354060000E-01   2.500000000E-02   4.399801000E-01   2.000000000E-03   4.409900000E-01   1.210000000E-02 
                      4.778461000E-01   4.120000000E-02   4.806751000E-01   8.200000000E-03   4.855160000E-01   1.230000000E-02 
                      5.060200000E-01   7.100000000E-04   5.354651000E-01   8.800000000E-02   5.845901000E-01   3.000000000E-04 
                      6.918211000E-01   1.600000000E-02   7.076901000E-01   6.000000000E-04   7.797221000E-01   2.080000000E-03 
                      8.263771000E-01   1.460000000E-02   8.972351000E-01   6.700000000E-03   9.484101000E-01   1.660000000E-03 
                      9.554251000E-01   3.390000000E-02   9.703330000E-01   6.000000000E-02   1.000849000E+00   6.670000000E-02 
                      1.063870000E+00   9.900000000E-04   1.101273000E+00   3.000000000E-02   1.107394000E+00   3.900000000E-03 
                      1.144301000E+00   2.380000000E-03   1.154832000E+00   3.100000000E-01   1.155431000E+00   1.800000000E-03 
                      1.179604000E+00   8.700000000E-04   1.249327000E+00   1.700000000E-03   1.727722000E+00   1.240000000E-01 
                      1.745621000E+00   1.470000000E-03   1.795797000E+00   7.200000000E-03   1.936977000E+00   6.000000000E-03 
                      2.066041000E+00   6.000000000E-02 
892290   Ac229        26
                      3.807100000E-01   5.700000000E-05   4.709900000E-01   3.100000000E-04   4.982200000E-01   8.500000000E-04 
                      5.062100000E-01   5.400000000E-05   5.215200000E-01   1.900000000E-04   5.547620000E-01   2.200000000E-02 
                      5.836100000E-01   1.100000000E-03   5.907440000E-01   4.200000000E-02   6.250300000E-01   2.200000000E-04 
                      6.332200000E-01   2.200000000E-03   6.814230000E-01   9.700000000E-03   7.106200000E-01   5.200000000E-03 
                      7.346701000E-01   9.000000000E-04   7.359900000E-01   9.700000000E-04   8.394516000E-01   3.600000000E-03 
                      8.428277000E-01   1.600000000E-03   8.714030000E-01   5.000000000E-03   8.980340000E-01   1.600000000E-02 
                      9.226289000E-01   2.400000000E-04   9.236500000E-01   1.600000000E-04   9.428415000E-01   1.700000000E-03 
                      9.954688000E-01   3.800000000E-02   1.011834000E+00   1.000000000E-03   1.013650000E+00   1.600000000E-02 
                      1.130808000E+00   3.300000000E-02   1.160000000E+00   7.900000000E-01 
892300   Ac230        43
                      5.310501000E-01   1.800000000E-03   5.856599000E-01   2.000000000E-03   6.013999000E-01   9.000000000E-04 
                      6.170000000E-01   3.600000000E-03   7.481599000E-01   7.200000000E-03   7.667800000E-01   3.900000000E-03 
                      7.772099000E-01   1.000000000E-02   8.215401000E-01   3.600000000E-03   8.752400000E-01   3.900000000E-03 
                      8.898500000E-01   5.200000000E-03   8.990899000E-01   3.700000000E-03   9.265401000E-01   4.800000000E-03 
                      9.329700000E-01   6.600000000E-03   9.501100000E-01   1.800000000E-02   9.973001000E-01   9.300000000E-03 
                      1.041700000E+00   5.000000000E-04   1.050330000E+00   4.100000000E-03   1.060390000E+00   9.000000000E-04 
                      1.089240000E+00   1.600000000E-02   1.110600000E+00   2.500000000E-04   1.124760000E+00   2.200000000E-02 
                      1.129240000E+00   7.600000000E-03   1.155070000E+00   5.900000000E-03   1.204290000E+00   4.500000000E-03 
                      1.261410000E+00   4.200000000E-03   1.310100000E+00   7.000000000E-04   1.326490000E+00   1.900000000E-03 
                      1.414340000E+00   3.100000000E-03   1.499080000E+00   3.500000000E-02   1.524680000E+00   2.600000000E-02 
                      1.602830000E+00   4.100000000E-02   1.820560000E+00   1.000000000E-04   1.887960000E+00   3.000000000E-03 
                      1.890230000E+00   2.800000000E-03   1.928250000E+00   2.500000000E-04   1.948010000E+00   1.100000000E-02 
                      2.118610000E+00   7.700000000E-03   2.222360000E+00   1.600000000E-03   2.265050000E+00   1.200000000E-02 
                      2.328200000E+00   5.500000000E-03   2.391820000E+00   1.000000000E-01   2.846750000E+00   2.000000000E-01 
                      2.900000000E+00   3.900000000E-01 
892310   Ac231        3
                      1.506560000E+00   6.200000000E-02   1.545480000E+00   8.600000000E-01   1.878620000E+00   8.000000000E-02 
892320   Ac232        16
                      1.692000000E+00   9.000000000E-02   1.722000000E+00   6.000000000E-02   1.752000000E+00   1.400000000E-01 
                      1.820000000E+00   6.000000000E-02   2.058200000E+00   6.000000000E-02   2.263000000E+00   4.900000000E-02 
                      2.577200000E+00   5.200000000E-02   2.594300000E+00   1.100000000E-02   2.621300000E+00   1.200000000E-02 
                      2.622500000E+00   2.100000000E-02   2.627100000E+00   2.000000000E-02   2.914800000E+00   3.900000000E-02 
                      2.925700000E+00   5.300000000E-02   2.925900000E+00   7.000000000E-03   2.985700000E+00   1.820000000E-01 
                      3.700000000E+00   1.500000000E-01 
892330   Ac233        2
                      2.260400000E+00   9.500000000E-01   2.800000000E+00   5.000000000E-02 
902310   Th231        13
                      3.886002000E-02   3.000000000E-05   7.049100000E-02   6.500000000E-04   7.275000000E-02   7.800000000E-06 
                      1.433800000E-01   2.800000000E-02   1.724600000E-01   3.000000000E-03   2.072038000E-01   1.280000000E-01 
                      2.165390000E-01   1.300000000E-02   2.884308000E-01   1.200000000E-01   2.892908000E-01   4.000000000E-01 
                      3.064852000E-01   3.300000000E-01   3.130150000E-01   1.650000000E-03   3.321301000E-01   1.650000000E-03 
                      3.907000000E-01   2.200000000E-04 
902330   Th233        15
                      2.244000000E-01   5.600000000E-04   2.583000000E-01   3.200000000E-03   4.315000000E-01   5.400000000E-03 
                      4.785500000E-01   1.580000000E-02   5.731999000E-01   2.000000000E-04   6.576000000E-01   2.200000000E-03 
                      6.892200000E-01   1.700000000E-02   7.886999000E-01   2.700000000E-03   7.953199000E-01   1.180000000E-02 
                      9.858000000E-01   8.000000000E-04   1.041480000E+00   4.000000000E-04   1.073941000E+00   9.000000000E-03 
                      1.148440000E+00   1.600000000E-01   1.236450000E+00   5.000000000E-01   1.243100000E+00   3.000000000E-01 
902340   Th234        5
                      8.627001000E-02   1.500000000E-02   9.572999000E-02   1.500000000E-04   1.062800000E-01   6.400000000E-02 
                      1.067000000E-01   1.400000000E-01   1.990800000E-01   7.800000000E-01 
902350   Th235        6
                      1.164300000E+00   7.000000000E-03   1.172100000E+00   1.500000000E-02   1.192900000E+00   1.400000000E-02 
                      1.451200000E+00   2.800000000E-02   1.575400000E+00   3.000000000E-03   1.920000000E+00   9.300000000E-01 
902360   Th236        6
                      4.219000000E-01   1.320000000E-02   5.192000000E-01   5.200000000E-03   7.598000000E-01   6.900000000E-02 
                      8.726000000E-01   1.000000000E-02   9.892000000E-01   9.000000000E-02   1.100000000E+00   8.000000000E-01 
912300   Pa230        3
                      1.248000000E-01   4.600000000E-04   1.933500000E-01   1.500000000E-03   5.082600000E-01   7.600000000E-02 
912320   Pa232        12
                      1.257000000E-01   8.600000000E-04   1.640000000E-01   2.100000000E-03   2.041000000E-01   3.400000000E-04 
                      2.861000000E-01   2.450000000E-01   3.201400000E-01   7.300000000E-01   4.255100000E-01   2.000000000E-03 
                      5.045000000E-01   8.000000000E-05   6.451000000E-01   3.000000000E-04   7.080300000E-01   4.000000000E-03 
                      1.015400000E+00   7.400000000E-04   1.180430000E+00   8.000000000E-03   1.289420000E+00   7.000000000E-03 
912330   Pa233        6
                      1.543420000E-01   2.670000000E-01   1.716050000E-01   1.620000000E-01   2.296220000E-01   2.600000000E-01 
                      2.581960000E-01   2.400000000E-01   2.712900000E-01   6.000000000E-04   5.701000000E-01   8.800000000E-02 
912340   Pa234        54
                      5.000000000E-02   4.300000000E-03   7.830005000E-02   2.200000000E-03   9.260009000E-02   6.700000000E-04 
                      1.252000000E-01   4.200000000E-03   1.278000000E-01   1.460000000E-03   1.569000000E-01   5.700000000E-04 
                      1.605000000E-01   9.400000000E-03   1.742000000E-01   1.170000000E-03   1.936000000E-01   1.260000000E-03 
                      2.128000000E-01   6.100000000E-03   2.252000000E-01   4.500000000E-04   2.352000000E-01   4.600000000E-03 
                      2.535000000E-01   3.700000000E-03   2.665000000E-01   2.300000000E-03   2.776999000E-01   2.100000000E-03 
                      3.123001000E-01   2.600000000E-03   3.309000000E-01   2.900000000E-04   3.501000000E-01   1.700000000E-03 
                      3.824000000E-01   1.640000000E-02   4.009000000E-01   4.200000000E-03   4.098001000E-01   6.300000000E-04 
                      4.114000000E-01   8.000000000E-02   4.231999000E-01   1.340000000E-03   4.321000000E-01   3.000000000E-02 
                      4.558001000E-01   8.100000000E-03   4.566000000E-01   1.200000000E-02   4.706000000E-01   3.400000000E-01 
                      4.711000000E-01   1.290000000E-01   5.006000000E-01   7.300000000E-02   5.403001000E-01   9.900000000E-03 
                      5.440000000E-01   1.900000000E-03   5.745000000E-01   3.600000000E-04   6.051999000E-01   4.000000000E-03 
                      6.123001000E-01   5.000000000E-04   6.414000000E-01   2.040000000E-01   6.503001000E-01   1.000000000E-03 
                      6.566999000E-01   5.000000000E-03   6.606999000E-01   2.600000000E-03   6.916000000E-01   2.600000000E-03 
                      6.979000000E-01   1.400000000E-02   7.078001000E-01   1.200000000E-03   7.465000000E-01   1.100000000E-03 
                      8.818001000E-01   1.200000000E-03   9.793001000E-01   1.800000000E-03   9.991999000E-01   1.700000000E-02 
                      1.066500000E+00   3.000000000E-02   1.103100000E+00   1.180000000E-02   1.124700000E+00   3.950000000E-02 
                      1.170100000E+00   4.800000000E-02   1.170200000E+00   2.700000000E-02   1.204600000E+00   2.000000000E-02 
                      1.225600000E+00   1.050000000E-02   1.231400000E+00   2.000000000E-03   1.246400000E+00   4.000000000E-03 
912341   Pa234m1      24
                      3.039999000E-01   3.899990000E-05   3.371399000E-01   9.699975000E-05   3.627999000E-01   5.079987000E-04 
                      3.990199000E-01   2.559993000E-04   4.107499000E-01   3.199991000E-05   4.648999000E-01   1.489996000E-04 
                      4.774999000E-01   2.199994000E-05   4.926299000E-01   3.549990000E-04   5.800999000E-01   2.499993000E-05 
                      6.064999000E-01   6.099984000E-05   6.720899000E-01   1.259996000E-05   6.815199000E-01   2.329994000E-04 
                      7.032899000E-01   1.939995000E-05   7.202099000E-01   3.209991000E-04   7.728999000E-01   1.269996000E-04 
                      8.387899000E-01   9.699975000E-05   1.036550000E+00   1.089997000E-04   1.099800000E+00   4.499988000E-05 
                      1.147530000E+00   4.299989000E-05   1.229361000E+00   1.001997000E-02   1.284511000E+00   8.999977000E-05 
                      1.463940000E+00   9.479975000E-03   1.487588000E+00   5.899984000E-04   2.273900000E+00   9.756975000E-01 
912360   Pa236        19
                      6.731001000E-01   1.800000000E-03   7.446001000E-01   1.100000000E-02   8.135000000E-01   2.600000000E-02 
                      9.189000000E-01   1.800000000E-02   9.209000000E-01   3.300000000E-02   9.274000000E-01   2.000000000E-02 
                      1.034600000E+00   6.000000000E-03   1.092100000E+00   8.200000000E-02   1.237600000E+00   1.900000000E-02 
                      1.295200000E+00   5.700000000E-02   1.628900000E+00   3.500000000E-03   1.789300000E+00   2.200000000E-02 
                      1.912300000E+00   1.000000000E-02   1.933400000E+00   2.200000000E-02   1.942000000E+00   2.600000000E-03 
                      1.980700000E+00   5.100000000E-03   2.212430000E+00   4.700000000E-01   2.854756000E+00   1.000000000E-01 
                      2.900000000E+00   1.000000000E-01 
912370   Pa237        8
                      8.426000000E-01   2.700000000E-03   9.053001000E-01   2.700000000E-03   1.346700000E+00   5.100000000E-03 
                      1.385000000E+00   5.300000000E-01   1.516000000E+00   2.100000000E-02   1.695100000E+00   9.000000000E-03 
                      1.709300000E+00   2.400000000E-01   2.250000000E+00   1.900000000E-01 
922370   U237         5
                      1.476700000E-01   8.000000000E-03   1.862150000E-01   3.400000000E-02   2.372320000E-01   5.100000000E-01 
                      2.510390000E-01   4.200000000E-01   4.590550000E-01   3.000000000E-02 
922390   U239         14
                      6.634998000E-02   3.000000000E-05   1.665100000E-01   1.400000000E-04   2.231300000E-01   1.500000000E-04 
                      2.498600000E-01   5.000000000E-05   2.713420000E-01   3.400000000E-04   2.992660000E-01   2.200000000E-03 
                      4.194000000E-01   2.500000000E-03   4.442400000E-01   2.600000000E-03   5.682710000E-01   1.900000000E-04 
                      6.012180000E-01   2.700000000E-03   1.145773000E+00   1.960000000E-02   1.188836000E+00   6.900000000E-01 
                      1.232369000E+00   9.400000000E-02   1.263500000E+00   1.870000000E-01 
922400   U240         9
                      8.020002000E-02   1.500000000E-04   8.520002000E-02   5.000000000E-05   1.000000000E-01   4.500000000E-03 
                      1.903000000E-01   1.750000000E-02   2.684000000E-01   8.500000000E-04   2.693000000E-01   1.250000000E-02 
                      2.974000000E-01   7.000000000E-04   3.358300000E-01   2.500000000E-01   3.800000000E-01   7.500000000E-01 
922420   U242         7
                      5.594000000E-01   4.200000000E-02   6.017000000E-01   8.000000000E-03   8.703000000E-01   1.300000000E-02 
                      9.061000000E-01   1.000000000E-03   1.132400000E+00   1.300000000E-01   1.144420000E+00   3.500000000E-02 
                      1.200000000E+00   7.900000000E-01 
932360   Np236        1
                      1.742300000E-01   1.350000000E-01 
932361   Np236m1      2
                      4.913700000E-01   1.000000000E-01   5.360000000E-01   4.000000000E-01 
932380   Np238        9
                      8.954004000E-02   5.000000000E-03   2.220570000E-01   1.147000000E-01   2.634550000E-01   4.480000000E-01 
                      3.065500000E-01   5.540000000E-03   3.088900000E-01   2.300000000E-03   3.292290000E-01   1.255000000E-02 
                      6.305600000E-01   3.840000000E-04   6.868500000E-01   1.020000000E-03   1.247923000E+00   4.100000000E-01 
932390   Np239        8
                      1.656000000E-01   3.000000000E-05   2.099900000E-01   1.590000000E-02   2.166000000E-01   7.400000000E-05 
                      2.296000000E-01   2.000000000E-04   3.302140000E-01   4.200000000E-01   3.916750000E-01   7.000000000E-02 
                      4.363400000E-01   4.500000000E-01   7.139389000E-01   2.000000000E-02 
932400   Np240        13
                      8.792500000E-01   6.873000000E-01   9.555200000E-01   2.610000000E-03   1.010620000E+00   7.830000000E-02 
                      1.026460000E+00   2.175000000E-02   1.072460000E+00   7.395000000E-02   1.111770000E+00   4.350000000E-03 
                      1.150490000E+00   4.350000000E-02   1.157490000E+00   2.175000000E-02   1.186060000E+00   1.131000000E-02 
                      1.229200000E+00   1.131000000E-02   1.445650000E+00   2.175000000E-02   1.539140000E+00   8.700000000E-03 
                      1.893660000E+00   1.305000000E-02 
932401   Np240m1      29
                      9.037012000E-02   3.795440000E-05   2.115800000E-01   7.990400000E-05   2.534900000E-01   5.493400000E-04 
                      2.901999000E-01   1.298440000E-04   3.999800000E-01   2.996400000E-04   4.118400000E-01   4.095080000E-04 
                      4.327300000E-01   4.994000000E-05   4.975699000E-01   8.389920000E-04   5.746300000E-01   2.596880000E-03 
                      6.002800000E-01   6.991600000E-04   6.491300000E-01   3.096280000E-03   6.683299000E-01   2.297240000E-02 
                      6.821400000E-01   1.598080000E-03   7.198299000E-01   5.793040000E-03   7.695501000E-01   3.595680000E-03 
                      7.972400000E-01   1.997600000E-03   8.868900000E-01   3.395920000E-04   9.671999000E-01   9.988000000E-05 
                      9.851100000E-01   2.796640000E-04   1.071030000E+00   1.398320000E-04   1.077050000E+00   1.797840000E-03 
                      1.118550000E+00   9.988000000E-04   1.249160000E+00   1.258488000E-02   1.269950000E+00   1.398320000E-02 
                      1.307680000E+00   3.795440000E-02   1.347290000E+00   2.497000000E-02   1.610650000E+00   3.096280000E-01 
                      2.165176000E+00   4.194960000E-01   2.208000000E+00   9.988000000E-02 
932410   Np241        8
                      3.803000000E-01   8.000000000E-04   4.751600000E-01   1.200000000E-03   7.485800000E-01   2.800000000E-03 
                      7.911900000E-01   4.200000000E-03   9.055500000E-01   2.700000000E-03   1.134950000E+00   3.070000000E-01 
                      1.268030000E+00   1.000000000E-02   1.310000000E+00   7.000000000E-01 
932420   Np242        16
                      3.686999000E-01   1.600000000E-02   4.540000000E-01   1.100000000E-03   7.301000000E-01   7.800000000E-03 
                      7.501999000E-01   1.100000000E-02   7.964000000E-01   8.000000000E-03   8.259000000E-01   1.400000000E-02 
                      8.286000000E-01   2.000000000E-03   1.182400000E+00   2.200000000E-02   1.272000000E+00   4.000000000E-03 
                      1.299000000E+00   9.000000000E-03   1.518400000E+00   8.500000000E-03   1.545500000E+00   5.000000000E-03 
                      1.660800000E+00   5.000000000E-04   1.707500000E+00   8.000000000E-04   1.919550000E+00   4.900000000E-02 
                      2.700000000E+00   8.300000000E-01 
942410   Pu241        1
                      2.078000000E-02   9.999760000E-01 
942430   Pu243        9
                      4.690002000E-02   3.100000000E-04   1.137000000E-01   1.270000000E-02   1.723000000E-01   1.200000000E-05 
                      4.359000000E-01   3.500000000E-02   4.702000000E-01   5.000000000E-02   4.830000000E-01   1.150000000E-02 
                      4.954000000E-01   2.100000000E-01   5.372000000E-01   8.900000000E-02   5.794000000E-01   5.900000000E-01 
942450   Pu245        12
                      9.240002000E-02   1.200000000E-03   1.668000000E-01   7.000000000E-03   2.127000000E-01   1.700000000E-02 
                      2.537800000E-01   1.100000000E-02   2.904900000E-01   2.900000000E-02   3.204700000E-01   8.500000000E-02 
                      3.569900000E-01   2.300000000E-02   3.905300000E-01   1.500000000E-01   8.024800000E-01   4.100000000E-03 
                      8.821300000E-01   3.900000000E-02   9.505720000E-01   5.300000000E-01   1.230930000E+00   1.000000000E-01 
942460   Pu246        5
                      1.016300000E-01   5.000000000E-02   1.682300000E-01   5.000000000E-03   1.772600000E-01   9.100000000E-01 
                      3.571900000E-01   5.000000000E-02   4.010000000E-01   1.000000000E-02 
952420   Am242        2
                      6.223700000E-01   4.548500000E-01   6.645000000E-01   3.721500000E-01 
952440   Am244        1
                      3.871121000E-01   1.000000000E+00 
952441   Am244m1      6
                      4.082899000E-01   3.598700000E-03   4.300189000E-01   5.597978000E-03   4.934399000E-01   1.699386000E-03 
                      5.292859000E-01   1.479465000E-02   1.471235000E+00   2.699025000E-01   1.514200000E+00   7.097436000E-01 
952450   Am245        4
                      5.994000000E-01   6.600000000E-02   6.422800000E-01   1.500000000E-01   8.402500000E-01   4.000000000E-03 
                      8.950000000E-01   7.800000000E-01 
952460   Am246        1
                      1.197400000E+00   1.000000000E+00 
952461   Am246m1      53
                      2.095801000E-01   1.100000000E-04   2.349500000E-01   4.600000000E-05   3.484900000E-01   1.500000000E-04 
                      3.976500000E-01   1.800000000E-04   4.339100000E-01   8.000000000E-05   4.564399000E-01   1.600000000E-04 
                      4.716801000E-01   6.000000000E-05   4.748800000E-01   1.800000000E-05   4.796700000E-01   2.200000000E-04 
                      4.829200000E-01   2.000000000E-04   4.942400000E-01   5.900000000E-04   5.054800000E-01   3.600000000E-04 
                      5.107900000E-01   2.900000000E-04   5.244301000E-01   5.900000000E-04   5.442700000E-01   1.000000000E-04 
                      5.592400000E-01   2.400000000E-04   6.001899000E-01   2.800000000E-03   6.686100000E-01   2.600000000E-04 
                      7.001899000E-01   1.700000000E-03   7.099900000E-01   4.400000000E-03   7.193500000E-01   3.600000000E-03 
                      7.218101000E-01   4.100000000E-04   7.474700000E-01   6.900000000E-03   7.520799000E-01   7.000000000E-05 
                      7.595000000E-01   9.800000000E-03   7.768299000E-01   2.070000000E-03   7.797600000E-01   9.600000000E-03 
                      7.873101000E-01   1.930000000E-02   8.072600000E-01   7.500000000E-04   8.550699000E-01   1.780000000E-02 
                      8.717099000E-01   5.300000000E-04   9.025699000E-01   1.080000000E-03   9.291100000E-01   1.090000000E-03 
                      1.001770000E+00   2.600000000E-04   1.014370000E+00   1.200000000E-02   1.032140000E+00   5.500000000E-02 
                      1.040800000E+00   3.700000000E-04   1.063430000E+00   2.800000000E-03   1.080550000E+00   2.000000000E-04 
                      1.131230000E+00   4.900000000E-03   1.170470000E+00   4.100000000E-04   1.206260000E+00   1.700000000E-04 
                      1.215510000E+00   1.000000000E-04   1.252980000E+00   1.800000000E-02   1.256720000E+00   2.400000000E-03 
                      1.276140000E+00   1.400000000E-01   1.302150000E+00   3.730000000E-01   1.504550000E+00   6.900000000E-02 
                      1.539320000E+00   1.610000000E-01   2.086100000E+00   1.000000000E-04   2.238990000E+00   5.000000000E-03 
                      2.338149000E+00   3.500000000E-02   2.381000000E+00   3.500000000E-02 
952470   Am247        3
                      1.334590000E+00   6.800000000E-01   1.392620000E+00   2.900000000E-01   1.620000000E+00   3.000000000E-02 
962490   Cm249        6
                      2.384000000E-01   3.700000000E-03   2.569000000E-01   1.900000000E-02   3.308000000E-01   1.040000000E-02 
                      3.419000000E-01   7.500000000E-04   5.224000000E-01   4.600000000E-03   8.912000000E-01   9.650000000E-01 
962510   Cm251        8
                      4.416000000E-01   1.700000000E-02   8.575000000E-01   3.300000000E-02   8.774000000E-01   1.400000000E-01 
                      9.818000000E-01   2.000000000E-02   9.978000000E-01   3.500000000E-02   1.108300000E+00   5.400000000E-03 
                      1.150900000E+00   2.000000000E-02   1.420000000E+00   7.300000000E-01 
972481   Bk248m1      3
                      2.978000000E-01   5.005000000E-02   8.484700000E-01   2.002000000E-01   8.900000000E-01   4.504500000E-01 
972490   Bk249        1
                      1.240000000E-01   1.000000000E+00 
972500   Bk250        19
                      8.484998000E-02   1.500000000E-05   1.220000000E-01   1.170000000E-03   3.531400000E-01   7.600000000E-05 
                      3.686700000E-01   3.400000000E-05   3.945000000E-01   3.900000000E-05   4.834000000E-01   2.100000000E-04 
                      5.134000000E-01   8.000000000E-05   5.355000000E-01   6.500000000E-05   5.618001000E-01   6.700000000E-05 
                      5.700300000E-01   2.700000000E-04   5.906100000E-01   1.610000000E-04   6.044800000E-01   5.900000000E-04 
                      6.257600000E-01   1.500000000E-05   7.086300000E-01   6.230000000E-02   7.481479000E-01   8.340000000E-01 
                      9.084300000E-01   6.000000000E-04   1.638125000E+00   3.500000000E-03   1.737279000E+00   4.900000000E-02 
                      1.780000000E+00   4.900000000E-02 
972510   Bk251        3
                      8.810000000E-01   5.000000000E-02   9.150000000E-01   9.000000000E-01   1.093000000E+00   5.000000000E-02 
982530   Cf253        2
                      2.406000000E-01   4.999952000E-01   2.870000000E-01   4.999952000E-01 
